Price,Close,High,Low,Open,Volume
Ticker,TCS.NS,TCS.NS,TCS.NS,TCS.NS,TCS.NS
Date,,,,,
2002-08-12,26.29793357849121,26.496658008168833,25.65207602339116,25.65207602339116,212976
2002-08-13,25.94188117980957,26.75334278363243,25.751437476123137,26.33105182446031,153576
2002-08-14,24.15336799621582,25.99985338851815,23.66483369763524,25.99985338851815,822776
2002-08-15,24.15336799621582,24.15336799621582,24.15336799621582,24.15336799621582,0
2002-08-16,24.095401763916016,25.171828646840098,23.68139142432983,24.029161120349656,811856
2002-08-19,23.499231338500977,24.294131881069372,23.275667219194318,24.294131881069372,205880
2002-08-20,24.15336799621582,25.65208363815892,23.507510249394244,23.66483369763524,3773624
2002-08-21,25.337434768676758,25.96673103955706,24.19476715262159,25.486477491842642,3011064
2002-08-22,26.430423736572266,27.539971052384566,26.041252967624025,26.17373679494165,6732480
2002-08-23,28.020235061645508,28.897937981363174,26.339353146849977,26.662280888249118,4841672
2002-08-26,27.92085838317871,28.649515571928536,27.697291788468483,28.467350011281788,2576912
2002-08-27,27.225313186645508,29.311925869477204,26.99346845607223,28.152697162774718,3694224
2002-08-28,27.250164031982422,27.55653020057257,26.687108392522475,27.142519815786812,1674960
2002-08-29,27.250164031982422,27.738695780645845,26.99347708803148,27.084559878068116,1236544
2002-08-30,29.1794376373291,29.891535668329343,27.32467249459469,27.332953203764465,3762384
2002-09-02,29.477540969848633,30.45460451931759,29.17945297151131,29.64314513260059,2389568
2002-09-03,28.094738006591797,29.767340632893042,27.821492218781813,29.643137542630623,986784
2002-09-04,28.707469940185547,28.980715677232304,27.415757536045334,27.73868500535092,1449856
2002-09-05,28.533605575561523,29.717674653312336,28.152715391353393,29.585190781380856,1061360
2002-09-06,27.473724365234375,28.6495147079464,27.16735823855484,28.6495147079464,907472
2002-09-09,27.117677688598633,28.276906658492926,26.165453891899748,26.165453891899748,880848
2002-09-10,27.117677688598633,27.117677688598633,27.117677688598633,27.117677688598633,0
2002-09-11,27.804922103881836,28.28517541891552,27.26670888099554,27.26670888099554,635936
2002-09-12,27.945690155029297,28.63294611696361,27.75524646251773,28.14441455741482,781968
2002-09-13,27.150793075561523,27.970532907022534,26.91894833449394,26.96863007241361,338264
2002-09-16,26.6208553314209,27.556517354075467,26.413850235531157,27.40747469580192,288592
2002-09-17,27.399206161499023,27.57309102469618,27.01003792444888,27.101118185578006,462952
2002-09-18,26.554624557495117,27.324682788962058,26.331057960272528,27.241880719904596,315432
2002-09-19,26.33104705810547,27.208749132092496,25.9998389190098,26.33104705810547,490848
2002-09-20,25.900493621826172,26.28138375415995,25.27947792571219,25.38712216252355,501072
2002-09-23,25.46163558959961,26.148891734583984,25.353993913321567,26.082651091784964,248504
2002-09-24,24.600492477416992,25.370550622960362,24.327244163865423,25.370550622960362,267912
2002-09-25,24.79094123840332,25.006227143031733,23.84699807017596,24.029163649535118,379544
2002-09-26,25.180112838745117,25.577561808905315,25.00622796670543,25.304315957785043,178136
2002-09-27,25.486469268798828,25.834238879871982,25.097301160797688,25.097301160797688,206288
2002-09-30,24.559099197387695,25.48648104384729,24.029166352708053,25.097312756045906,202232
2002-10-01,24.352088928222656,25.006224766056985,23.92979787215387,24.67501649100987,240192
2002-10-02,24.352088928222656,24.352088928222656,24.352088928222656,24.352088928222656,0
2002-10-03,25.0062198638916,26.33105270436268,24.675011653773833,24.675011653773833,673264
2002-10-04,24.848899841308594,25.41195286414431,24.592212938252903,25.337431512139354,258296
2002-10-07,24.741252899169922,25.171824593778133,24.52596957878399,25.014501195450652,110976
2002-10-08,25.411951065063477,25.652076527598677,24.675013255109953,24.815777764312454,227352
2002-10-09,24.76609992980957,25.908767498303476,24.550814039927317,25.503037855978462,277040
2002-10-10,24.79094123840332,25.503039602827066,24.26928916638576,25.503039602827066,173224
2002-10-11,25.31258773803711,25.792838618071876,25.246344581775674,25.486470021793057,192536
2002-10-14,25.130430221557617,25.834247871914254,24.890304705055,25.78456612062296,152744
2002-10-15,25.130430221557617,25.130430221557617,25.130430221557617,25.130430221557617,0
2002-10-16,25.180112838745117,28.334872567743062,25.022789393344993,28.334872567743062,247760
2002-10-17,25.180112838745117,25.33743628414524,24.85718523462509,25.33743628414524,144512
2002-10-18,25.71003532409668,26.44697302929107,25.362265719573617,25.6686343010305,512312
2002-10-21,26.10748291015625,26.985185063372946,25.999841266000438,26.314488015777275,646296
2002-10-22,25.16354751586914,26.3310571594551,25.00622409482843,26.3310571594551,229384
2002-10-23,25.047618865966797,25.635513896799516,24.85717517130677,25.33742602639947,153320
2002-10-24,24.6087703704834,25.403668032169946,24.44316626981236,25.320865981834427,168744
2002-10-25,24.103683471679688,24.567375576552458,24.02916211285983,24.178204830499546,172296
2002-10-28,23.74762535095215,24.178196993103327,23.548900949543093,23.929790859612538,134504
2002-10-29,23.95463752746582,24.14508380213042,23.548907895147007,23.681391710800945,143024
2002-10-30,24.360376358032227,24.799226432718285,24.012606562565285,24.17821074575539,164320
2002-10-31,24.741252899169922,24.840616375438948,24.376924364380454,24.50940815709976,118928
2002-11-01,24.484580993652344,25.271200911939133,24.352097133609625,24.857190428630297,108792
2002-11-04,24.66673469543457,24.840619537581336,24.47629095641384,24.840619537581336,56560
2002-11-05,24.401765823364258,24.72469332194782,24.244439902461153,24.43488613890035,70288
2002-11-06,24.401765823364258,24.40176582336426,24.40176582336426,24.40176582336426,0
2002-11-07,25.155277252197266,26.165463894328415,24.84063027942571,24.84063027942571,204880
2002-11-08,24.71641731262207,24.997943838604904,24.525973566876836,24.675016278597575,77664
2002-11-11,24.343807220458984,24.84061961271325,24.294125475849857,24.84061961271325,66568
2002-11-12,24.4680118560791,24.84062117368437,24.178204609052784,24.178204609052784,106864
2002-11-13,24.261003494262695,24.658452370090792,24.12851969334722,24.592211733092217,106264
2002-11-14,24.59221839904785,25.10559231915585,24.269290784040116,24.64190015372266,211856
2002-11-15,25.12215232849121,25.279475786140882,24.840625742130886,25.13871375642028,154144
2002-11-18,25.37883949279785,25.66036608129824,25.064192575106674,25.337438449579583,217672
2002-11-19,25.37883949279785,25.378839492797848,25.378839492797848,25.378839492797848,0
2002-11-20,26.21513557434082,26.413860034735674,25.33743313676839,25.33743313676839,406128
2002-11-21,28.483915328979492,29.62658301454889,26.703670620918274,26.703670620918274,2664024
2002-11-22,28.045059204101562,29.924664481539807,27.41576303214174,27.41576303214174,1184016
2002-11-25,27.995384216308594,28.616399826577553,27.655895177311095,28.318311828264655,428920
2002-11-26,27.82977294921875,28.781996641881957,27.67244954016241,28.23550253896984,367496
2002-11-27,27.241878509521484,28.31830531992811,27.084555096461123,28.31830531992811,301128
2002-11-28,28.351425170898438,28.964159916696097,27.498564953670147,27.506845665150866,447680
2002-11-29,28.351425170898438,28.351425170898438,28.351425170898438,28.351425170898438,0
2002-12-02,31.390270233154297,32.45841660059623,29.460980179263352,29.725947856158285,1388680
2002-12-03,33.18705368041992,34.72717199332856,30.984521633127645,32.1271886731051,4082608
2002-12-04,32.077518463134766,33.90744454725943,31.63866854325384,32.60745115702449,2594928
2002-12-05,32.88899612426758,33.85777920738052,31.878809462984375,31.878809462984375,1720264
2002-12-06,33.7501220703125,34.23037303470847,32.880700391137445,33.45203413206878,1139968
2002-12-09,32.12718963623047,34.26348113220247,31.812542913446787,33.617626268839096,975768
2002-12-10,32.8641357421875,33.452030849127596,31.315738800717927,31.547583548310925,837808
2002-12-11,34.41254806518555,35.762221080463995,33.61764751992179,33.78325169489677,3286400
2002-12-12,34.694068908691406,35.77049586767228,34.44566268738812,34.44566268738812,2568024
2002-12-13,34.8348274230957,35.55520382419515,34.62782227446052,35.10807320852682,1112288
2002-12-16,33.33611297607422,35.55520738064337,33.137388518890475,35.273680855723185,1231456
2002-12-17,32.7233772277832,33.965408207680056,32.39216896647738,33.965408207680056,855656
2002-12-18,32.416996002197266,33.60106406635087,32.19342950175993,33.08769297659175,618096
2002-12-19,35.157752990722656,36.01889385568176,32.70681166205585,33.07114019797106,3770256
2002-12-20,35.44755935668945,36.399782965168825,34.77686222272471,35.6048827518372,2952072
2002-12-23,34.18898010253906,35.61317696328556,33.9488545634497,35.604896249471636,1277744
2002-12-24,35.59661102294922,35.77049588332134,34.15585544414364,34.28005855484962,1729840
2002-12-25,35.59661102294922,35.59661102294922,35.59661102294922,35.59661102294922,0
2002-12-26,36.6068000793457,37.062211519419876,35.2736860857448,35.86986207260947,2894448
2002-12-27,35.77876663208008,37.012516682789446,35.62972142458916,36.86347400221658,956984
2002-12-30,37.857093811035156,38.23798117463053,34.950741693032604,35.77048138608006,4253744
2002-12-31,39.81950759887695,40.46536514167213,37.09532050469691,38.10550658277958,9998480
2003-01-01,40.46535873413086,41.053251207861386,39.736699252018255,39.736699252018255,6027072
2003-01-02,38.61888885498047,41.68256575535242,38.36220190659255,40.75518399355333,5325328
2003-01-03,39.09085464477539,40.440527267712916,38.75136567938004,39.744990440389785,4198040
2003-01-06,37.93162536621094,39.86919312483808,37.6749384668771,39.69530828806881,4121520
2003-01-07,37.49277114868164,38.751363451020566,37.136723307228046,38.42015521639646,2650800
2003-01-08,38.83415603637695,39.18192560866382,37.708047807976946,37.989574233347525,2648456
2003-01-09,39.21506118774414,39.84435743042926,38.71824876355883,39.082577369244326,2630400
2003-01-10,36.81380081176758,39.74499358314046,36.60679563685539,39.74499358314046,1702816
2003-01-13,37.186405181884766,37.59213476537854,35.93609358628697,37.24436510700199,2421496
2003-01-14,37.683231353759766,38.83417988988861,37.426544371491794,37.57558712149553,2239360
2003-01-15,38.43672180175781,38.8341707259252,37.77430524353307,37.989588603421204,2759760
2003-01-16,38.98321533203125,39.87747924517109,38.105515371336715,38.72653092480101,2842656
2003-01-17,38.10550308227539,39.08256622718791,37.93989898809239,38.50295189754741,1284144
2003-01-20,36.88832092285156,38.072389472570734,36.61507511196823,37.923346762437745,928872
2003-01-21,35.92781448364258,37.46793335453879,35.77049106996853,36.938000658885905,1147240
2003-01-22,36.08512496948242,36.929706716822494,35.820159980041375,36.23417014502817,1081352
2003-01-23,34.76030731201172,36.085140406734126,34.29661775039375,35.60488942066469,1001872
2003-01-24,33.518280029296875,35.422727815664174,33.046309702739784,34.85967469828835,1436848
2003-01-27,31.183256149291992,33.10426241577157,30.65332347326033,31.795990884919803,916832
2003-01-28,33.36094284057617,33.61762968096216,30.636756113192117,31.88706747616812,2043224
2003-01-29,32.416996002197266,33.94883361660505,32.16030919385894,33.46858283474691,1370440
2003-01-30,32.9138298034668,33.8494923820807,32.30937557507646,32.30937557507646,1203464
2003-01-31,32.11892318725586,33.19535012204398,31.91191800748891,32.29280804364383,1083040
2003-02-03,34.56985092163086,34.760294598575776,32.209992834765046,32.334195891968506,1566808
2003-02-04,33.48514938354492,35.422716898440555,33.12910157007281,34.61125779815067,1311144
2003-02-05,32.8641357421875,33.452030849127596,32.35076450768351,32.95521850978412,845080
2003-02-06,33.52656936645508,33.717015710231465,32.541224894128725,32.91383433948134,946624
2003-02-07,33.203617095947266,34.38768522351448,32.831007926541375,33.21189780509537,1023440
2003-02-10,32.10235595703125,33.26986284636172,31.99471177533969,32.78961196471643,449688
2003-02-11,31.812543869018555,32.946930268427685,31.630378375460882,32.12719060125346,701960
2003-02-12,31.390270233154297,32.29281243426666,31.150144697360226,32.14376969533766,459064
2003-02-13,31.390270233154297,31.390270233154297,31.390270233154297,31.390270233154297,0
2003-02-14,29.800458908081055,31.696625450678365,29.518932428174942,30.231030602232643,790336
2003-02-17,31.696636199951172,31.795999709811944,30.33040183742019,30.63677055372505,795272
2003-02-18,31.506187438964844,32.45841123803999,31.348864012327454,32.1934436049212,819688
2003-02-19,31.522737503051758,32.10235178055633,31.40681262601667,31.96158730239528,455960
2003-02-20,31.423383712768555,31.62210816367114,30.35523757811348,30.73612758304589,542944
2003-02-21,30.876901626586914,31.762885079864997,30.752698480440614,31.464797023729975,494544
2003-02-24,31.067331314086914,31.622103553352463,30.802363733568537,31.622103553352463,326488
2003-02-25,30.338687896728516,31.133588534918847,30.06544198684409,30.06544198684409,264440
2003-02-26,29.80873680114746,31.10044923458077,29.576892081239038,30.65331868794714,422312
2003-02-27,30.26415252685547,30.76924559151086,29.610016766952786,29.64313708512793,280480
2003-02-28,31.829099655151367,32.12718746692904,30.504267182288313,31.390249909282442,694688
2003-03-03,31.481340408325195,32.4501228767915,30.653319908652445,30.653319908652445,500896
2003-03-04,30.694719314575195,31.133569145486433,30.47115278068885,31.133569145486433,255760
2003-03-05,30.818923950195312,31.133570728707593,29.767336906836114,30.355231965873507,471552
2003-03-06,29.982627868652344,31.06733541203333,29.80874302893321,31.06733541203333,265080
2003-03-07,29.14632225036621,30.454593658791552,29.022119172594767,30.454593658791552,518664
2003-03-10,27.175643920898438,29.31193659410823,26.7450720901044,29.038690738320568,346400
2003-03-11,27.82977294921875,28.781996641881957,26.21513277470288,26.496659274106594,497168
2003-03-12,27.415771484375,28.5998403165538,27.291568353996002,28.5998403165538,481872
2003-03-13,27.77181053161621,28.301743212388768,27.159075790506737,27.96225678654211,390112
2003-03-14,27.77181053161621,27.771810531616207,27.771810531616207,27.771810531616207,0
2003-03-17,27.689014434814453,28.483914890634544,26.678830597286304,27.010038909968102,373856
2003-03-18,27.689014434814453,27.689014434814453,27.689014434814453,27.689014434814453,0
2003-03-19,27.63104820251465,28.649512521260334,27.366080601955318,28.40110634333033,374256
2003-03-20,28.30174446105957,28.48391001260524,27.159076988763136,27.738691436694058,537616
2003-03-21,28.30174446105957,28.30174446105957,28.30174446105957,28.30174446105957,0
2003-03-24,27.548250198364258,28.980725024523217,27.32468359455046,28.7323188100273,328920
2003-03-25,27.150793075561523,28.136137015475995,26.57945940678071,28.136137015475995,351496
2003-03-26,27.026594161987305,27.98709864452023,26.579463505594656,27.98709864452023,260264
2003-03-27,26.769893646240234,27.15906417413654,26.496647974767352,26.81129465870081,241056
2003-03-28,26.612581253051758,27.49028358369807,26.496658875853562,27.49028358369807,218000
2003-03-31,25.428516387939453,26.30621884172791,21.51197693220869,21.51197693220869,230712
2003-04-02,25.428516387939453,25.428516387939453,25.428516387939453,25.428516387939453,0
2003-04-03,25.428516387939453,25.428516387939453,25.428516387939453,25.428516387939453,0
2003-04-04,25.428516387939453,25.428516387939453,25.428516387939453,25.428516387939453,0
2003-04-07,25.428516387939453,25.428516387939453,25.428516387939453,25.428516387939453,0
2003-04-08,25.428516387939453,25.428516387939453,25.428516387939453,25.428516387939453,0
2003-04-09,25.428516387939453,25.428516387939453,25.428516387939453,25.428516387939453,0
2003-04-10,25.428516387939453,25.428516387939453,25.428516387939453,25.428516387939453,0
2003-04-11,25.428516387939453,25.428516387939453,25.428516387939453,25.428516387939453,0
2003-04-14,25.428516387939453,25.428516387939453,25.428516387939453,25.428516387939453,0
2003-04-15,25.428516387939453,25.428516387939453,25.428516387939453,25.428516387939453,0
2003-04-16,25.428516387939453,25.428516387939453,25.428516387939453,25.428516387939453,0
2003-04-17,25.428516387939453,25.428516387939453,25.428516387939453,25.428516387939453,0
2003-04-18,25.428516387939453,25.428516387939453,25.428516387939453,25.428516387939453,0
2003-04-21,25.428516387939453,25.428516387939453,25.428516387939453,25.428516387939453,0
2003-04-22,25.428516387939453,25.428516387939453,25.428516387939453,25.428516387939453,0
2003-04-23,25.428516387939453,25.428516387939453,25.428516387939453,25.428516387939453,0
2003-04-24,25.428516387939453,25.428516387939453,25.428516387939453,25.428516387939453,0
2003-04-25,25.428516387939453,25.428516387939453,25.428516387939453,25.428516387939453,0
2003-04-28,25.428516387939453,25.428516387939453,25.428516387939453,25.428516387939453,0
2003-04-29,25.428516387939453,25.428516387939453,25.428516387939453,25.428516387939453,0
2003-04-30,25.428516387939453,25.428516387939453,25.428516387939453,25.428516387939453,0
2003-05-01,25.428516387939453,25.428516387939453,25.428516387939453,25.428516387939453,0
2003-05-02,25.428516387939453,25.428516387939453,25.428516387939453,25.428516387939453,0
2003-05-05,25.428516387939453,25.428516387939453,25.428516387939453,25.428516387939453,0
2003-05-06,25.428516387939453,25.428516387939453,25.428516387939453,25.428516387939453,0
2003-05-07,25.428516387939453,25.428516387939453,25.428516387939453,25.428516387939453,0
2003-05-08,25.428516387939453,25.428516387939453,25.428516387939453,25.428516387939453,0
2003-05-09,25.428516387939453,25.428516387939453,25.428516387939453,25.428516387939453,0
2003-05-12,25.428516387939453,25.428516387939453,25.428516387939453,25.428516387939453,0
2003-05-13,25.428516387939453,25.428516387939453,25.428516387939453,25.428516387939453,0
2003-05-14,25.428516387939453,25.428516387939453,25.428516387939453,25.428516387939453,0
2003-05-15,25.428516387939453,25.428516387939453,25.428516387939453,25.428516387939453,0
2003-05-16,25.428516387939453,25.428516387939453,25.428516387939453,25.428516387939453,0
2003-05-19,25.428516387939453,25.428516387939453,25.428516387939453,25.428516387939453,0
2003-05-20,25.428516387939453,25.428516387939453,25.428516387939453,25.428516387939453,0
2003-05-21,25.428516387939453,25.428516387939453,25.428516387939453,25.428516387939453,0
2003-05-22,25.428516387939453,25.428516387939453,25.428516387939453,25.428516387939453,0
2003-05-23,25.428516387939453,25.428516387939453,25.428516387939453,25.428516387939453,0
2003-05-26,25.428516387939453,25.428516387939453,25.428516387939453,25.428516387939453,0
2003-05-27,25.428516387939453,25.428516387939453,25.428516387939453,25.428516387939453,0
2003-05-28,25.428516387939453,25.428516387939453,25.428516387939453,25.428516387939453,0
2003-05-29,25.428516387939453,25.428516387939453,25.428516387939453,25.428516387939453,0
2003-05-30,25.428516387939453,25.428516387939453,25.428516387939453,25.428516387939453,0
2003-06-02,25.428516387939453,25.428516387939453,25.428516387939453,25.428516387939453,0
2003-06-03,25.428516387939453,25.428516387939453,25.428516387939453,25.428516387939453,0
2003-06-04,25.428516387939453,25.428516387939453,25.428516387939453,25.428516387939453,0
2003-06-05,25.428516387939453,25.428516387939453,25.428516387939453,25.428516387939453,0
2003-06-06,25.428516387939453,25.428516387939453,25.428516387939453,25.428516387939453,0
2003-06-09,25.428516387939453,25.428516387939453,25.428516387939453,25.428516387939453,0
2003-06-10,25.428516387939453,25.428516387939453,25.428516387939453,25.428516387939453,0
2003-06-11,25.428516387939453,25.428516387939453,25.428516387939453,25.428516387939453,0
2003-06-12,25.428516387939453,25.428516387939453,25.428516387939453,25.428516387939453,0
2003-06-13,25.428516387939453,25.428516387939453,25.428516387939453,25.428516387939453,0
2003-06-16,25.428516387939453,25.428516387939453,25.428516387939453,25.428516387939453,0
2003-06-17,25.428516387939453,25.428516387939453,25.428516387939453,25.428516387939453,0
2003-06-18,25.428516387939453,25.428516387939453,25.428516387939453,25.428516387939453,0
2003-06-19,25.428516387939453,25.428516387939453,25.428516387939453,25.428516387939453,0
2003-06-20,25.428516387939453,25.428516387939453,25.428516387939453,25.428516387939453,0
2003-06-23,25.428516387939453,25.428516387939453,25.428516387939453,25.428516387939453,0
2003-06-24,25.428516387939453,25.428516387939453,25.428516387939453,25.428516387939453,0
2003-06-25,25.428516387939453,25.428516387939453,25.428516387939453,25.428516387939453,0
2003-06-26,25.428516387939453,25.428516387939453,25.428516387939453,25.428516387939453,0
2003-06-27,25.428516387939453,25.428516387939453,25.428516387939453,25.428516387939453,0
2003-06-30,25.428516387939453,25.428516387939453,25.428516387939453,25.428516387939453,0
2003-07-01,25.428516387939453,25.428516387939453,25.428516387939453,25.428516387939453,0
2003-07-02,25.428516387939453,25.428516387939453,25.428516387939453,25.428516387939453,0
2003-07-03,25.428516387939453,25.428516387939453,25.428516387939453,25.428516387939453,0
2003-07-04,25.428516387939453,25.428516387939453,25.428516387939453,25.428516387939453,0
2003-07-07,25.428516387939453,25.428516387939453,25.428516387939453,25.428516387939453,0
2003-07-08,25.428516387939453,25.428516387939453,25.428516387939453,25.428516387939453,0
2003-07-09,25.428516387939453,25.428516387939453,25.428516387939453,25.428516387939453,0
2003-07-10,25.428516387939453,25.428516387939453,25.428516387939453,25.428516387939453,0
2003-07-11,25.428516387939453,25.428516387939453,25.428516387939453,25.428516387939453,0
2003-07-14,25.428516387939453,25.428516387939453,25.428516387939453,25.428516387939453,0
2003-07-15,25.428516387939453,25.428516387939453,25.428516387939453,25.428516387939453,0
2003-07-16,25.428516387939453,25.428516387939453,25.428516387939453,25.428516387939453,0
2003-07-17,25.428516387939453,25.428516387939453,25.428516387939453,25.428516387939453,0
2003-07-18,25.428516387939453,25.428516387939453,25.428516387939453,25.428516387939453,0
2003-07-21,25.428516387939453,25.428516387939453,25.428516387939453,25.428516387939453,0
2003-07-22,25.428516387939453,25.428516387939453,25.428516387939453,25.428516387939453,0
2003-07-23,25.428516387939453,25.428516387939453,25.428516387939453,25.428516387939453,0
2003-07-24,25.428516387939453,25.428516387939453,25.428516387939453,25.428516387939453,0
2003-07-25,25.428516387939453,25.428516387939453,25.428516387939453,25.428516387939453,0
2003-07-28,25.428516387939453,25.428516387939453,25.428516387939453,25.428516387939453,0
2003-07-29,25.428516387939453,25.428516387939453,25.428516387939453,25.428516387939453,0
2003-07-30,25.428516387939453,25.428516387939453,25.428516387939453,25.428516387939453,0
2003-07-31,25.428516387939453,25.428516387939453,25.428516387939453,25.428516387939453,0
2003-08-01,25.428516387939453,25.428516387939453,25.428516387939453,25.428516387939453,0
2003-08-04,25.428516387939453,25.428516387939453,25.428516387939453,25.428516387939453,0
2003-08-05,25.428516387939453,25.428516387939453,25.428516387939453,25.428516387939453,0
2003-08-06,25.428516387939453,25.428516387939453,25.428516387939453,25.428516387939453,0
2003-08-07,25.428516387939453,25.428516387939453,25.428516387939453,25.428516387939453,0
2003-08-08,25.428516387939453,25.428516387939453,25.428516387939453,25.428516387939453,0
2003-08-11,25.428516387939453,25.428516387939453,25.428516387939453,25.428516387939453,0
2003-08-12,25.428516387939453,25.428516387939453,25.428516387939453,25.428516387939453,0
2003-08-13,25.428516387939453,25.428516387939453,25.428516387939453,25.428516387939453,0
2003-08-14,25.428516387939453,25.428516387939453,25.428516387939453,25.428516387939453,0
2003-08-15,25.428516387939453,25.428516387939453,25.428516387939453,25.428516387939453,0
2003-08-18,25.428516387939453,25.428516387939453,25.428516387939453,25.428516387939453,0
2003-08-19,25.428516387939453,25.428516387939453,25.428516387939453,25.428516387939453,0
2003-08-20,25.428516387939453,25.428516387939453,25.428516387939453,25.428516387939453,0
2003-08-21,25.428516387939453,25.428516387939453,25.428516387939453,25.428516387939453,0
2003-08-22,25.428516387939453,25.428516387939453,25.428516387939453,25.428516387939453,0
2003-08-25,25.428516387939453,25.428516387939453,25.428516387939453,25.428516387939453,0
2003-08-26,25.428516387939453,25.428516387939453,25.428516387939453,25.428516387939453,0
2003-08-27,25.428516387939453,25.428516387939453,25.428516387939453,25.428516387939453,0
2003-08-28,25.428516387939453,25.428516387939453,25.428516387939453,25.428516387939453,0
2003-08-29,25.428516387939453,25.428516387939453,25.428516387939453,25.428516387939453,0
2003-09-01,25.428516387939453,25.428516387939453,25.428516387939453,25.428516387939453,0
2003-09-02,25.428516387939453,25.428516387939453,25.428516387939453,25.428516387939453,0
2003-09-03,25.428516387939453,25.428516387939453,25.428516387939453,25.428516387939453,0
2003-09-04,25.428516387939453,25.428516387939453,25.428516387939453,25.428516387939453,0
2003-09-05,25.428516387939453,25.428516387939453,25.428516387939453,25.428516387939453,0
2003-09-08,25.428516387939453,25.428516387939453,25.428516387939453,25.428516387939453,0
2003-09-09,25.428516387939453,25.428516387939453,25.428516387939453,25.428516387939453,0
2003-09-10,25.428516387939453,25.428516387939453,25.428516387939453,25.428516387939453,0
2003-09-11,25.428516387939453,25.428516387939453,25.428516387939453,25.428516387939453,0
2003-09-12,25.428516387939453,25.428516387939453,25.428516387939453,25.428516387939453,0
2003-09-15,25.428516387939453,25.428516387939453,25.428516387939453,25.428516387939453,0
2003-09-16,25.428516387939453,25.428516387939453,25.428516387939453,25.428516387939453,0
2003-09-17,25.428516387939453,25.428516387939453,25.428516387939453,25.428516387939453,0
2003-09-18,25.428516387939453,25.428516387939453,25.428516387939453,25.428516387939453,0
2003-09-19,25.428516387939453,25.428516387939453,25.428516387939453,25.428516387939453,0
2003-09-22,25.428516387939453,25.428516387939453,25.428516387939453,25.428516387939453,0
2003-09-23,25.428516387939453,25.428516387939453,25.428516387939453,25.428516387939453,0
2003-09-24,25.428516387939453,25.428516387939453,25.428516387939453,25.428516387939453,0
2003-09-25,25.428516387939453,25.428516387939453,25.428516387939453,25.428516387939453,0
2003-09-26,25.428516387939453,25.428516387939453,25.428516387939453,25.428516387939453,0
2003-09-29,25.428516387939453,25.428516387939453,25.428516387939453,25.428516387939453,0
2003-09-30,25.428516387939453,25.428516387939453,25.428516387939453,25.428516387939453,0
2003-10-01,25.428516387939453,25.428516387939453,25.428516387939453,25.428516387939453,0
2003-10-02,25.428516387939453,25.428516387939453,25.428516387939453,25.428516387939453,0
2003-10-03,25.428516387939453,25.428516387939453,25.428516387939453,25.428516387939453,0
2003-10-06,25.428516387939453,25.428516387939453,25.428516387939453,25.428516387939453,0
2003-10-07,25.428516387939453,25.428516387939453,25.428516387939453,25.428516387939453,0
2003-10-08,25.428516387939453,25.428516387939453,25.428516387939453,25.428516387939453,0
2003-10-09,25.428516387939453,25.428516387939453,25.428516387939453,25.428516387939453,0
2003-10-10,25.428516387939453,25.428516387939453,25.428516387939453,25.428516387939453,0
2003-10-13,25.428516387939453,25.428516387939453,25.428516387939453,25.428516387939453,0
2003-10-14,25.428516387939453,25.428516387939453,25.428516387939453,25.428516387939453,0
2003-10-15,25.428516387939453,25.428516387939453,25.428516387939453,25.428516387939453,0
2003-10-16,25.428516387939453,25.428516387939453,25.428516387939453,25.428516387939453,0
2003-10-17,25.428516387939453,25.428516387939453,25.428516387939453,25.428516387939453,0
2003-10-20,25.428516387939453,25.428516387939453,25.428516387939453,25.428516387939453,0
2003-10-21,25.428516387939453,25.428516387939453,25.428516387939453,25.428516387939453,0
2003-10-22,25.428516387939453,25.428516387939453,25.428516387939453,25.428516387939453,0
2003-10-23,25.428516387939453,25.428516387939453,25.428516387939453,25.428516387939453,0
2003-10-24,25.428516387939453,25.428516387939453,25.428516387939453,25.428516387939453,0
2003-10-27,25.428516387939453,25.428516387939453,25.428516387939453,25.428516387939453,0
2003-10-28,25.428516387939453,25.428516387939453,25.428516387939453,25.428516387939453,0
2003-10-29,25.428516387939453,25.428516387939453,25.428516387939453,25.428516387939453,0
2003-10-30,25.428516387939453,25.428516387939453,25.428516387939453,25.428516387939453,0
2003-10-31,25.428516387939453,25.428516387939453,25.428516387939453,25.428516387939453,0
2003-11-03,25.428516387939453,25.428516387939453,25.428516387939453,25.428516387939453,0
2003-11-04,25.428516387939453,25.428516387939453,25.428516387939453,25.428516387939453,0
2003-11-05,25.428516387939453,25.428516387939453,25.428516387939453,25.428516387939453,0
2003-11-06,25.428516387939453,25.428516387939453,25.428516387939453,25.428516387939453,0
2003-11-07,25.428516387939453,25.428516387939453,25.428516387939453,25.428516387939453,0
2003-11-10,25.428516387939453,25.428516387939453,25.428516387939453,25.428516387939453,0
2003-11-11,25.428516387939453,25.428516387939453,25.428516387939453,25.428516387939453,0
2003-11-12,25.428516387939453,25.428516387939453,25.428516387939453,25.428516387939453,0
2003-11-13,25.428516387939453,25.428516387939453,25.428516387939453,25.428516387939453,0
2003-11-14,25.428516387939453,25.428516387939453,25.428516387939453,25.428516387939453,0
2003-11-17,25.428516387939453,25.428516387939453,25.428516387939453,25.428516387939453,0
2003-11-18,25.428516387939453,25.428516387939453,25.428516387939453,25.428516387939453,0
2003-11-19,25.428516387939453,25.428516387939453,25.428516387939453,25.428516387939453,0
2003-11-20,25.428516387939453,25.428516387939453,25.428516387939453,25.428516387939453,0
2003-11-21,25.428516387939453,25.428516387939453,25.428516387939453,25.428516387939453,0
2003-11-24,25.428516387939453,25.428516387939453,25.428516387939453,25.428516387939453,0
2003-11-25,25.428516387939453,25.428516387939453,25.428516387939453,25.428516387939453,0
2003-11-26,25.428516387939453,25.428516387939453,25.428516387939453,25.428516387939453,0
2003-11-27,25.428516387939453,25.428516387939453,25.428516387939453,25.428516387939453,0
2003-11-28,25.428516387939453,25.428516387939453,25.428516387939453,25.428516387939453,0
2003-12-01,25.428516387939453,25.428516387939453,25.428516387939453,25.428516387939453,0
2003-12-02,25.428516387939453,25.428516387939453,25.428516387939453,25.428516387939453,0
2003-12-03,25.428516387939453,25.428516387939453,25.428516387939453,25.428516387939453,0
2003-12-04,25.428516387939453,25.428516387939453,25.428516387939453,25.428516387939453,0
2003-12-05,25.428516387939453,25.428516387939453,25.428516387939453,25.428516387939453,0
2003-12-08,25.428516387939453,25.428516387939453,25.428516387939453,25.428516387939453,0
2003-12-09,25.428516387939453,25.428516387939453,25.428516387939453,25.428516387939453,0
2003-12-10,25.428516387939453,25.428516387939453,25.428516387939453,25.428516387939453,0
2003-12-11,25.428516387939453,25.428516387939453,25.428516387939453,25.428516387939453,0
2003-12-12,25.428516387939453,25.428516387939453,25.428516387939453,25.428516387939453,0
2003-12-15,25.428516387939453,25.428516387939453,25.428516387939453,25.428516387939453,0
2003-12-16,25.428516387939453,25.428516387939453,25.428516387939453,25.428516387939453,0
2003-12-17,25.428516387939453,25.428516387939453,25.428516387939453,25.428516387939453,0
2003-12-18,25.428516387939453,25.428516387939453,25.428516387939453,25.428516387939453,0
2003-12-19,25.428516387939453,25.428516387939453,25.428516387939453,25.428516387939453,0
2003-12-22,25.428516387939453,25.428516387939453,25.428516387939453,25.428516387939453,0
2003-12-23,25.428516387939453,25.428516387939453,25.428516387939453,25.428516387939453,0
2003-12-24,25.428516387939453,25.428516387939453,25.428516387939453,25.428516387939453,0
2003-12-25,25.428516387939453,25.428516387939453,25.428516387939453,25.428516387939453,0
2003-12-26,25.428516387939453,25.428516387939453,25.428516387939453,25.428516387939453,0
2003-12-29,25.428516387939453,25.428516387939453,25.428516387939453,25.428516387939453,0
2003-12-30,25.428516387939453,25.428516387939453,25.428516387939453,25.428516387939453,0
2003-12-31,25.428516387939453,25.428516387939453,25.428516387939453,25.428516387939453,0
2004-01-01,25.428516387939453,25.428516387939453,25.428516387939453,25.428516387939453,0
2004-01-02,25.428516387939453,25.428516387939453,25.428516387939453,25.428516387939453,0
2004-01-05,25.428516387939453,25.428516387939453,25.428516387939453,25.428516387939453,0
2004-01-06,25.428516387939453,25.428516387939453,25.428516387939453,25.428516387939453,0
2004-01-07,25.428516387939453,25.428516387939453,25.428516387939453,25.428516387939453,0
2004-01-08,25.428516387939453,25.428516387939453,25.428516387939453,25.428516387939453,0
2004-01-09,25.428516387939453,25.428516387939453,25.428516387939453,25.428516387939453,0
2004-01-12,25.428516387939453,25.428516387939453,25.428516387939453,25.428516387939453,0
2004-01-13,25.428516387939453,25.428516387939453,25.428516387939453,25.428516387939453,0
2004-01-14,25.428516387939453,25.428516387939453,25.428516387939453,25.428516387939453,0
2004-01-15,25.428516387939453,25.428516387939453,25.428516387939453,25.428516387939453,0
2004-01-16,25.428516387939453,25.428516387939453,25.428516387939453,25.428516387939453,0
2004-01-19,25.428516387939453,25.428516387939453,25.428516387939453,25.428516387939453,0
2004-01-20,25.428516387939453,25.428516387939453,25.428516387939453,25.428516387939453,0
2004-01-21,25.428516387939453,25.428516387939453,25.428516387939453,25.428516387939453,0
2004-01-22,25.428516387939453,25.428516387939453,25.428516387939453,25.428516387939453,0
2004-01-23,25.428516387939453,25.428516387939453,25.428516387939453,25.428516387939453,0
2004-01-26,25.428516387939453,25.428516387939453,25.428516387939453,25.428516387939453,0
2004-01-27,25.428516387939453,25.428516387939453,25.428516387939453,25.428516387939453,0
2004-01-28,25.428516387939453,25.428516387939453,25.428516387939453,25.428516387939453,0
2004-01-29,25.428516387939453,25.428516387939453,25.428516387939453,25.428516387939453,0
2004-01-30,25.428516387939453,25.428516387939453,25.428516387939453,25.428516387939453,0
2004-02-02,25.428516387939453,25.428516387939453,25.428516387939453,25.428516387939453,0
2004-02-03,25.428516387939453,25.428516387939453,25.428516387939453,25.428516387939453,0
2004-02-04,25.428516387939453,25.428516387939453,25.428516387939453,25.428516387939453,0
2004-02-05,25.428516387939453,25.428516387939453,25.428516387939453,25.428516387939453,0
2004-02-06,25.428516387939453,25.428516387939453,25.428516387939453,25.428516387939453,0
2004-02-09,25.428516387939453,25.428516387939453,25.428516387939453,25.428516387939453,0
2004-02-10,25.428516387939453,25.428516387939453,25.428516387939453,25.428516387939453,0
2004-02-11,25.428516387939453,25.428516387939453,25.428516387939453,25.428516387939453,0
2004-02-12,25.428516387939453,25.428516387939453,25.428516387939453,25.428516387939453,0
2004-02-13,25.428516387939453,25.428516387939453,25.428516387939453,25.428516387939453,0
2004-02-16,25.428516387939453,25.428516387939453,25.428516387939453,25.428516387939453,0
2004-02-17,25.428516387939453,25.428516387939453,25.428516387939453,25.428516387939453,0
2004-02-18,25.428516387939453,25.428516387939453,25.428516387939453,25.428516387939453,0
2004-02-19,25.428516387939453,25.428516387939453,25.428516387939453,25.428516387939453,0
2004-02-20,25.428516387939453,25.428516387939453,25.428516387939453,25.428516387939453,0
2004-02-23,25.428516387939453,25.428516387939453,25.428516387939453,25.428516387939453,0
2004-02-24,25.428516387939453,25.428516387939453,25.428516387939453,25.428516387939453,0
2004-02-25,25.428516387939453,25.428516387939453,25.428516387939453,25.428516387939453,0
2004-02-26,25.428516387939453,25.428516387939453,25.428516387939453,25.428516387939453,0
2004-02-27,25.428516387939453,25.428516387939453,25.428516387939453,25.428516387939453,0
2004-03-01,25.428516387939453,25.428516387939453,25.428516387939453,25.428516387939453,0
2004-03-02,25.428516387939453,25.428516387939453,25.428516387939453,25.428516387939453,0
2004-03-03,25.428516387939453,25.428516387939453,25.428516387939453,25.428516387939453,0
2004-03-04,25.428516387939453,25.428516387939453,25.428516387939453,25.428516387939453,0
2004-03-05,25.428516387939453,25.428516387939453,25.428516387939453,25.428516387939453,0
2004-03-08,25.428516387939453,25.428516387939453,25.428516387939453,25.428516387939453,0
2004-03-09,25.428516387939453,25.428516387939453,25.428516387939453,25.428516387939453,0
2004-03-10,25.428516387939453,25.428516387939453,25.428516387939453,25.428516387939453,0
2004-03-11,25.428516387939453,25.428516387939453,25.428516387939453,25.428516387939453,0
2004-03-12,25.428516387939453,25.428516387939453,25.428516387939453,25.428516387939453,0
2004-03-15,25.428516387939453,25.428516387939453,25.428516387939453,25.428516387939453,0
2004-03-16,25.428516387939453,25.428516387939453,25.428516387939453,25.428516387939453,0
2004-03-17,25.428516387939453,25.428516387939453,25.428516387939453,25.428516387939453,0
2004-03-18,25.428516387939453,25.428516387939453,25.428516387939453,25.428516387939453,0
2004-03-19,25.428516387939453,25.428516387939453,25.428516387939453,25.428516387939453,0
2004-03-22,25.428516387939453,25.428516387939453,25.428516387939453,25.428516387939453,0
2004-03-23,25.428516387939453,25.428516387939453,25.428516387939453,25.428516387939453,0
2004-03-24,25.428516387939453,25.428516387939453,25.428516387939453,25.428516387939453,0
2004-03-25,25.428516387939453,25.428516387939453,25.428516387939453,25.428516387939453,0
2004-03-26,25.428516387939453,25.428516387939453,25.428516387939453,25.428516387939453,0
2004-03-29,25.428516387939453,25.428516387939453,25.428516387939453,25.428516387939453,0
2004-03-30,25.428516387939453,25.428516387939453,25.428516387939453,25.428516387939453,0
2004-03-31,25.428516387939453,25.428516387939453,25.428516387939453,25.428516387939453,0
2004-04-01,25.428516387939453,25.428516387939453,25.428516387939453,25.428516387939453,0
2004-04-02,25.428516387939453,25.428516387939453,25.428516387939453,25.428516387939453,0
2004-04-05,25.428516387939453,25.428516387939453,25.428516387939453,25.428516387939453,0
2004-04-06,25.428516387939453,25.428516387939453,25.428516387939453,25.428516387939453,0
2004-04-07,25.428516387939453,25.428516387939453,25.428516387939453,25.428516387939453,0
2004-04-08,25.428516387939453,25.428516387939453,25.428516387939453,25.428516387939453,0
2004-04-09,25.428516387939453,25.428516387939453,25.428516387939453,25.428516387939453,0
2004-04-12,25.428516387939453,25.428516387939453,25.428516387939453,25.428516387939453,0
2004-04-13,25.428516387939453,25.428516387939453,25.428516387939453,25.428516387939453,0
2004-04-14,25.428516387939453,25.428516387939453,25.428516387939453,25.428516387939453,0
2004-04-15,25.428516387939453,25.428516387939453,25.428516387939453,25.428516387939453,0
2004-04-16,25.428516387939453,25.428516387939453,25.428516387939453,25.428516387939453,0
2004-04-19,25.428516387939453,25.428516387939453,25.428516387939453,25.428516387939453,0
2004-04-20,25.428516387939453,25.428516387939453,25.428516387939453,25.428516387939453,0
2004-04-21,25.428516387939453,25.428516387939453,25.428516387939453,25.428516387939453,0
2004-04-22,25.428516387939453,25.428516387939453,25.428516387939453,25.428516387939453,0
2004-04-23,25.428516387939453,25.428516387939453,25.428516387939453,25.428516387939453,0
2004-04-26,25.428516387939453,25.428516387939453,25.428516387939453,25.428516387939453,0
2004-04-27,25.428516387939453,25.428516387939453,25.428516387939453,25.428516387939453,0
2004-04-28,25.428516387939453,25.428516387939453,25.428516387939453,25.428516387939453,0
2004-04-29,25.428516387939453,25.428516387939453,25.428516387939453,25.428516387939453,0
2004-04-30,25.428516387939453,25.428516387939453,25.428516387939453,25.428516387939453,0
2004-05-03,25.428516387939453,25.428516387939453,25.428516387939453,25.428516387939453,0
2004-05-04,25.428516387939453,25.428516387939453,25.428516387939453,25.428516387939453,0
2004-05-05,25.428516387939453,25.428516387939453,25.428516387939453,25.428516387939453,0
2004-05-06,76.76577758789062,81.14600800047084,75.38298741299221,78.57914448208861,19760
2004-05-07,74.07473754882812,77.00593315497186,73.59448650336039,77.00593315497186,31344
2004-05-10,73.5944595336914,74.1906352923435,72.5428725092939,73.52821890580472,4904
2004-05-11,69.7607421875,75.51548590504451,68.72571633902078,75.51548590504451,21032
2004-05-12,65.21490478515625,72.03779700586747,60.611111963557455,67.73208959862022,134928
2004-05-13,63.47607421875,66.24166578688776,58.7894783858629,59.625777394887145,55456
2004-05-14,58.97990417480469,65.41362501277814,57.96143988474012,64.58560444299613,31144
2004-05-17,49.37486267089844,56.305395444461944,47.37933523623948,56.305395444461944,33968
2004-05-18,53.01813507080078,54.649335957886414,49.681214507169464,53.15889952267133,29128
2004-05-19,56.66973114013672,58.623857708898704,54.40095270444414,55.974191823750736,39960
2004-05-20,55.320045471191406,57.13341231848641,54.64935091333483,57.13341231848641,32104
2004-05-21,53.51497268676758,54.649361968703495,52.34746561169821,53.837902756299215,31176
2004-05-24,59.344261169433594,59.60922887827267,53.49015217315214,53.49015217315214,54792
2004-05-25,56.967830657958984,58.12705977018489,54.980580751286,58.12705977018489,32648
2004-05-26,57.44807434082031,59.61748955483307,56.96782335239604,58.7894688665715,18416
2004-05-27,57.62196731567383,59.19520677621218,57.26591434206078,57.96145380930756,14072
2004-05-28,55.079917907714844,57.96142788313805,54.649346289815874,57.96142788313805,17040
2004-05-31,52.4716682434082,53.804779433875225,51.46976025053334,52.413705788640755,11976
2004-06-01,53.06785583496094,56.13981102434492,52.58759972118084,54.62453394994215,29320
2004-06-02,52.99330520629883,54.40093987584114,52.84426254617319,54.40093987584114,4560
2004-06-03,52.115623474121094,55.21241777630678,51.86721727081992,54.31815645518998,13808
2004-06-04,51.97486114501953,53.821346323504606,51.17168004296284,53.81306813791286,23944
2004-06-07,52.479915618896484,52.993289117993825,51.83406091853771,52.993289117993825,9608
2004-06-08,51.32072448730469,52.479953524047204,50.74939320864125,51.93346185683217,10272
2004-06-09,52.94361877441406,53.804756834121285,51.25445538009513,51.33725740817283,31424
2004-06-10,57.787567138671875,60.44551158548499,52.99332522563067,53.821345932281154,54480
2004-06-11,62.0104866027832,67.56650476471921,60.45380328327038,60.45380328327038,1495680
2004-06-14,57.19965362548828,62.10153586738796,56.80220480670418,61.86140790716635,295448
2004-06-15,57.50602340698242,59.120663373053205,56.777366381779224,58.29264287763229,172688
2004-06-16,56.909854888916016,58.1932868203071,56.63660910138719,57.96144206282314,62312
2004-06-17,57.07547378540039,57.5805695150144,56.71942584560434,56.71942584560434,30208
2004-06-18,58.9384880065918,61.77031863859187,57.20792849258383,57.20792849258383,91440
2004-06-21,58.3091926574707,60.94229629646964,57.49773374472493,59.61746376828552,49328
2004-06-22,56.95125961303711,58.45825821518753,56.6366127750542,58.29265408426632,20064
2004-06-23,55.84171676635742,57.96144768887276,54.86464831938955,57.547437348237956,22912
2004-06-24,56.76909255981445,57.29902778630929,55.16273556458132,56.29712484221638,21592
2004-06-25,56.76909255981445,57.9614442925094,56.30540302700913,56.30540302700913,60280
2004-06-28,59.51811981201172,60.44550389625586,57.76271512644901,57.76271512644901,100536
2004-06-29,59.11240768432617,60.59456190284838,58.37546714143108,60.44551916772296,47952
2004-06-30,57.795841217041016,59.78309077178168,57.630237087479294,58.955070123973066,20576
2004-07-01,58.52449417114258,58.93022628095022,57.978002604391136,58.61557946815889,15168
2004-07-02,60.569698333740234,61.60472393752937,59.2862665850417,59.2862665850417,123232
2004-07-05,58.54106903076172,60.693923054523815,58.127058641576696,60.2799126653388,22040
2004-07-06,59.095848083496094,59.61750019947387,58.38374713214395,58.38374713214395,39312
2004-07-07,58.367156982421875,60.114277914036805,57.9614249859859,59.61746569987121,39640
2004-07-08,55.93280029296875,59.64233215137224,55.46911070585736,57.96145108079663,80424
2004-07-09,56.71942138671875,57.13343176180429,51.709895848183734,52.18186868654877,29280
2004-07-12,57.8289680480957,58.433422151867035,56.30540792964108,57.13342863448874,22272
2004-07-13,58.51620864868164,59.78307897916263,58.29264210710595,58.79773258110188,48160
2004-07-14,60.02320861816406,61.273517563120315,58.87225809105209,59.609198364359194,74376
2004-07-15,60.21367645263672,60.90921092543794,59.990109815228486,60.776729612667644,36024
2004-07-16,62.25058364868164,63.26076972575015,61.29008183668385,62.08497953945193,167704
2004-07-19,63.20281982421875,64.38688842951352,62.10155328997728,63.09517814261692,174480
2004-07-20,64.37860107421875,65.08241857792403,62.78052234127878,63.59198151125402,157816
2004-07-21,63.807254791259766,66.08431106215497,63.26076330777925,66.08431106215497,129968
2004-07-22,63.47607421875,64.58562414221558,63.269069013165975,64.58562414221558,64272
2004-07-23,64.16328430175781,64.58557256236274,63.442905750872356,64.58557256236274,42576
2004-07-26,64.2130126953125,64.50281997375686,63.67479917820157,64.25441373509027,29512
2004-07-27,64.2130126953125,64.2130126953125,64.2130126953125,64.2130126953125,0
2004-07-28,66.94549560546875,68.22892811243817,65.57926100127551,66.57288616796151,182768
2004-07-29,66.41558837890625,67.54170041189164,65.57928886317244,67.23533151123235,93344
2004-07-30,66.33275604248047,67.73211346444273,66.2416757598462,67.73211346444273,73272
2004-08-02,66.25818634033203,66.73843711025923,66.07602086102588,66.11742187660296,99528
2004-08-03,66.1754150390625,66.69706706680638,65.93528701567317,66.40725982318898,25104
2004-08-04,66.20853424072266,66.35758201224685,62.92957423626286,62.92957423626286,43656
2004-08-05,65.47987365722656,66.7053432396386,65.08242474588172,66.07604955116236,44048
2004-08-06,64.62703704833984,66.17543728114987,64.58563599962214,65.0990100144895,32392
2004-08-09,65.23145294189453,65.41361845976488,63.14484030430952,64.59387615626633,19040
2004-08-10,67.03656005859375,67.15248498886426,65.16523512482881,67.05312148489493,50656
2004-08-11,70.41486358642578,72.20338580031198,66.57284654065462,67.27666394811179,271960
2004-08-12,70.41486358642578,70.41486358642578,70.41486358642578,70.41486358642578,0
2004-08-13,70.79576873779297,74.02504941706071,69.55373770730537,72.86582045527229,119976
2004-08-16,67.83147430419922,70.26585275972185,67.42574203469282,69.38815261217724,39776
2004-08-17,67.83972930908203,70.12506928368593,67.56648351153072,68.89131652156073,74976
2004-08-18,67.85628509521484,69.20595760128953,67.56647789834693,68.47730051707465,21432
2004-08-19,68.93270874023438,69.13971387158642,68.3116933461782,68.56009950380067,19856
2004-08-20,68.03844451904297,69.04034728812576,67.83143939701463,68.06328412291917,22184
2004-08-23,70.8868408203125,72.7002079373225,64.66013001499154,64.66013001499154,108624
2004-08-24,76.2938232421875,77.13012206103542,71.87219103486714,72.8326929488214,455456
2004-08-25,81.80427551269531,99.25480019344303,81.06319625222709,99.25480019344303,136928
2004-08-26,81.06321716308594,82.55365425086485,80.7568485287196,82.13964394870403,40443200
2004-08-27,79.71025848388672,81.34477600105296,79.37077193323564,81.34477600105296,30646000
2004-08-30,81.70575714111328,81.97403499247483,79.90398360377597,80.3097156974955,24465208
2004-08-31,81.8166732788086,81.97399913706998,80.81477086644475,81.68419206941367,21194656
2004-09-01,81.80017852783203,82.38807128632995,81.44412553347398,81.97406087785592,19935544
2004-09-02,82.27708435058594,83.1829389970388,81.6428228591611,81.96575288186263,21356352
2004-09-03,82.62486267089844,91.08226632213054,82.0038472187021,83.29887265460302,9869856
2004-09-06,82.37643432617188,86.10584135279898,82.21414556611809,86.10584135279898,9038672
2004-09-07,82.4377212524414,85.70012413475797,82.38804204259341,85.70012413475797,5772232
2004-09-08,82.28038787841797,82.86828033888071,82.06509954285025,82.470831559002,6593984
2004-09-09,81.14273071289062,82.62820027741562,81.01852758894651,82.55367638151394,7947184
2004-09-10,81.87471008300781,81.97407360723888,80.81484428350015,81.97407360723888,6415072
2004-09-13,83.09184265136719,84.08546707769145,82.0568172072794,82.0568172072794,20904912
2004-09-14,84.0987319946289,84.35873165727247,83.04714995123926,83.216064322124,15335472
2004-09-15,83.30716705322266,84.45811793683816,82.9014399111228,84.29251378402084,11988288
2004-09-16,83.50257873535156,84.04410246287375,83.00907657047382,83.3816858917378,7358224
2004-09-17,84.8307113647461,85.27784451499687,83.65492108957719,83.79568560382923,14627896
2004-09-20,84.6982421875,85.85747120531553,84.4713602630755,85.48486187816053,8552224
2004-09-21,86.59441375732422,86.81797531592608,84.6237203365536,84.86053305725542,13897080
2004-09-22,87.11275482177734,87.43899014164452,85.87402892155168,86.8096964007965,15371584
2004-09-23,85.3076400756836,86.85934967013789,85.03770458649343,86.77654762088132,15819680
2004-09-24,85.1867904663086,86.11416979020946,84.95494058149511,85.21162502760369,8083208
2004-09-27,84.52105712890625,85.49315279860264,84.04411631049074,85.07914237342781,8229512
2004-09-28,84.09043884277344,85.07081721192947,83.83706480462843,84.12687194222467,6339416
2004-09-29,85.3689193725586,85.53452348385356,84.14013464306187,84.39682404787092,11737176
2004-09-30,85.04600524902344,86.18867787386112,84.51275970871164,85.7498228537355,12521432
2004-10-01,86.75172424316406,87.47707118119237,84.98473090873506,85.20332958531512,10968888
2004-10-04,89.13640594482422,89.50901516614489,87.31144554638968,87.52176598576794,15129824
2004-10-05,89.48416137695312,90.17142235810442,89.05359480821056,89.45104864679676,14341288
2004-10-06,89.5586929321289,91.31410241113444,89.01717441241219,89.50901372495377,17670664
2004-10-07,90.84215545654297,91.08228349820966,89.67464820778278,89.67464820778278,10080128
2004-10-08,90.92166900634766,91.99312321351309,90.66828975589273,90.91669602919654,8558920
2004-10-11,90.1962890625,92.03449077306263,89.84023615724062,91.08226707185686,9332056
2004-10-12,89.79552459716797,92.32430290860002,89.232476617128,91.91029258165563,15600512
2004-10-14,92.42362976074219,93.06948969314003,90.09358933168002,91.33064691417566,19225984
2004-10-15,93.23516082763672,94.47719227738321,92.51147131153198,92.8791077689716,17799744
2004-10-18,94.16747283935547,94.55995380045627,93.17384810590059,93.89753731148635,13693344
2004-10-19,94.65930938720703,95.1147207096935,94.07141679244097,94.40759800217774,11767128
2004-10-20,93.83626556396484,95.21409308817262,93.48352797133158,94.7918045936278,7206832
2004-10-21,93.19869232177734,94.31154716624363,92.90391213391163,94.16747238919528,6413520
2004-10-22,93.19869232177734,93.19869232177734,93.19869232177734,93.19869232177734,0
2004-10-25,92.51969146728516,93.31790439123637,91.9731999937155,93.15230030181093,9390272
2004-10-26,94.16249084472656,94.47382737333518,92.37396851735464,92.37396851735464,6932760
2004-10-27,94.3860855102539,95.05678028340145,93.99690970058622,94.58149719059844,7837656
2004-10-28,96.79863739013672,97.5325463500409,95.05852990233831,95.05852990233831,18591416
2004-10-29,95.99335479736328,96.96469130858732,95.0718285959348,96.96469130858732,8661776
2004-11-01,97.18885803222656,97.50433010047452,94.83439601109808,95.47365031161995,6137568
2004-11-02,96.27894592285156,97.94434333414338,93.39813634876596,93.81323917698269,8864040
2004-11-03,97.56575775146484,98.29634273090579,96.38686985691017,96.38686985691017,8978136
2004-11-04,97.16725158691406,98.62011117961809,96.94309002629032,98.11036379782806,6555808
2004-11-05,96.75714874267578,97.96427105442207,96.30385968061832,97.46282357654238,5023848
2004-11-08,98.30961608886719,98.70313268016913,95.97175459266138,96.71893953326168,10291728
2004-11-09,98.66165161132812,99.45034705987437,97.71521504620316,98.54542078151499,7338712
2004-11-10,99.15643310546875,99.5416497133081,98.80276471525598,98.87748524482897,5734392
2004-11-11,99.31416320800781,99.90693114667812,98.88577433560809,99.54163870255216,5235128
2004-11-12,99.35567474365234,100.28882491974078,98.81105506834453,99.95674271801978,1813408
2004-11-15,99.35567474365234,99.35567474365234,99.35567474365234,99.35567474365234,0
2004-11-16,98.86914825439453,99.45859197294178,98.29630458761524,99.45859197294178,4005504
2004-11-17,100.072998046875,100.4465906153917,98.91901008614292,98.91901008614292,5467936
2004-11-18,102.1983413696289,102.49389952028686,100.16433701255667,100.41007470413376,7472128
2004-11-19,101.04430389404297,102.69641477624505,100.54618062107816,102.3643325942685,6812760
2004-11-22,101.48931884765625,101.78321489712008,99.20957732631197,100.27224463509393,4738272
2004-11-23,102.57691955566406,103.11156726216564,101.6304828534411,102.16513055994267,4312792
2004-11-24,102.43907928466797,103.36060554822866,102.12858317593748,102.86248214799623,3223304
2004-11-25,101.0244140625,103.27759364808225,100.34364941212779,102.44738791136133,6310872
2004-11-26,101.0244140625,101.02441406249999,101.02441406249999,101.02441406249999,0
2004-11-29,103.26929473876953,103.5847668415401,100.0862887472412,100.9530186813011,5281488
2004-11-30,105.82296752929688,106.76441764352953,103.36057540139522,103.62292315328324,10508144
2004-12-01,104.73542022705078,106.34933501335308,104.35684161731837,106.34933501335308,8481864
2004-12-02,103.16136169433594,106.01727142441598,102.87078968964882,105.02102455120298,9657704
2004-12-03,102.67650604248047,104.26552073747847,101.41459761560613,103.71426301666838,9777216
2004-12-06,100.83343505859375,103.77567822308987,100.33032570608329,102.94547279730516,11473872
2004-12-07,101.140625,102.35604717562981,100.86997717231267,100.95299772965615,7863224
2004-12-08,99.69107818603516,101.83300224584606,99.29756159889206,101.11902755924243,7329408
2004-12-09,100.57608032226562,101.03601744912477,100.02814667521174,100.03644670400818,3801224
2004-12-10,101.75499725341797,102.57191684539092,100.78697454496525,101.28509797764218,6216808
2004-12-13,102.62669372558594,103.08330678529005,101.72176763493965,101.78320203586132,4996232
2004-12-14,102.37763977050781,103.33569017115482,102.14020217769288,103.11153870596722,3083504
2004-12-15,103.40206909179688,104.17084000273697,102.77941512295828,103.27753829802916,5772672
2004-12-16,104.82675170898438,105.02101699767132,102.77946169416371,103.64785357986504,4350464
2004-12-17,104.31533813476562,105.83461850196704,103.95004562815667,104.60591010728587,5509752
2004-12-20,104.8184585571289,105.31159589177281,104.31534902484236,104.60592102769708,2268424
2004-12-21,105.66023254394531,106.01722490393689,104.8682235186316,105.01765440343473,3458512
2004-12-22,102.95878601074219,105.85951966714764,102.1152942386015,105.85951966714764,6001712
2004-12-23,101.93755340576172,103.58467734456939,101.70011598374887,103.58467734456939,3948912
2004-12-24,105.2667465209961,105.6021528280002,101.41460062594187,102.3610269070181,6661856
2004-12-27,105.48262786865234,106.6814401211691,104.78856693531903,105.43613148162238,4400504
2004-12-28,108.70380401611328,109.08902064761148,105.12063365098426,105.60215697394352,9614448
2004-12-29,109.60873413085938,110.99019757597121,109.01929013454173,109.33476220718882,6633224
2004-12-30,107.6494369506836,110.25129833738443,107.25093422825617,109.42109277761496,5626792
2004-12-31,110.87059783935547,111.14789371650751,107.64940723717373,107.92669297998334,4899312
2005-01-03,112.34835052490234,112.63393625130051,110.87058120439393,110.87058120439393,4734168
2005-01-04,111.35218048095703,112.40986182653869,110.67971583072546,112.0777795168591,4979104
2005-01-05,110.00220489501953,111.26411292762548,106.29119116852446,111.26411292762548,9604320
2005-01-06,109.62533569335938,111.74568423755926,107.30408386110352,109.58714947516955,8006888
2005-01-07,111.24424743652344,111.66267438128544,108.97779179920703,110.41736574506292,7623136
2005-01-10,110.20645141601562,112.85813294113544,109.75316247510702,111.96649308245584,7521568
2005-01-11,109.0691146850586,110.85738116703774,108.00977130562532,110.41736805263771,7986376
2005-01-12,107.76568603515625,113.56881577479658,106.82256344106173,110.08195183232232,20720032
2005-01-13,107.3372573852539,111.13959200803886,105.85118770356657,108.75690658170369,27757952
2005-01-14,107.62786865234375,109.41281090199486,106.01726757230081,108.31693330067068,15757776
2005-01-17,104.87649536132812,108.72366314375464,102.96203744336705,108.72366314375464,13651184
2005-01-18,104.92635345458984,106.5983885851227,104.39834396089705,105.8262933991094,6183264
2005-01-19,104.22402954101562,105.74329994878454,103.86703702279459,105.1040455893811,3538488
2005-01-20,103.2526626586914,104.19079900627085,102.11528508184315,104.19079900627085,4536200
2005-01-24,101.33984375,103.55648786394347,100.89983088395208,103.25262988424116,3628192
2005-01-25,102.56856536865234,102.93718188018315,100.21410378887079,100.85336810390808,4465928
2005-01-27,102.99197387695312,104.09116510022659,102.55528499226675,103.21612529843127,5455344
2005-01-28,107.03011322021484,107.49503651287233,103.15305671182695,103.18294290046691,8393816
2005-01-31,107.95994567871094,108.90638215469664,107.11811592627002,107.76069429413293,5853384
2005-02-01,109.1936264038086,109.58714306132659,106.84746448479342,108.50787574329837,8019840
2005-02-02,108.67056274414062,109.8743605735727,108.17576356896392,109.50409220833723,4870456
2005-02-03,109.14008331298828,109.44475606315058,108.38257274011872,109.21500417437463,3327616
2005-02-04,108.75386810302734,110.04747021028692,108.26274153160719,109.04855217509521,2684040
2005-02-07,109.36151123046875,110.77164518078862,108.29932792384393,109.26494634036203,5944216
2005-02-08,109.54798126220703,110.1306832901975,108.88203608736079,109.36151742617145,3284432
2005-02-09,110.94648742675781,111.8455074555304,109.94423653125415,109.96421407668119,5537936
2005-02-10,110.9347915649414,111.83714424154708,110.13066009048514,110.7133619957258,4376648
2005-02-11,115.02198028564453,115.4581732925166,111.37926161888048,111.37926161888048,10367096
2005-02-14,117.34449005126953,118.038734771628,115.79617017472,115.79617017472,8875264
2005-02-15,114.98871612548828,117.78901592849869,114.37604797580015,117.37280032451106,3976720
2005-02-16,113.88996887207031,116.45718517684786,113.29394497904927,116.45718517684786,3126832
2005-02-17,115.03031921386719,115.37494689800893,112.42813886268377,113.88989270668075,4124976
2005-02-18,114.45933532714844,115.87446892755682,112.79447226784447,114.87555109197443,2545144
2005-02-21,113.67349243164062,114.5259012620556,111.97033109772289,114.12633017713586,1777152
2005-02-22,113.49864196777344,114.03972215635724,112.46143611949509,113.60186260621309,2139040
2005-02-23,114.45597839355469,115.05033560070858,112.8077704067265,113.49868233481826,5166816
2005-02-24,113.87325286865234,116.19907087815923,113.31052857597054,114.45595469680693,10806440
2005-02-25,113.54863739013672,114.79228496905421,112.64128517207384,114.60915413378237,5070896
2005-02-28,114.95048522949219,115.29178016373811,111.54583784794879,114.79232118829954,6402408
2005-03-01,112.9991683959961,119.87005670344502,112.46142125441266,114.95871410240109,4958152
2005-03-02,113.87663269042969,114.45933475829008,113.34387448179666,114.45933475829008,2658112
2005-03-03,115.67133331298828,116.12417108111057,113.54363394597478,114.04309274632364,2891160
2005-03-04,115.8960952758789,116.83174735951691,115.04201984385634,116.04093752701573,4017872
2005-03-07,116.55701446533203,117.20631487655486,116.0409111774982,116.1241542988594,3658032
2005-03-08,117.70250701904297,118.2802198911395,116.1541861206872,116.87340831431146,5027680
2005-03-09,117.1646957397461,118.7463150783288,116.12915616611657,117.28956042437105,5422088
2005-03-10,116.50379180908203,117.3728454467765,115.72962642344304,117.3728454467765,2302280
2005-03-11,118.82624053955078,119.44557473909983,116.95660300581883,117.0398461396308,5205744
2005-03-14,120.8573226928711,121.53492272800995,118.20519881765351,118.8711435997248,6534032
2005-03-15,120.09153747558594,121.70145677400696,119.0376765983789,120.78578233863482,4146480
2005-03-16,120.87403106689453,122.16762247048271,119.87011398474486,119.87011398474486,5473416
2005-03-17,121.61490631103516,122.6754232041626,119.87013317977063,120.53607836410269,6805328
2005-03-18,122.25918579101562,122.57551376210459,118.62146493106897,121.45173146275762,6123464
2005-03-21,121.24022674560547,122.78355687488894,120.25296492462314,122.38066316738328,4354120
2005-03-22,120.16650390625,121.29360941076014,119.8784756556767,121.10215623492483,2684432
2005-03-23,118.31013488769531,120.53605542988117,117.65251211098894,119.87011037225751,3439416
2005-03-24,115.23847961425781,119.70364315551885,114.68075460435689,119.03769799192764,5954576
2005-03-28,115.90775299072266,117.27793185680214,115.20850856539244,115.79121055958156,3699728
2005-03-29,114.1180191040039,116.37390609543922,113.3937977116507,116.12417668321726,3053400
2005-03-30,115.75460052490234,116.54041099004974,113.21068496176261,114.1346819023088,4115256
2005-03-31,119.20915985107422,120.29464334028826,116.31229490558383,116.91497434489264,6914640
2005-04-01,120.78246307373047,121.28525489064519,117.7057998732823,119.28741953211707,5562672
2005-04-04,118.85124206542969,121.26862642176371,118.47998086371541,120.86905523242145,5257360
2005-04-05,118.65978240966797,120.07824899786921,117.88062771180915,118.95446642492554,3367832
2005-04-06,119.98339080810547,120.53612675237459,118.78801994173932,118.78801994173932,1953408
2005-04-07,118.63807678222656,120.70250998309413,118.37170289376542,119.95332199009562,2483216
2005-04-08,116.00438690185547,119.44565759554075,115.71303573141061,119.09603009409348,4052280
2005-04-11,113.5103759765625,116.54042916721386,113.21902490364445,116.29069967614126,2822992
2005-04-12,115.04205322265625,116.4571870177251,113.6269194275874,116.4571870177251,4112696
2005-04-13,116.67354583740234,117.12306068255909,115.33833320682723,116.04090020716941,4638600
2005-04-15,109.79769897460938,116.12417745987875,109.46472642275309,116.12417745987875,9862480
2005-04-18,109.76937103271484,112.26998734672839,107.46686358124994,108.21605163100304,6024304
2005-04-19,100.61593627929688,112.28662561953563,98.06869931555109,110.71332891320353,27235152
2005-04-20,92.91598510742188,99.89176402654883,91.00972540646114,99.89176402654883,47498256
2005-04-21,95.09696960449219,95.5631291779349,92.39988971037259,93.64853686862087,13252336
2005-04-22,97.12474822998047,97.53264157013032,94.91880544264453,96.56202389847854,12958672
2005-04-25,96.30896759033203,97.21965270855053,95.56311240374365,96.96160104011166,6880584
2005-04-26,94.62249755859375,96.87839536317493,94.40606737112066,96.31233780068956,5539000
2005-04-27,92.87104797363281,94.9887486587913,92.4831320811551,94.9887486587913,6537368
2005-04-28,92.79947662353516,94.06476856080772,91.33106609670813,92.82444347402968,8728872
2005-04-29,94.15631103515625,95.28841567575331,92.98758429149296,93.96485791532528,11065704
2005-05-02,93.97319793701172,98.06043473801597,93.07416781538376,95.72962644203596,5129600
2005-05-03,92.28334045410156,94.48096132245118,92.01363350078077,94.06474563380601,5503048
2005-05-04,93.30392456054688,93.60693087408796,92.10855403484068,92.10855403484068,4792144
2005-05-05,94.63578033447266,95.7295962448609,93.69513909436667,95.72626326808947,6495064
2005-05-06,97.18633270263672,97.53594970642658,94.24452398665153,94.89714713576518,8188664
2005-05-09,97.83232116699219,98.41502307336056,97.08313300166141,97.39446149299991,4739040
2005-05-10,95.93770599365234,98.0604057791952,95.41826968258185,98.0604057791952,7075952
2005-05-11,95.65474700927734,95.94609817248815,94.72741665898944,95.5631815331441,3213288
2005-05-12,95.45991516113281,96.70356294009957,95.1602418545218,96.47881050052064,3608944
2005-05-13,95.61307525634766,95.81286083861859,94.9105079831564,95.64637454697895,2388752
2005-05-16,96.08758544921875,96.47050196007467,95.08533453239308,95.31341998213625,5775200
2005-05-17,95.7762222290039,96.95327116594682,95.26344169388513,96.65359792493483,4666576
2005-05-18,95.1219253540039,96.06257683475629,93.48203967541708,96.06257683475629,4588224
2005-05-19,96.77017211914062,97.56098212785618,95.99600667758013,96.01765071179277,3659448
2005-05-20,97.36615753173828,97.78569597664408,95.49651001330504,96.9782417196357,3265616
2005-05-23,101.87293243408203,102.79692901666837,97.39444859641091,97.39444859641091,10362016
2005-05-24,102.79360961914062,103.61271916775145,100.32961501958228,103.61271916775145,6128856
2005-05-25,104.93295288085938,105.66881922103681,101.14039143241838,102.36406123946438,7894472
2005-05-26,107.38868713378906,107.88314667853628,104.15052583775439,104.71990626666562,9782096
2005-05-27,105.65217590332031,108.13282522717947,104.49177155554575,106.80093515509719,7363480
2005-05-30,109.8060531616211,110.96813461508758,105.21935695938218,105.65221733796199,17893184
2005-05-31,111.06797790527344,111.78719975787357,108.67890417203596,109.8809300750266,10365568
2005-06-01,108.59063720703125,110.71333651617597,108.01293490002922,110.71333651617597,7530088
2005-06-02,105.59888458251953,108.96523107605204,105.3108565118636,108.8819879659863,11076624
2005-06-03,107.64669799804688,107.94137179349703,104.97459532992194,105.59891885805933,6548528
2005-06-06,106.58451843261719,108.35759121678116,105.74376475135968,107.799866243679,5792512
2005-06-07,106.35645294189453,107.28378291390015,105.64056383662526,107.28378291390015,3698192
2005-06-08,107.55843353271484,107.88308373366054,106.22654361007706,106.55119381102276,4832512
2005-06-09,106.32646179199219,108.13283378053262,105.83199227963118,107.71661810008408,3598336
2005-06-10,105.39913177490234,108.21607664796026,104.97791662980663,106.55121393029933,6642624
2005-06-13,105.85691833496094,106.80089219864882,104.90294554469988,106.13494743045771,2590032
2005-06-14,105.39083099365234,106.54291338407748,104.90301717572852,106.30150620846577,3452384
2005-06-15,105.89859008789062,106.37640487267164,105.41078653331166,105.69880453041584,2791072
2005-06-16,106.35977172851562,107.20885797967982,105.29093249720952,106.36810417296749,4593552
2005-06-17,105.52398681640625,107.0889515308019,105.14439327400962,106.77595655561984,3067992
2005-06-20,107.87482452392578,108.37927284306794,105.7438014340864,106.13504026299704,6412672
2005-06-21,108.64060974121094,109.24828867053743,106.82591555717404,108.21607179953118,10463544
2005-06-22,110.99309539794922,111.46258802619454,108.96529329819914,108.96529329819914,11537376
2005-06-23,108.83209991455078,111.35936081212218,108.63231431568965,110.71339313399788,3676944
2005-06-24,110.36042785644531,111.40430010035067,107.79986801635559,108.21608372298245,6021320
2005-06-27,109.58629608154297,110.96314131169537,108.88206214230874,109.85600312897392,3548128
2005-06-28,110.17729949951172,110.54689417781927,109.38648963905291,109.71446274575737,5776112
2005-06-29,110.92650604248047,113.04087409864579,110.06077517836776,110.29718289875208,6446640
2005-06-30,113.05249786376953,113.62687751869457,111.44591148001147,111.44591148001147,7189000
2005-07-01,112.57803344726562,112.93597288058643,111.57578271093357,112.37824786320544,4820568
2005-07-04,113.13243865966797,114.20127784478963,110.7966310273483,113.11079462806357,3951648
2005-07-05,109.89759063720703,114.02312558095349,109.26494479817731,114.02312558095349,5187376
2005-07-06,110.5577392578125,111.35155570579792,109.97784034872447,110.80006421354325,3057216
2005-07-07,109.43470001220703,111.96989614805473,108.89991637863419,110.55773646257549,3488888
2005-07-08,109.55497741699219,111.08412200812003,108.08934913100565,109.51319762160777,6088000
2005-07-11,110.80502319335938,111.13424304737035,109.55496492193151,109.55496492193151,3791264
2005-07-12,107.4493179321289,110.38225856867791,106.31290913450994,110.18171343965128,6150600
2005-07-13,106.1841812133789,108.62746271253228,105.869996351368,107.37406891200307,6469840
2005-07-14,102.36048889160156,107.59967065113844,101.63853287246307,106.84429895900799,8860408
2005-07-15,104.32083892822266,105.4438855144109,101.52995580690553,102.86189124095664,9341720
2005-07-18,110.4825439453125,123.58469863071117,104.61666172119702,104.61666172119702,14475608
2005-07-19,110.22846221923828,113.47391356258731,105.285074439514,112.67174360688657,4677744
2005-07-20,109.31768798828125,111.55207097593734,109.05865525675604,111.55207097593734,3494304
2005-07-21,107.81695556640625,110.38223119698154,106.95628760949006,110.38223119698154,4198984
2005-07-22,108.12281036376953,108.4486949451056,106.15415087985438,107.37411937907306,5179296
2005-07-25,107.32059478759766,108.82466742160142,106.5551860800306,108.34336336270859,5433024
2005-07-26,105.724609375,107.9589920318456,105.28508510845623,107.44593491690281,5229680
2005-07-27,107.33226013183594,107.6247186063096,105.70284863119693,105.70284863119693,2597408
2005-07-28,214.66452026367188,214.66452026367188,214.66452026367188,214.66452026367188,0
2005-07-29,106.02041625976562,107.79187556102023,105.45220694419189,106.5384816591479,8358552
2005-08-01,104.63334655761719,106.5385098730535,103.83619476102089,105.87003294835984,5430792
2005-08-02,107.81695556640625,108.46036040399852,105.11797641620196,107.95900280582903,4821520
2005-08-03,108.6909408569336,109.24577759393671,107.20692216281496,108.41853585834171,7274320
2005-08-04,108.23139190673828,110.2819474439703,107.6247484866791,109.04526147136353,6346936
2005-08-05,107.40747833251953,109.29592266265603,106.72228370644441,108.62744607144712,3162848
2005-08-08,107.21197509765625,107.79187377055356,105.89172946288893,107.79187377055356,4109360
2005-08-09,107.32396697998047,107.54121992970788,105.619348866473,106.53850459236794,4743752
2005-08-10,109.71876525878906,110.01957775679,107.42923034597536,107.42923034597536,6958080
2005-08-11,109.70204162597656,111.05069462672486,109.17895777884132,110.01957214665282,3645312
2005-08-12,107.19528198242188,111.0005899540922,106.58863838693391,111.0005899540922,3821832
2005-08-16,106.04216003417969,107.79189331328743,105.70290313279737,107.79189331328743,3653408
2005-08-17,108.55732727050781,108.79463375383678,105.39376103375753,106.95632196997778,5637488
2005-08-18,110.02635192871094,110.97276526157727,109.32283465247461,109.46521071462753,7813656
2005-08-19,111.00286102294922,111.5589821005109,109.80854257385278,110.1351812779068,4966272
2005-08-22,110.37471771240234,112.9325373805896,104.27247589225698,110.97271530702048,4492016
2005-08-23,110.22398376464844,111.44677558287913,109.96769466404555,111.14023672443903,4686416
2005-08-24,108.51876068115234,110.38645671661843,107.53885464653874,110.22398080002223,4036760
2005-08-25,110.8604965209961,111.39148766722464,108.87889771984364,109.2976627110738,6341224
2005-08-26,114.3027572631836,114.74162221199177,110.97273681086794,111.262518950108,8198664
2005-08-29,113.51546478271484,115.4116339283889,111.39148993088332,114.74160992880464,4081336
2005-08-30,115.94428253173828,116.50040358591467,113.54057592180335,113.54057592180335,5807592
2005-08-31,117.66123962402344,118.54064613352203,115.57914124838501,115.64614773861072,7408896
2005-09-01,119.28602600097656,120.10177924854412,118.00795464518735,118.07998098469247,7600184
2005-09-02,119.53227996826172,120.60432247980647,118.51552752426005,119.7667924625856,4920864
2005-09-05,118.113525390625,122.85729729224434,117.7868865939034,120.60433918903128,7254784
2005-09-06,117.12518310546875,118.92085222051571,116.24913025139959,118.51046059490663,5023440
2005-09-08,117.7651596069336,118.51056378432213,116.85727942264523,117.2542680551597,2878192
2005-09-09,116.58081817626953,118.42673749769358,113.1502986982914,113.1502986982914,3741776
2005-09-12,119.78355407714844,137.18743411898637,117.7986117755521,119.68305455191181,6631072
2005-09-13,119.13025665283203,119.85053033194903,118.14196726779103,119.85053033194903,2244984
2005-09-14,117.26757049560547,119.51549752330209,116.16537846168185,118.92922668751855,3890080
2005-09-15,121.43351745605469,121.84055594566615,117.42174536633343,117.42174536633343,11040736
2005-09-16,122.07832336425781,123.76175596599575,120.28600781528647,121.84046779924508,5480184
2005-09-19,121.79027557373047,123.95445041288215,120.8555891525601,123.76181440719768,2877448
2005-09-20,123.15543365478516,123.95444054993156,118.92926052763703,121.86061554064217,6293424
2005-09-21,121.74837493896484,123.6194138826405,117.2541866095506,123.45190790176972,6215320
2005-09-22,117.37647247314453,124.54070714286337,117.00293737631482,123.61942417139632,6482408
2005-09-23,118.29773712158203,119.75002123276404,117.2843280546852,117.2843280546852,3815824
2005-09-26,122.7735366821289,123.36818099519573,118.59425953102318,118.92927156359669,2290048
2005-09-27,122.47200775146484,124.03818465661455,121.13195984160271,123.53566669041624,6404008
2005-09-28,123.07501983642578,123.52728803096674,121.19057754563329,122.6143783875654,5900064
2005-09-29,123.35643005371094,125.16047276543772,122.69813276619806,123.95442764093728,8421888
2005-09-30,124.15209197998047,124.94272559166764,122.63616477202379,123.95443613299733,4982976
2005-10-03,125.45361328125,126.03988424637149,121.89411099301232,121.89411099301232,4472520
2005-10-04,124.77185821533203,125.79699401980349,124.23081715845929,125.6127415268526,6350472
2005-10-05,123.11691284179688,124.70821987852759,122.6981478321309,124.28945486886161,6577720
2005-10-06,119.31958770751953,122.70321196931424,118.69144001871203,122.70321196931424,8233792
2005-10-07,121.00636291503906,121.77688658106987,118.52726543562108,119.34804909080094,6206624
2005-10-10,121.31620025634766,123.53565438599433,120.88068881852203,121.42508322768066,5371728
2005-10-11,122.92926025390625,123.51888443521223,119.09672352291979,122.27933638780793,11565120
2005-10-13,120.71320343017578,124.37320545403499,119.79694029047835,123.11691044944877,13605792
2005-10-14,119.26931762695312,121.60937184443549,118.5105104406861,121.44186582261119,5226192
2005-10-17,120.1152572631836,120.77187820436052,119.25595029384266,119.76684176992755,4388816
2005-10-18,120.93769836425781,122.9385626744764,120.11016396590615,121.02498734787804,10941600
2005-10-19,117.63419342041016,122.53562028067289,115.16334309079268,122.53225986193392,10058832
2005-10-20,118.87305450439453,120.43748409869463,116.74966807471357,118.76730369874181,6352952
2005-10-21,119.8718490600586,120.58860249883547,118.2553835931727,119.93395539719218,5923416
2005-10-24,118.12944030761719,121.19283254294794,117.58894533501743,120.20247150304104,3149632
2005-10-25,120.85710144042969,121.7803154097663,118.2133523464203,119.04088654769456,5420312
2005-10-26,119.36819458007812,121.2767285755557,119.10297755066675,120.8570859161247,4142808
2005-10-27,117.60903930664062,119.92546441221555,116.66064293149932,119.43028409462126,6771944
2005-10-28,114.32416534423828,118.25537743591053,113.72323380103532,118.25537743591053,4501496
2005-10-31,117.60575103759766,118.17142879045976,114.1730704107692,114.56250021234202,2851968
2005-11-02,119.93387603759766,120.52137578025909,116.52637957919785,117.60905972542469,2852888
2005-11-04,119.93387603759766,119.93387603759766,119.93387603759766,119.93387603759766,0
2005-11-07,122.93522644042969,123.1819715454908,118.17143946728955,118.17143946728955,4188480
2005-11-08,123.96248626708984,124.57180844777382,123.40855980606418,123.71070058069765,5782184
2005-11-09,122.26716613769531,124.47113158880437,121.71826991597639,123.9625194484614,5000792
2005-11-10,123.35488891601562,123.9541402958087,122.28395925624284,122.28395925624284,3095696
2005-11-11,124.43755340576172,124.88572916192399,122.95537178912544,122.95537178912544,5919888
2005-11-14,126.75736236572266,127.1232898140771,125.05360777249128,125.05360777249128,8040360
2005-11-16,126.87481689453125,127.31964241964896,126.08253610065769,126.83789324091929,6742576
2005-11-17,126.53575897216797,127.4035775739467,125.26003847780649,125.89286321536235,4878464
2005-11-18,128.15557861328125,128.494653347996,126.90001036065968,126.90001036065968,8707720
2005-11-21,127.45892333984375,129.14084436637802,126.39638512215751,128.36031506751456,6597336
2005-11-22,125.88111877441406,127.97430288719558,124.8857270449968,127.06787012508411,4751000
2005-11-23,127.29109954833984,127.73927521427659,125.80891823009239,125.89284679462213,6054776
2005-11-24,127.92896270751953,128.67927920433783,127.23571190089838,127.23571190089838,4544088
2005-11-25,128.7212371826172,129.24999124487528,126.76234732681779,127.92895643968865,3344264
2005-11-28,129.89285278320312,130.08924270676712,128.9142430952221,129.14924711560454,2535248
2005-11-29,129.69984436035156,130.0892741265139,127.61842212143895,129.65284969203486,3303424
2005-11-30,127.66374969482422,130.29910892271724,127.15178745115401,128.57857318492933,4023376
2005-12-01,130.09767150878906,130.48039069744414,127.46735305023512,127.57142365518101,4161968
2005-12-02,130.08929443359375,132.1371537627472,129.33897787242165,130.4804044713176,4784360
2005-12-05,128.52490234375,130.43343792788954,128.09686852387213,130.25718991325638,1913080
2005-12-06,130.42501831054688,131.76787564192958,128.10020065366587,128.8303752295299,3233064
2005-12-07,133.9130401611328,134.28567799989412,130.95371871259542,131.09639314739664,5618952
2005-12-08,135.6755828857422,136.3587524743346,133.636114403652,133.8660778808354,9585192
2005-12-09,141.2266387939453,142.22539109580015,135.23414547319535,135.79646294603327,6194224
2005-12-12,138.4989013671875,143.0981904122355,137.81069129436406,138.51233280502763,6191488
2005-12-13,139.9593505859375,140.8322101951844,138.06256601375347,138.65006629466308,6027072
2005-12-14,141.32725524902344,142.67850254764411,137.6427906930214,139.32136131122897,4819208
2005-12-15,141.2350311279297,142.5527058534628,140.0264574190215,141.83092205007802,4249016
2005-12-16,143.8871307373047,144.86070002096926,141.25177180491963,141.83927174706724,7907432
2005-12-19,145.5791473388672,147.1267852736856,144.1053567113053,144.86071385190039,4701168
2005-12-20,142.13304138183594,146.8750058566359,141.58750564579702,146.8750058566359,4628568
2005-12-21,141.51199340820312,143.90395822080697,140.2446737495105,143.09824580665193,3282432
2005-12-22,141.3944549560547,142.653383480903,140.91270579349433,141.8392804662424,2519208
2005-12-23,140.30844116210938,143.09822629082697,139.74108315203924,141.58751187837248,2455032
2005-12-26,139.56478881835938,140.49639368082617,139.00750201304675,140.49639368082617,1625280
2005-12-27,142.52413940429688,142.93035080334175,137.89463674098093,139.55306605846667,1565208
2005-12-28,141.4750518798828,143.51787063180217,140.71969466603122,142.25894194204952,2582056
2005-12-29,143.5229034423828,144.34875774919962,141.1393298706495,141.83929131535209,3461784
2005-12-30,142.9186553955078,144.34880202626363,141.0000488178027,141.0000488178027,2380248
2006-01-02,141.63787841796875,143.59341855235687,141.11416486562715,143.35002360609568,1653504
2006-01-03,145.46502685546875,146.03238493866914,141.16788718201113,141.44149520270435,3396936
2006-01-04,146.29588317871094,146.86660153273678,144.54177407829397,146.03570666988807,3545616
2006-01-05,145.3944854736328,146.53927231264532,144.5165959752365,146.45534374889237,1431824
2006-01-06,143.1486358642578,146.02739129935728,142.00720881173612,145.61613905931569,2965744
2006-01-09,141.75201416015625,145.19644643378558,141.08394592785754,143.53130624044618,3883272
2006-01-10,140.37046813964844,142.6617211347092,139.40529003285863,141.83921743258944,3972648
2006-01-12,140.47129821777344,141.7554099369482,135.54469333817133,138.73398024024593,13919696
2006-01-13,138.6298065185547,141.83923307938724,137.97852022633884,140.99994767655062,3608568
2006-01-16,135.02096557617188,138.5661085637852,134.50061239193676,138.5661085637852,4804912
2006-01-17,136.24961853027344,137.64283049724517,135.12497384180776,135.208902396989,3753056
2006-01-18,136.17909240722656,136.53560775771874,134.71097873972647,136.06472913103656,3165120
2006-01-19,138.76881408691406,139.13373562852198,136.5355492681503,136.5355492681503,3574728
2006-01-20,138.2340087890625,140.40841842554238,137.47725326649464,139.1589322055343,3294240
2006-01-23,136.3976287841797,137.4772638723701,135.4844782815333,137.4772638723701,2280272
2006-01-24,138.11631774902344,138.65445717354086,137.0904974899088,137.47728167297714,1890064
2006-01-25,138.83941650390625,139.5759927396097,138.191974183518,138.65443591641082,6365736
2006-01-27,139.5087432861328,141.2610501051403,138.78897967546934,141.2610501051403,3003816
2006-01-30,139.48690795898438,141.22744213305953,138.91513282422886,140.03345379561708,1383144
2006-01-31,140.453857421875,141.22742579549617,138.9369794062283,141.22742579549617,1503160
2006-02-01,140.13929748535156,141.09280618597188,138.77209223717318,139.24296009771717,3896696
2006-02-02,137.6285858154297,140.92467188756882,137.02822530134645,140.420168288926,3135736
2006-02-03,137.1240692138672,138.55349594114185,135.576922938575,137.8892308797546,4357520
2006-02-06,141.18202209472656,141.51330797805286,136.7507911409609,137.04845165082773,2894976
2006-02-07,140.76492309570312,142.39615359837634,138.25586117877398,141.2610203987436,7002784
2006-02-08,139.78953552246094,140.59673920858737,138.93692322898966,140.0838292814556,3332648
2006-02-10,140.38650512695312,141.09281207934598,138.32309279285212,140.4335970470493,2728200
2006-02-13,138.82257080078125,140.42016549806462,138.57031900647334,140.38652987265988,2020544
2006-02-14,136.09490966796875,140.42018270423262,135.71148196684518,140.42018270423262,6962064
2006-02-15,136.1621551513672,138.5619138597501,134.95471111724385,138.5619138597501,4209320
2006-02-16,136.9862060546875,137.88086048302895,135.54332264929647,136.63641396098436,5284488
2006-02-17,136.63645935058594,139.2766982179456,136.21603947566106,138.73855872521034,2923448
2006-02-20,138.7267608642578,139.15895364989026,136.83823840922466,137.81361029134146,2643608
2006-02-21,140.0839080810547,140.50432797325473,138.83105474946703,139.15898431821458,2301240
2006-02-22,139.7357177734375,140.42016219090453,138.84779681574483,140.42016219090453,1156592
2006-02-23,140.46722412109375,142.09340409552877,139.57929308886926,139.57929308886926,4141584
2006-02-24,140.4252166748047,141.26100603371123,139.2682209471107,140.44202935557652,1097336
2006-02-27,142.13221740722656,142.522368367081,140.11756821619693,140.1680165592472,2521112
2006-02-28,143.010009765625,143.2790743441771,140.42021957439894,142.52231866982407,2821744
2006-03-01,146.3228759765625,146.76011864604612,141.87147688568405,142.94270551648117,4506152
2006-03-02,146.4574737548828,147.48329415818793,144.65470796897398,146.76017401617307,3277696
2006-03-03,143.42710876464844,146.4743117657844,142.72080119009874,146.4743117657844,2124440
2006-03-06,146.66766357421875,147.3991899606601,143.78357948244653,144.28808327010424,3631584
2006-03-07,145.01954650878906,147.14687399274473,144.6243561528691,146.3194910152279,1985168
2006-03-08,144.83969116210938,146.30611070119278,143.36317169283544,145.63343892785394,3813488
2006-03-09,145.0330047607422,145.2970295298963,142.1018402231046,144.62435809688753,4662712
2006-03-10,148.29551696777344,149.24902618220787,142.10188971714442,142.27005763396943,6434944
2006-03-13,153.75592041015625,155.3535155795737,149.14812576422406,149.14812576422406,7178552
2006-03-14,151.61683654785156,153.68024995152928,150.60277906104733,153.44482102146299,3477456
2006-03-16,154.32766723632812,154.70604497051454,151.88082660808658,152.78052067037976,4600064
2006-03-17,156.48025512695312,158.119892405285,154.7144919041342,154.7144919041342,5932240
2006-03-20,160.43215942382812,161.0207470108128,156.85859193142105,157.57330542990246,7012872
2006-03-21,161.03756713867188,162.70243335306225,159.64682566989327,160.43216684115907,5301384
2006-03-22,159.20115661621094,161.44115385768455,158.17869310114966,161.44115385768455,5121168
2006-03-23,157.59011840820312,161.3570830776361,157.09066472453216,159.75948819567932,2644488
2006-03-24,159.04139709472656,160.1798968640528,157.15792515394614,158.66638602754207,2917384
2006-03-27,158.99940490722656,160.60036682227786,158.54535972544085,159.33910739697203,2928432
2006-03-28,158.71685791015625,160.68442434269346,158.16190590717238,159.75950091633572,3751272
2006-03-29,159.6047821044922,160.0033391781384,156.98472353405305,157.99373086260613,4284296
2006-03-30,165.485595703125,169.0087147449167,160.0033270717867,160.0033270717867,5784168
2006-03-31,161.06275939941406,164.62791989574998,160.60029780886498,164.62791989574998,2920168
2006-04-03,164.02761840820312,164.46821751538394,161.44119510712534,162.02978279762007,3105672
2006-04-04,163.8426971435547,164.80461301927932,163.12798326056293,163.99740880426148,2971608
2006-04-05,162.4552459716797,165.238422742791,161.44118857912298,163.9721134930794,2776928
2006-04-07,158.85641479492188,167.9156170699946,157.65737706872304,163.79550428259864,7385560
2006-04-10,159.263427734375,161.43783772399368,158.0778459426363,159.75952515479202,7034440
2006-04-12,149.7367401123047,159.75954537995275,148.24004131834562,159.6081901260354,13157376
2006-04-13,151.11236572265625,153.84845140428158,148.8286419919123,151.77158124033994,8601672
2006-04-17,160.3111114501953,160.68443928657865,152.63424219180467,153.45321909890424,9688752
2006-04-18,168.9667205810547,175.56731155672665,166.31807579463856,166.31807579463856,14778488
2006-04-19,169.2407989501953,172.37208418518813,167.99971912292972,170.60632137158376,9803312
2006-04-20,167.31866455078125,170.26664268353395,166.06581156512982,169.84118320746674,6296944
2006-04-21,168.0888214111328,170.6870065653766,165.22491790728063,168.16785537636704,4973000
2006-04-24,166.42391967773438,168.13923348580337,165.22488230612643,167.9996513219545,5234808
2006-04-25,162.02642822265625,166.4778385108155,159.67544392833597,166.4778385108155,5702208
2006-04-26,163.32130432128906,164.4682106621037,160.6003488571667,162.113859998229,7071136
2006-04-27,163.61557006835938,168.42012750866738,162.28200004579534,163.3212762858929,7164848
2006-04-28,166.3231201171875,167.4111616149523,153.9039132703326,160.3481090907655,5292360
2006-05-02,169.27450561523438,170.21960871570354,166.48627800458735,166.82261391974814,6239280
2006-05-03,170.8216094970703,171.52286682812974,169.43422419936337,170.18592985205385,3148160
2006-05-04,171.84234619140625,173.03633404846875,169.95887412350257,170.52223242278848,3929824
2006-05-05,168.7279052734375,172.7925206217893,167.7474835233429,172.7925206217893,2710520
2006-05-08,169.80418395996094,175.90363746520066,169.00875301388783,169.93367653784443,1484712
2006-05-09,170.25823974609375,171.90124354853867,168.58833359366753,170.85860043009097,1800392
2006-05-10,169.9925537109375,172.11988220338338,168.3613329458357,171.9012659397863,1978192
2006-05-11,169.74029541015625,170.63159364717453,168.62198483829835,170.63159364717453,1964024
2006-05-12,167.84506225585938,170.25826811546023,165.67065199969355,169.0928655102757,2777136
2006-05-15,164.88021850585938,168.25198282549349,161.44118292101325,166.4862198872949,4034504
2006-05-16,166.04055786132812,167.74746600706123,161.4243576095992,164.8011613646939,2671568
2006-05-17,169.56036376953125,169.84960767957693,167.3270887536426,167.74750857463167,1343368
2006-05-18,161.9171142578125,168.15950635606202,159.7595170639227,167.32707313537168,4542360
2006-05-19,159.1171875,164.78781745850577,155.6815166970032,163.96379020208275,4868216
2006-05-22,149.71145629882812,161.44116601727043,146.64239246568732,161.44116601727043,4699416
2006-05-23,153.89044189453125,157.57332302718908,143.02679961005796,151.35111069847403,5388136
2006-05-24,150.56578063964844,158.0778384503412,147.98776365563856,157.23699888411596,5705568
2006-05-25,157.82220458984375,159.6249697818765,146.72649003749726,149.66942823309176,5839048
2006-05-26,156.9309539794922,159.7595399072327,154.79858577327124,158.9187002235104,2208184
2006-05-29,155.60235595703125,156.81652292894861,154.73965404997367,156.81652292894861,2802688
2006-05-30,156.4264373779297,159.34751337918564,154.2940693460771,156.8165881909721,4516056
2006-05-31,149.91331481933594,154.8069978542928,145.4652706747731,154.8069978542928,5769856
2006-06-01,143.7298126220703,153.4532867758279,142.10194775405432,153.4532867758279,5942760
2006-06-02,150.8466339111328,151.35113770347775,141.9337335797058,144.19559430155007,4213560
2006-06-05,148.6267547607422,151.721047535072,147.50507799231215,150.84657259761775,3211680
2006-06-06,147.05438232421875,150.32524914493567,142.1018369596012,146.70964027554936,2971136
2006-06-07,143.27566528320312,151.3510900619249,142.375971242385,151.3510900619249,5410536
2006-06-08,138.56192016601562,145.04478957779259,135.4760335567967,145.04478957779259,5360992
2006-06-09,140.51771545410156,142.27002183249655,136.6363980365289,140.79518628854578,4061912
2006-06-12,137.79344177246094,142.85865909364827,136.30010970618235,142.85865909364827,3591904
2006-06-13,132.04205322265625,137.00637226598252,131.25502878527695,136.3000651255182,2736984
2006-06-14,124.75203704833984,136.63309692171205,122.0277141219593,131.33580633425558,12786016
2006-06-15,130.37718200683594,133.35711152677,126.20997755465436,133.35711152677,5967360
2006-06-16,142.09376525878906,144.623624580904,133.27299114781977,133.74522949580978,8390168
2006-06-19,140.6906280517578,142.0938588486088,137.98367885297324,141.67221535054168,4294088
2006-06-20,135.54652404785156,142.34678894456218,134.9258662981632,142.34678894456218,3687920
2006-06-21,138.40872192382812,138.8893914743413,134.50429836161163,136.61251620427012,5963496
2006-06-22,141.39894104003906,142.51545180342657,139.1423050151798,139.1423050151798,3668104
2006-06-23,142.9253387451172,143.35878949687967,137.03413701907616,139.14235451167733,3304720
2006-06-26,137.7509307861328,145.04536330097852,136.4489006055425,145.04536330097852,6575056
2006-06-27,138.68360900878906,139.81698177273617,134.92591727163926,139.81698177273617,5002632
2006-06-28,143.2406768798828,144.4179121136515,135.43184409250753,136.61244547313962,4785400
2006-06-29,141.73968505859375,145.0453660271823,140.82893096825256,144.20207901539635,6318576
2006-06-30,146.62741088867188,149.0088531971742,143.83613222261923,146.31033406740082,5449760
2006-07-03,151.80850219726562,152.42410574610648,146.0910232452816,146.9005766028866,4285520
2006-07-04,153.06494140625,154.4057690950999,152.21322403968068,152.71919597554665,3584768
2006-07-05,155.3841094970703,157.02008885110345,151.79170780450386,153.22529615599086,4245072
2006-07-06,152.15431213378906,154.49021353745724,151.1305602476619,154.15289866073792,2310920
2006-07-07,147.29693603515625,154.47331663369488,146.73193786329495,153.45293112942093,2928672
2006-07-10,151.65330505371094,153.2757878335831,146.7318851302575,146.7318851302575,3859312
2006-07-11,149.2583770751953,153.0565438598899,148.68494826635168,151.79161374534536,3618984
2006-07-12,159.40647888183594,160.98342079294622,150.1050230547115,150.1050230547115,9521616
2006-07-13,157.47201538085938,160.11993820574506,156.0299968950803,159.5498754593342,5383576
2006-07-14,158.0572509765625,159.8871792373533,153.90827369335335,155.16477309954118,4949808
2006-07-17,156.76699829101562,161.40507516353088,156.09236892774067,158.94268210518817,8996832
2006-07-18,154.7010040283203,164.4409691224991,153.09875868815237,156.85138593222993,11043936
2006-07-19,148.21267700195312,159.80280249621958,147.20073313390319,158.70652997249883,14046384
2006-07-20,152.31118774414062,153.47829453010573,149.26185786719074,149.7593994522217,6312720
2006-07-21,149.05596923828125,152.19636767160242,147.79440550143786,151.62292867358036,4391664
2006-07-24,153.31460571289062,154.49014257717502,146.31026057390758,151.36998140067095,6825088
2006-07-25,155.78041076660156,156.4297376354004,153.9049413124899,155.16480714239177,4636600
2006-07-26,159.28004455566406,159.80287835139163,154.5323348701452,156.68271661049374,5908720
2006-07-27,160.19924926757812,161.90774978767593,158.15849856499747,159.80290844077325,7399848
2006-07-28,156.83761596679688,164.69258828255988,156.08590150032296,158.8055759629466,3019608
2006-07-31,158.1383514404297,163.01180917613004,157.09946376559685,157.94408453853015,1724700
2006-08-01,157.43728637695312,158.74644836131083,145.78152161299414,145.78152161299414,1762508
2006-08-02,158.822509765625,159.21103330207137,155.41023940361345,156.25486026993744,1784732
2006-08-03,159.58265686035156,160.8158011728286,158.29882705135574,159.21102164431824,3010272
2006-08-04,160.23294067382812,162.80903300077168,159.29541405296928,162.16712353218506,2674200
2006-08-07,158.12991333007812,160.81581178976782,157.26840417675822,160.64688761771976,1719964
2006-08-08,161.28878784179688,161.82934722234742,157.94409149571484,158.78871230585236,1178400
2006-08-09,163.1976318359375,164.7010610299773,159.3799498274703,160.4779569010035,2052120
2006-08-10,163.1384735107422,164.7010216649999,162.16715979323067,162.33608391801528,2279124
2006-08-11,163.45103454589844,164.506810684476,161.66044233899643,163.83956841314605,1893972
2006-08-14,162.95269775390625,164.70105871459768,161.99827211005044,164.48990351111743,1721428
2006-08-16,164.2280731201172,166.30583826029087,163.51858957436423,165.376755364982,3804268
2006-08-17,162.1925506591797,166.052463931634,161.82935955900854,164.70107053239386,2497168
2006-08-18,163.8058319091797,164.2788177027128,162.1672647759427,163.01188594665075,1803640
2006-08-21,163.73817443847656,164.86996829106158,161.66040948211673,164.86996829106158,2414088
2006-08-22,164.76853942871094,166.05235821653702,163.8563453408351,164.19419347555848,2178096
2006-08-23,162.69085693359375,165.33452420334575,162.18408444561416,164.86998275603113,2497736
2006-08-24,163.9239959716797,164.68415463131902,161.02694273359626,163.85642218892042,2369852
2006-08-25,164.59971618652344,165.02202661361292,163.45947803338183,164.02536988155646,2611752
2006-08-28,165.7314910888672,166.4409746307937,163.56926387896323,164.7010578255707,2300316
2006-08-29,167.2518310546875,167.57279112956527,166.05247346810754,166.39032183732036,2679596
2006-08-30,166.18756103515625,168.07951339879278,165.72301966646612,167.42070515179878,2744772
2006-08-31,168.5947265625,169.59982720210448,166.22134458851676,166.22134458851676,6076856
2006-09-01,168.79745483398438,169.09307209288804,167.42071890410838,168.24845135316332,1728728
2006-09-04,171.82119750976562,172.30262719692652,168.75522016640159,168.75522016640159,2010492
2006-09-05,169.90391540527344,173.99188207531915,169.09308151203345,172.8094129738364,3945288
2006-09-06,167.8430633544922,171.8803554342729,167.42075289887973,171.8803554342729,2800432
2006-09-07,166.67739868164062,168.07946654148284,165.59628040086866,165.59628040086866,1583584
2006-09-08,167.40382385253906,169.9376859693787,166.3902790058032,169.9376859693787,1570564
2006-09-11,161.06077575683594,168.75527077568645,160.3090610271536,168.75527077568645,4073480
2006-09-12,165.19088745117188,165.54562394979777,160.81574897980354,161.32252129801722,1835256
2006-09-13,168.91567993164062,170.2755170683886,165.7145657183425,166.05241396649407,2307632
2006-09-14,171.18775939941406,171.6269581208737,169.2451314285577,170.444488921222,2388728
2006-09-15,169.38023376464844,171.2890744454198,168.3666889454448,171.2890744454198,2359700
2006-09-18,168.2737579345703,170.78227686830436,167.5896070341796,170.10658042174333,1390388
2006-09-19,170.6217803955078,172.3025772058026,167.30242810905176,168.41732301390707,3973944
2006-09-20,174.00033569335938,174.6675778634467,167.92749989333385,170.78232226300253,2695896
2006-09-21,177.8771514892578,178.70488404861325,171.96480552332807,174.32974390969997,5107184
2006-09-22,175.60511779785156,178.02072090001784,174.00877212237074,176.5257462164722,2488644
2006-09-25,173.2485809326172,177.3703337651896,172.68268922996674,176.86356138300334,1349580
2006-09-26,176.40750122070312,177.37036064452374,173.1303685284795,173.99187758462807,3717008
2006-09-27,176.12876892089844,178.2149780468961,175.03076194714978,177.37035729785867,3352740
2006-09-28,172.3786163330078,177.20139778550856,171.12012960602493,176.53415577517418,6121572
2006-09-29,172.64894104003906,174.85339933459545,172.30264856332238,172.6573851862394,1752804
2006-10-03,171.3397979736328,174.83653064866897,170.44450185942705,174.83653064866897,1632712
2006-10-04,166.795654296875,171.6268792541175,166.11150346892433,171.6268792541175,6947628
2006-10-05,168.88197326660156,170.4445221565401,167.74173488745723,168.58635590904564,5849400
2006-10-06,167.9444122314453,170.10663954995812,166.89708031316647,169.0930945278134,2766944
2006-10-09,169.28732299804688,170.44444917805504,165.6385555608733,166.3902700102916,1546832
2006-10-10,170.86679077148438,171.93101093568023,169.43093538685005,169.43093538685005,2769780
2006-10-11,176.48353576660156,182.33676268499622,173.99190412979144,173.99190412979144,6773716
2006-10-12,182.868896484375,183.28275251599808,175.8500878978378,177.37040566064329,5052848
2006-10-13,186.42466735839844,189.19502723851528,182.79279853194478,184.025952939873,4874112
2006-10-16,190.83358764648438,194.26275584574944,188.35041110261795,190.03965245779838,9727060
2006-10-17,188.6713409423828,197.5989759541217,187.50576046939526,192.91133194238682,8749216
2006-10-18,186.872314453125,188.6882488082627,185.98546279131355,187.5226682143292,4995084
2006-10-19,184.53274536132812,187.97034768555298,182.88573490081666,186.83010967442965,3103620
2006-10-20,184.0597686767578,186.15443247666397,183.4685340908519,185.8165841418606,2129404
2006-10-23,182.95870971679688,185.46569786469533,179.79111503527923,185.46569786469533,1327904
2006-10-26,182.8147430419922,184.95753754070125,182.09483323617474,183.1111764914464,5140212
2006-10-27,182.0355987548828,184.63574013410297,179.96056406071514,183.13663757219626,3126408
2006-10-30,182.83168029785156,184.29691264510942,179.58784723113266,182.26422610858248,4154172
2006-10-31,184.1444854736328,186.1263675595239,182.11179862301213,182.9418165558609,3430936
2006-11-01,183.48390197753906,187.32908126244064,182.9926857465843,185.8215006856313,1910904
2006-11-02,182.95033264160156,184.6357609035949,181.5867299895906,184.6357609035949,2204376
2006-11-03,180.7311248779297,184.29680197390203,179.21508868418047,183.7886306449299,3144440
2006-11-06,179.45230102539062,181.23090128718383,178.87636918606157,180.6549694478548,2536892
2006-11-07,180.4263458251953,183.77180913869225,179.58785020844286,181.92544803522557,3219180
2006-11-08,180.11293029785156,181.40029398647732,178.05483154875523,180.40088588222977,2436760
2006-11-09,180.1637420654297,182.09479801242074,178.42748934019497,181.07845495374676,3365420
2006-11-10,181.0276336669922,185.43178702189846,180.41783195336188,181.24784960575866,3313476
2006-11-13,182.22186279296875,182.94177254604347,180.58724004165285,181.38338793982138,2023316
2006-11-14,187.38832092285156,188.02353557004767,183.11120896506444,183.11120896506444,6003860
2006-11-15,185.78758239746094,190.05621642037062,184.72889135233856,188.87048244983353,2698040
2006-11-16,184.18682861328125,187.34596681856368,183.5346790668298,186.3296234181013,2101688
2006-11-17,185.50808715820312,185.90615086280744,183.145076296509,185.31328386688958,2221684
2006-11-20,189.35317993164062,189.88676418059353,180.4940685499073,183.79718353788374,5174936
2006-11-21,194.55352783203125,195.13791696859641,188.7010759574795,189.07372690288952,4158152
2006-11-22,194.47731018066406,198.35635838711102,192.31758040317843,195.47671868379683,5591464
2006-11-23,193.8082733154297,198.0853862785839,193.10529813844778,195.81554793688213,3870324
2006-11-24,194.79905700683594,195.96785548438683,192.45300293404608,194.79905700683594,3205304
2006-11-27,196.62855529785156,197.1705967774196,194.79912911858466,194.79912911858466,2933708
2006-11-28,194.77371215820312,195.81546813543844,188.21830640081618,194.7991248752199,2682960
2006-11-29,197.26376342773438,197.98367322930238,194.79912277722607,196.4930281926802,2603156
2006-11-30,203.06536865234375,204.11558163120878,197.509351188373,198.66121502378655,6254552
2006-12-01,201.46461486816406,203.26862807786594,200.09255576414927,203.26862807786594,3762140
2006-12-04,201.9812469482422,205.1319062782775,201.57470559137096,203.26861068037408,2234092
2006-12-05,201.89657592773438,204.91171494154005,200.72777714051912,204.91171494154005,2116476
2006-12-06,203.0315399169922,204.45442488851384,198.55962458259296,198.55962458259296,3180856
2006-12-07,202.3031005859375,209.1041132295635,201.08347646989594,204.11557082765978,2872872
2006-12-08,199.35569763183594,203.09922381008934,198.75435304344552,203.09922381008934,1887268
2006-12-11,198.7713623046875,201.40539402149318,192.08891238046533,199.03392596741335,4279432
2006-12-12,189.80210876464844,199.88084635634553,187.1765552743744,198.18694087874937,5118300
2006-12-13,189.8614959716797,193.27472152590235,183.00117500603633,189.80221338279893,3617220
2006-12-14,194.73138427734375,196.49305024261685,187.18504721119913,187.18504721119913,2916024
2006-12-15,196.52696228027344,197.9159775815886,194.4604052688251,197.9159775815886,2305716
2006-12-18,200.092529296875,201.30367551447853,190.39492311507937,195.64602864583333,2351424
2006-12-19,193.4185791015625,200.52452448247539,190.56435270981987,200.05022271137537,3623628
2006-12-20,191.19960021972656,197.82276717488253,188.87895775054182,194.79914972552427,3755660
2006-12-21,192.58853149414062,194.7990859140119,188.19285604388452,192.5970092906361,2255816
2006-12-22,195.46824645996094,196.49306771345618,191.08950421582406,192.25830332307999,1750016
2006-12-26,201.81182861328125,202.32000006991487,195.3072298328608,195.3072298328608,1797392
2006-12-27,202.59104919433594,204.28495428793406,200.0586693504277,202.4216586849761,2394400
2006-12-28,205.28443908691406,206.65649858957875,201.23600026591768,204.18340036492043,2418308
2006-12-29,206.9951934814453,208.24868733198238,203.6920786918478,205.54689641806272,1874468
2007-01-02,211.4840545654297,213.0932644319668,205.9788629167501,208.2486999166393,1545060
2007-01-03,216.8453369140625,218.17504871989473,209.90032371723356,212.2463789177237,4384972
2007-01-04,213.27117919921875,217.66685567906885,211.75512137764338,217.66685567906885,3970700
2007-01-05,213.94029235839844,214.88887542574236,212.2633215606947,214.27907350227557,2718740
2007-01-08,210.68789672851562,213.26262386877883,205.80944241506455,213.26262386877883,4951892
2007-01-09,212.82225036621094,213.74542041575415,207.5457316094918,211.3824309671653,4020568
2007-01-10,209.26502990722656,212.58507960458468,208.35031706266068,210.81495713308104,2931428
2007-01-11,216.42181396484375,219.86890710168979,203.08230977820426,203.08230977820426,7400664
2007-01-12,224.2646026611328,225.12003318013114,218.53921467527522,218.53921467527522,6175748
2007-01-15,224.67120361328125,231.72632578154315,220.21624352855056,228.67729517915444,12255832
2007-01-16,224.2900848388672,235.27506089366386,223.42619693165693,235.27506089366386,7625964
2007-01-17,220.9954376220703,226.1364378987121,220.20776724219158,225.27255002427444,2633828
2007-01-18,222.82479858398438,224.60339942170347,221.0546755450872,221.0546755450872,2719816
2007-01-19,219.89425659179688,224.69647258272528,218.8779137078946,222.82469950051907,2882056
2007-01-22,223.00135803222656,224.52092753368717,219.02845446188346,220.73476029646588,3180956
2007-01-23,221.17613220214844,223.0861894528882,220.71772675214993,222.94187816125515,3124152
2007-01-24,221.93174743652344,223.09475629035876,220.40370116056206,222.6702989914806,2355148
2007-01-25,223.34091186523438,232.43279462751408,221.21014886400064,224.96234688199866,5553976
2007-01-29,220.3357696533203,223.2645248269052,219.1897350201784,223.2645248269052,2982324
2007-01-31,216.9656219482422,223.07780775379305,215.96389846279675,220.22544608768675,4865928
2007-02-01,219.36801147460938,219.86886275595745,216.47320464389634,219.0114507924811,1859904
2007-02-02,220.8025665283203,221.9061549038944,219.8772584112853,220.54789228780322,4274616
2007-02-05,221.70245361328125,223.07769055190874,219.6990076949727,221.5666190432298,3010736
2007-02-06,220.44613647460938,223.07777160331204,219.02845330843112,222.92496283784513,3411964
2007-02-07,221.787353515625,222.82302479415605,219.90274722999163,220.71771323055992,2599984
2007-02-08,221.4817352294922,223.24748107361302,220.2677836663187,222.65324107874662,2650024
2007-02-09,218.5785675048828,223.6805325660834,217.85698998874244,222.31379229431533,1993360
2007-02-12,213.21347045898438,220.4971435800342,212.2287209038063,212.2287209038063,1786388
2007-02-13,212.72096252441406,218.15401437862303,209.68184499837633,213.24728527770097,4130352
2007-02-14,214.05384826660156,215.11499167462557,210.53085215196188,212.73803044065178,3137876
2007-02-15,219.4019317626953,220.71774911317775,208.0010069614901,214.77534817551526,3673556
2007-02-19,222.381591796875,223.89264262620625,219.90274553320936,220.95541166960814,4738696
2007-02-20,220.64138793945312,224.75862348752352,219.8688674124176,223.07776854136506,5400148
2007-02-21,217.9757537841797,222.7127004429797,217.32209381895484,220.71775153487602,3938188
2007-02-22,219.75003051757812,222.82309706886073,218.34082406276164,220.71778482238736,6939112
2007-02-23,216.87225341796875,220.6329500162031,216.1337017088315,219.8689267187249,3167688
2007-02-26,218.3577880859375,219.6736055883016,209.25742860177428,215.9638532912429,4677684
2007-02-27,214.6310272216797,219.73299021927167,212.90772688212934,212.90772688212934,4709968
2007-02-28,202.6189422607422,211.3712394114105,198.98558360276803,209.34234179369707,9347956
2007-03-01,213.01812744140625,215.28472509443142,202.10957571639267,203.73948747107076,7858564
2007-03-02,205.19117736816406,213.92650121075403,203.90930790009173,213.0436382260985,5311752
2007-03-05,196.19256591796875,203.56962190794133,195.25026288084447,202.0415763723521,5120880
2007-03-06,203.2725830078125,226.660178171167,197.13492684707583,205.4373150465259,3623920
2007-03-07,202.34732055664062,207.93316282303326,196.5067831492853,204.07909829189654,4440632
2007-03-08,206.8634796142578,208.7820138572553,202.04164133971565,202.04164133971565,2274988
2007-03-09,205.80238342285156,209.34235337992712,203.3999508103428,208.5443818964794,3232148
2007-03-12,209.68191528320312,212.85684773455625,205.60712502668744,207.93314284126646,3636936
2007-03-13,214.8433074951172,215.43754770511015,203.75647471563843,208.06896495610667,2032088
2007-03-14,206.04000854492188,210.85334872616576,204.5883567277533,207.98401410082803,3824948
2007-03-15,209.56304931640625,212.39841555846056,208.4934087176575,208.83297452990126,3823288
2007-03-16,210.1317138671875,213.56131858261514,206.31160037084587,210.7683994499111,4224284
2007-03-19,214.07919311523438,214.73285292250884,204.04503113443266,206.50688238359368,1213696
2007-03-20,212.73785400390625,216.72774990900746,211.8889399815443,213.926333635213,2775592
2007-03-21,215.11495971679688,215.52244287003316,210.53082087516032,214.0962621964332,1970036
2007-03-22,221.2355194091797,221.90615328079235,216.81266850770606,216.81266850770606,4125592
2007-03-23,218.71437072753906,224.1134764038134,217.32215893703116,222.75521291045695,5265296
2007-03-26,214.15567016601562,220.4970577325989,213.11999855632146,218.1710401472799,6098736
2007-03-28,203.9092559814453,215.60730153962592,202.7292731566623,215.60730153962592,8818048
2007-03-29,211.948486328125,213.3831643175268,201.86337757766825,201.86337757766825,10266624
2007-03-30,209.48660278320312,213.0435665619486,207.17755975543992,211.94845454837738,2807056
2007-04-02,201.90577697753906,207.1350975669493,201.19269722691388,205.43726889836773,3875896
2007-04-03,204.1893768310547,206.59180863465383,201.70205359075908,202.89053370450935,3256852
2007-04-04,203.4678497314453,207.9331279661675,202.10958640977407,206.7955907244492,2402496
2007-04-05,202.7548065185547,204.75825377603297,201.37956866067321,203.64616707603741,2533992
2007-04-09,206.65977478027344,208.2812100572473,203.82440813020207,203.82440813020207,2284524
2007-04-10,203.28955078125,207.98405210236513,202.9499849818992,206.65973719471637,3480240
2007-04-11,202.13510131835938,205.34398252324564,201.53236354999382,204.6563740045377,3826336
2007-04-12,203.90074157714844,205.2675020522084,198.98553548816233,201.702061569912,3694956
2007-04-13,214.2659912109375,215.35260577104313,202.72075555139412,205.43728158893376,9778848
2007-04-16,217.36459350585938,221.71952975282522,215.666764226376,218.00127948566563,9986220
2007-04-17,212.2710723876953,223.2645152488057,210.19123184640415,218.2898679496592,10464964
2007-04-18,211.80416870117188,214.77536946451497,210.70057984621585,212.90775755612788,2853584
2007-04-19,211.02313232421875,211.88902081225618,204.6053315767453,208.83292916592555,3164652
2007-04-20,213.52748107910156,215.27623261824266,212.24561181738477,212.56820349173597,2870752
2007-04-23,211.85525512695312,215.59048146964335,211.3798543931517,213.07768454892,2265224
2007-04-24,207.95860290527344,214.26604245218567,206.96537698036002,211.20994992909587,6922516
2007-04-25,207.36431884765625,208.30662213321799,205.09772151736794,207.98403051223156,21752404
2007-04-26,210.59861755371094,212.1606112333497,207.1350438233791,208.32352358302145,5941756
2007-04-27,209.596923828125,209.93648952083967,206.66816972846104,209.68181525130368,4805284
2007-04-30,214.9451446533203,215.60730208762692,204.5883880783973,210.70906972146253,3888052
2007-05-03,219.0538787841797,219.83489666708405,216.05722732325788,216.43923882993693,6643028
2007-05-04,216.14207458496094,225.79422586884803,215.45444572332494,220.54793143782436,7101200
2007-05-07,216.1166229248047,218.15401739833487,214.80080566064976,217.66164292214208,5553328
2007-05-08,215.03855895996094,217.3221308730945,213.45956956265474,215.62430172564845,8191004
2007-05-09,210.44590759277344,220.71777319129123,207.98405550717825,220.71777319129123,4699828
2007-05-10,208.7820587158203,219.00300343844913,208.15387017106522,211.37974580993165,3044200
2007-05-11,212.66151428222656,213.7566053602563,205.43724581883248,212.22855973019887,3867656
2007-05-14,212.2710723876953,217.06743935026472,211.5664692020859,217.06743935026472,1260376
2007-05-15,210.19973754882812,213.926464089411,207.9840623091496,213.926464089411,4203120
2007-05-16,207.84820556640625,214.77535576587306,205.53068569917434,214.77535576587306,6523616
2007-05-17,212.22860717773438,212.8567955648005,208.83294946289064,209.3592722636014,2931260
2007-05-18,212.71250915527344,216.64298756536246,212.22863201935976,213.91796364005293,2921004
2007-05-21,210.02989196777344,215.62422882708498,208.83291453331853,215.62422882708498,2856844
2007-05-22,208.94329833984375,211.20989556598062,207.31338689214132,210.10630688336096,6160224
2007-05-23,209.4102020263672,210.7854391678336,208.0009958746549,210.7854391678336,1271812
2007-05-24,207.9416046142578,212.228622794711,207.3049187458737,212.228622794711,4552804
2007-05-25,208.82443237304688,209.68184415552193,205.0977066719599,207.29638654519286,5244168
2007-05-28,208.0689239501953,212.22860460036242,207.73785561719862,212.22860460036242,2585172
2007-05-29,209.02810668945312,209.68176635039669,207.13502424897484,207.96696414719403,2967280
2007-05-30,206.3966522216797,212.22869254780164,205.47132268689634,212.22869254780164,2600056
2007-05-31,205.1571807861328,208.66320211898346,203.73949759379997,208.66320211898346,5176492
2007-06-01,206.91441345214844,208.68015977014454,205.63256498305046,208.68015977014454,1728988
2007-06-04,205.11474609375,212.22865474592427,204.07907440368078,208.49343042239602,1853384
2007-06-05,205.10626220703125,206.76164565613456,203.73950142810284,206.76164565613456,1751600
2007-06-06,203.7988739013672,206.62576297124852,200.03817900047363,206.28619721451682,3832020
2007-06-07,204.9280548095703,206.18445299409157,197.84811290459402,203.7395739614618,2008940
2007-06-08,207.152099609375,208.91784580761353,202.0416387737181,204.843056454194,6019076
2007-06-11,207.36431884765625,210.428908158853,206.80404777215827,209.9450310900981,2648136
2007-06-12,206.68524169921875,208.8329998673356,203.73951206569325,205.43734133290735,1402072
2007-06-13,204.2913360595703,207.13520049256246,202.60200398508053,206.96541754133906,1768488
2007-06-14,204.511962890625,207.1350999232443,203.96016856705896,205.43727123534887,4176068
2007-06-15,201.76084899902344,207.82525388800224,201.01131113757594,207.82525388800224,4983152
2007-06-18,198.04725646972656,203.56655466300518,197.6043543172268,203.22585750038928,2874456
2007-06-19,197.6044158935547,198.54133338270518,194.7596020170295,198.47318977004656,3495436
2007-06-20,195.3898162841797,199.81887925138867,194.3677248302084,197.77469634344607,4024968
2007-06-21,195.15130615234375,196.03713114093256,192.49387277558125,195.0491011752571,3043728
2007-06-22,194.18882751464844,196.75258159259494,193.26043620502074,195.0490960376807,2677304
2007-06-25,191.76986694335938,195.90081899610328,190.577427175557,194.18880786881587,2803776
2007-06-26,191.0885467529297,194.1974087794427,190.4241830376775,192.66427134171025,2832744
2007-06-27,193.0304718017578,193.97589381776996,191.4717783440602,192.47683899070958,2956696
2007-06-28,193.6608428955078,194.87031405356586,191.64221571553972,194.87031405356586,4342792
2007-06-29,195.7900848388672,196.9229067572268,194.20585593767535,194.36767872837004,3004456
2007-07-02,193.25192260742188,196.41189682822696,192.66422837183407,196.41189682822696,1477152
2007-07-03,192.0850830078125,195.90089592206553,191.47183218817534,195.90089592206553,1829368
2007-07-04,190.39007568359375,194.19736190949791,190.10899639561373,192.15317915255582,2415464
2007-07-05,189.3680419921875,192.18729909326387,187.51976367864634,192.18729909326387,3179204
2007-07-06,197.3744354248047,198.4391143143847,187.40051526941522,189.93871390107591,7605684
2007-07-09,200.45774841308594,201.42022232217616,198.45615202995123,199.03534152524972,5359768
2007-07-10,201.54795837402344,204.418328240837,198.96717282108133,201.86309913782654,7492968
2007-07-11,195.7135009765625,201.86308097217224,187.3834506914679,201.35203519755916,6062124
2007-07-12,198.03878784179688,199.13752807496317,193.17532663559302,196.75264749921513,5763944
2007-07-13,193.51596069335938,214.89470459038102,192.53645649090618,210.56784708499185,5784648
2007-07-16,192.20436096191406,193.85673429849982,189.76836731856662,193.34568842600817,3990240
2007-07-17,196.88040161132812,200.29589948336618,195.90089712569963,200.29589948336618,6164688
2007-07-18,198.7371826171875,199.30784622311333,195.44944657963666,197.0933145984121,4371180
2007-07-19,201.3860626220703,201.8630469157058,198.54124994114358,198.79677278534066,4075512
2007-07-20,200.31289672851562,202.7062817691217,198.8649338176884,202.54445893806619,3744932
2007-07-23,202.8766632080078,203.56658337742468,197.96211010294388,199.2738068407414,4716456
2007-07-24,199.63150024414062,203.05550246062455,198.7967880633799,202.69777461015678,3127176
2007-07-25,195.59429931640625,199.47825661005137,195.04919198847892,198.96721069217762,2670172
2007-07-26,202.5615234375,206.12181346534845,195.0661847660328,196.75264012601443,6002804
2007-07-27,196.90875244140625,200.66590123040098,192.29770620036723,198.1042088742682,3203236
2007-07-30,194.0823211669922,199.8119807486693,193.0234967873363,196.39639133416213,1835848
2007-07-31,197.47227478027344,198.44570924928294,192.98076717012884,196.56713540957372,3218540
2007-08-01,190.4447479248047,195.54251141094406,189.73600888869768,195.54251141094406,4382172
2007-08-02,187.02908325195312,192.0414549863573,186.14956508237393,191.27294760757687,1912008
2007-08-03,187.32801818847656,190.24834316458012,185.03956895765043,190.24834316458012,1993184
2007-08-06,187.76345825195312,190.93142539315758,183.41712958162006,186.14960078581552,2737548
2007-08-07,189.4456329345703,190.8972581117665,186.84977305061912,190.0945822702341,2985212
2007-08-08,196.84039306640625,199.6411802608721,190.93142817079126,196.39637065868513,4055164
2007-08-09,195.66200256347656,203.03113981348926,193.8688183839581,198.1041569753752,5074436
2007-08-10,195.4570770263672,196.994092048855,184.51011864673518,190.419083341546,6290560
2007-08-13,193.7493133544922,196.3963952028788,192.15252944117648,196.3963952028788,1205524
2007-08-14,193.0234832763672,194.68858299938827,191.2729938239604,193.8346857055313,1222796
2007-08-16,185.8080596923828,191.20468666843954,185.29572129249573,187.85741329193115,6663120
2007-08-17,180.3687286376953,186.66194749214083,177.47400431791385,185.80805020260678,6901104
2007-08-20,180.26622009277344,187.75489328151815,179.50623918670865,185.03949640982273,4386844
2007-08-21,173.38380432128906,183.84404368566135,171.54792557570536,183.84404368566135,4363364
2007-08-22,175.2025909423828,176.36387835620036,170.09628270384246,174.19498831116397,3826620
2007-08-23,172.1286163330078,178.97686828796483,171.46257229114187,176.24439701639284,3113748
2007-08-24,173.9217987060547,175.3051081027644,170.69406288233125,173.34114439776508,1926972
2007-08-27,175.30511474609375,177.40571043162421,174.20358515031458,175.04039824567826,2666856
2007-08-28,175.68936157226562,177.43985095852636,172.658026293619,176.927512601572,2263504
2007-08-29,176.17608642578125,177.57649050333353,170.95023912931063,174.19504886303383,3196688
2007-08-30,178.6352996826172,180.85543247025964,175.04893133334858,177.95218190180412,7003172
2007-08-31,181.7691192626953,182.68278523031788,178.8060997166583,179.65999704099767,2377496
2007-09-03,181.2397003173828,183.58791787155386,179.89908573769463,182.734020579128,2496264
2007-09-04,182.0679473876953,185.7567789312797,181.19697645821128,181.88009418284167,2182756
2007-09-05,183.13526916503906,184.94552647493717,181.8971186249404,182.22160362555724,3516964
2007-09-06,184.10028076171875,184.612619205397,181.19702958087532,181.88014750577966,1871860
2007-09-07,183.80133056640625,185.21026062649716,182.73395930876163,183.9294151173236,1691576
2007-09-10,178.8488006591797,183.8014053086103,178.29376737950213,183.8014053086103,2201060
2007-09-11,174.7671661376953,186.90958226322354,174.19505908365494,186.90958226322354,3386556
2007-09-12,173.44363403320312,177.2264036478663,173.0850012981089,175.90286269072735,2344104
2007-09-13,176.03945922851562,176.75672455453454,172.55555440120912,175.03185633941274,2153072
2007-09-14,174.61343383789062,179.3184051453272,173.87053704815892,179.3184051453272,1900228
2007-09-17,170.37808227539062,176.21020328670718,170.04506034172934,175.04889496178092,5086176
2007-09-18,171.19790649414062,172.09449884104023,169.5840381850107,170.2671561636009,4942808
2007-09-19,174.71591186523438,176.5347067289058,173.71685626572122,175.0489338729222,4642668
2007-09-20,171.12960815429688,174.55373528997634,170.3013316893598,174.1951024836963,2355156
2007-09-21,173.81936645507812,175.04898089338127,167.02234469631892,169.24247811252766,7928660
2007-09-24,172.017578125,175.90281009555721,170.81358524740529,174.19501582278482,3595068
2007-09-25,171.06973266601562,173.17031727008523,170.13044593526072,172.48719964771803,5400496
2007-09-26,177.7386932373047,179.11347599897408,171.63332856448832,172.48722572152556,8340892
2007-09-27,181.45314025878906,182.30703738941867,178.8060591538373,179.31839743221508,8602140
2007-09-28,181.0518035888672,184.4417708560144,175.0489028957544,175.0489028957544,6249532
2007-10-01,177.8924102783203,181.1969883180946,174.707369509341,181.1969883180946,2176580
2007-10-03,184.30514526367188,187.00346849031638,179.30132066986076,179.31839444276915,5122872
2007-10-04,184.32229614257812,185.2957308135404,180.00156707601067,185.2957308135404,4359804
2007-10-05,183.21218872070312,184.32225506343443,180.5651074418824,184.32225506343443,1744048
2007-10-08,184.16004943847656,187.65250233833902,181.40195664683878,184.62116654611924,2662144
2007-10-09,186.99496459960938,188.677158987181,183.63916483065853,184.4418199676025,3707640
2007-10-10,192.21226501464844,193.02346737699366,187.58414623258292,188.66004422595967,3983236
2007-10-11,183.0755615234375,193.90298229788166,181.026208222802,193.83466635177385,5598340
2007-10-12,181.6239471435547,183.58791084092272,175.95407767781964,179.6599834461867,4912920
2007-10-15,183.44281005859375,186.43145140576175,180.98358100921683,182.73407094112952,6871600
2007-10-16,182.46078491210938,190.41910382637406,181.19701269935683,187.85741184664707,7060528
2007-10-17,186.95220947265625,190.41903979155603,170.77940788480362,181.02617235789182,6924440
2007-10-18,191.93045043945312,196.37926274907215,183.98068080414888,193.8346451760203,13645436
2007-10-19,189.3688201904297,196.39639988621377,184.85171133188848,196.02921983874478,8094132
2007-10-22,183.56365966796875,191.27815400799915,182.39065099735282,191.27815400799915,3836808
2007-10-23,182.13377380371094,188.36701371087446,181.34606138165094,182.88724603928537,5862364
2007-10-24,179.46240234375,188.3670253608063,178.6575697786708,188.3670253608063,4100988
2007-10-25,179.7364044189453,181.5173333800091,177.77568309436978,181.34609061266949,4925272
2007-10-26,183.45237731933594,185.62715201188686,178.46919627579584,179.80489816649558,2960060
2007-10-29,182.88719177246094,186.65453092882248,181.75699420628217,186.48328823989695,3536052
2007-10-30,179.5479736328125,184.08590525061842,178.14379183329112,183.57217714294228,3145804
2007-10-31,177.75,182.15093094489478,174.15390173410404,179.29118497109826,47216528
2007-11-01,175.18988037109375,180.66108792027705,174.58197074381275,180.66108792027705,5518404
2007-11-02,174.87306213378906,176.37999593098965,171.75644263959478,172.9551416410675,3494680
2007-11-05,173.1778106689453,176.5170551253296,172.14179400405175,174.83886762311548,1876468
2007-11-06,171.97906494140625,174.63332715288934,171.24272332148914,173.81136417131145,2198988
2007-11-07,170.73760986328125,172.80965374998425,168.8624993521817,172.11611213701624,3504016
2007-11-08,169.47039794921875,171.20850565452767,167.81790117022953,169.5474488280893,2686964
2007-11-12,165.05230712890625,168.7169058648337,164.39302677517418,168.7169058648337,5280988
2007-11-13,162.2268524169922,166.5678634009762,158.6821350365735,165.05235844313086,4697988
2007-11-14,168.96524047851562,178.96581181141934,164.39305650412874,164.39305650412874,3588368
2007-11-15,167.85214233398438,170.88314103964484,166.10546422802517,169.7015619071886,2295396
2007-11-16,168.3144989013672,170.90026018027757,165.61742565703918,167.8178907581884,3666816
2007-11-19,170.12965393066406,172.44143080843352,164.41014251159996,164.41014251159996,2943548
2007-11-20,164.6156463623047,169.35907242243923,164.06766749564815,169.35907242243923,4111392
2007-11-21,161.79006958007812,167.81781354470138,160.28313620187805,164.6155735836369,3337028
2007-11-22,162.71490478515625,166.05413926479045,160.1120122286137,166.05413926479045,2402356
2007-11-23,164.55569458007812,165.42046822942154,162.63777401748771,163.10869149950727,2273540
2007-11-26,168.69125366210938,170.21531854206086,166.10549193742358,167.81791968935576,2234300
2007-11-27,170.5492706298828,171.05443898581615,166.12263793000102,169.61599526923155,1503964
2007-11-28,167.2185516357422,171.893476795408,166.10547371906802,171.2427564114103,2927688
2007-11-29,165.4290771484375,171.32839271095983,163.53684661565882,171.24277132529718,5029688
2007-11-30,173.3319091796875,174.32511501376186,165.42905228983548,165.42905228983548,5334612
2007-12-03,179.78778076171875,182.54478506079855,173.0236916342314,173.9826469247386,6516348
2007-12-04,176.3286590576172,179.80489539675045,175.5323969580714,179.78777530172977,1783824
2007-12-05,176.92799377441406,178.9486665040559,174.75321929893687,176.38002535806467,2069240
2007-12-06,177.33041381835938,180.09596712887696,176.58549123503659,178.09243558995126,4163452
2007-12-07,181.96253967285156,183.58079618212233,175.7378699696398,178.09245775242425,4805808
2007-12-10,177.33897399902344,183.91469927100826,176.38001885394647,183.2468484169469,3864020
2007-12-11,178.31509399414062,179.63365488205028,175.5666393401545,179.63365488205028,2907456
2007-12-12,180.3871307373047,181.51732879245068,175.71219494562098,176.07180056721413,3718608
2007-12-13,176.3115234375,181.87691256686335,175.98615804612928,179.75349837985218,4645736
2007-12-14,178.1609649658203,180.66110498680212,173.86276558081937,173.86276558081937,2720436
2007-12-17,173.36614990234375,183.640714050207,172.09894947670975,183.640714050207,3203328
2007-12-18,172.0818328857422,178.09244885382793,171.80783823179374,172.95516667535213,3845860
2007-12-19,175.43814086914062,176.17449281843568,172.61263640419108,173.29760718357278,2671020
2007-12-20,179.0086212158203,180.4813048223469,175.18134957734023,176.29442755608187,3036020
2007-12-24,190.0281219482422,191.79193110468742,179.80493541064448,184.94221927952003,4655664
2007-12-26,188.41836547851562,191.74045738785006,185.99527690879475,190.93562499819717,2905996
2007-12-27,190.20790100097656,191.79189657537137,186.06383445429327,189.24037519912818,4008568
2007-12-28,185.31027221679688,188.36694990497995,181.51724263570796,188.36694990497995,2196596
2007-12-31,184.4969940185547,187.690676369396,180.14742278577046,185.45594950284163,2156168
2008-01-01,180.58401489257812,184.4284055132648,180.14733760441464,184.4284055132648,928388
2008-01-02,179.804931640625,181.68860235305058,176.63693998790922,181.5173595610119,2864924
2008-01-03,173.13491821289062,178.94860958103158,172.15883279753834,176.397089340247,5168280
2008-01-04,172.13323974609375,175.16423895793437,171.6366315172107,173.1350058004256,2318868
2008-01-07,167.0644073486328,172.74966821593023,166.5335590532043,171.24273424494015,3647344
2008-01-08,169.1621551513672,169.87281678133505,165.98560406502548,167.81790367510922,3207732
2008-01-09,170.60922241210938,172.2702798850655,169.51327461634563,170.35235817768833,2450128
2008-01-10,168.10043334960938,172.86953929199095,164.73550945903446,170.90024785874886,3342376
2008-01-11,169.48744201660156,171.9276501992099,156.74698248246452,156.74698248246452,2149188
2008-01-14,164.5900115966797,171.20853915133847,163.6396057518272,171.20853915133847,4158864
2008-01-15,160.96817016601562,165.76296672415225,159.94071376070062,165.24923852149476,2935588
2008-01-16,161.8157958984375,165.5403247257041,158.39950184926929,160.96814241979797,3131956
2008-01-17,158.00570678710938,165.42051667611818,157.3721064444644,165.38626603157508,6302096
2008-01-18,154.66641235351562,160.96814177077232,153.6218255879506,159.17009337865198,4333816
2008-01-21,142.311279296875,154.92331148334608,137.89321862351895,154.80343947303462,4840032
2008-01-22,137.03700256347656,169.53031244966175,124.15098638990379,139.51146224464773,6376872
2008-01-23,149.87692260742188,152.97948191201348,138.36908195412454,147.6509831038422,5359120
2008-01-24,144.94383239746094,152.63578199697042,141.93580741441252,149.54181344297777,2013336
2008-01-25,152.0513153076172,154.3030424767208,146.1212107147043,146.61968747115043,2243116
2008-01-28,146.84320068359375,149.54183123046747,141.8069089254433,149.54183123046747,2485660
2008-01-29,149.14646911621094,152.0513554025969,146.96350040379428,147.1353875387695,3258712
2008-01-30,149.51596069335938,153.32326341520988,147.82287728372253,151.60439274912008,3032856
2008-01-31,150.18630981445312,152.9794743746647,143.58584290339968,149.54173337748122,5966956
2008-02-01,159.76907348632812,161.76295982503632,150.10901551942365,152.1200968643361,4169520
2008-02-04,167.70164489746094,169.9963333708684,161.40197880206816,162.4333013503242,3730520
2008-02-05,164.16079711914062,167.5899473712767,160.82619317896052,165.0116404886417,1722872
2008-02-06,155.74691772460938,159.85502415472604,153.75303129720695,159.85502415472604,4007952
2008-02-07,151.09739685058594,155.746942151894,149.72229965294014,155.746942151894,2574652
2008-02-08,154.42337036132812,158.9955628923652,151.2606436165204,151.9481919965955,2576820
2008-02-11,155.74691772460938,160.19879840022008,147.8401100782466,154.42339527238326,3200988
2008-02-12,148.62220764160156,158.99559149569552,147.82292830951152,155.55784897686968,5161328
2008-02-13,149.36135864257812,154.18279166842558,146.32754589210316,150.4012739240495,2185376
2008-02-14,150.19497680664062,154.69842185212295,147.9948235718643,152.12011482125425,2246480
2008-02-15,150.005859375,152.4724348186453,147.8228913235033,147.8228913235033,2213044
2008-02-18,146.65411376953125,150.40125142098813,146.1040728089599,150.00591308691327,1723160
2008-02-19,150.4785919189453,151.94822480040085,146.96349796871348,147.13538510084064,1947288
2008-02-20,152.3091583251953,153.77880145410967,150.10041324008316,151.24346667564848,3060624
2008-02-21,157.216552734375,160.02690284676794,151.60443427588544,154.3546280949491,3562052
2008-02-22,154.79295349121094,158.29086289649936,152.120110706409,158.13616028236868,2401516
2008-02-25,154.82730102539062,159.68311146554305,153.02248652551097,159.5112243703164,3255460
2008-02-26,154.42337036132812,158.82367579734643,153.838950041802,158.82367579734643,4999584
2008-02-27,150.8395538330078,157.25094189628862,150.23794885806697,156.0735192132248,2364056
2008-02-28,151.41537475585938,152.97954341907447,149.88557512520555,152.12010778188866,5579004
2008-02-29,150.8137664794922,153.27175024933376,148.4245312644127,151.26066880449704,3416480
2008-03-03,145.86341857910156,149.31835628764142,144.38519341441722,148.85425892486347,3141328
2008-03-04,147.61663818359375,149.541775786199,145.6055570316861,147.47913060294107,3010532
2008-03-05,150.4527587890625,151.7419118870343,145.24458237148747,145.24458237148747,2209348
2008-03-07,145.4423065185547,148.87144654059665,144.77194248157116,148.26984155551443,1996828
2008-03-10,143.293701171875,146.7915998524584,142.66630899009422,145.44229016268966,2494168
2008-03-11,141.54904174804688,144.38517919655055,140.9474368347279,144.38517919655055,4043520
2008-03-12,141.55758666992188,146.1040015213766,139.27149086199458,144.21324385462938,1884412
2008-03-13,134.02040100097656,140.08801475662065,130.80610948440284,140.08801475662065,3408600
2008-03-14,138.17147827148438,139.72706533746603,128.91535964540765,134.07197403122393,2216056
2008-03-17,136.10887145996094,137.11441784759242,132.13828144330017,133.2125764143839,1958904
2008-03-18,140.5521697998047,142.46011358118912,132.35314801297616,135.7908921172093,3596080
2008-03-19,139.477783203125,144.38515759210162,138.46364516167063,142.32251248364304,4361924
2008-03-24,141.5834503173828,143.95549093546063,139.47783268877458,139.47783268877458,3301984
2008-03-25,150.65907287597656,154.6726332564147,143.52575681852872,144.38519248810076,2928896
2008-03-26,150.97705078125,161.57389614510186,146.37047796811052,161.57389614510186,2171768
2008-03-27,146.53378295898438,150.5731306417247,144.57426541855344,149.88558209998166,6151152
2008-03-28,149.72227478027344,150.3496669689372,146.44782722057997,146.61971434173088,3633696
2008-03-31,139.305908203125,149.72226270856453,136.99402451181479,149.72226270856453,4051860
2008-04-01,143.0702667236328,146.6025560889972,139.2285930741613,140.94746459359538,2086728
2008-04-02,146.31886291503906,149.36985829447158,145.97508878777907,146.10400408550157,1428844
2008-04-03,152.18887329101562,153.32332418380474,146.10406452492606,146.10406452492606,3287172
2008-04-04,150.04019165039062,152.96227114027124,147.8314370354075,152.2919075314262,2020844
2008-04-07,155.40313720703125,158.15333105998548,150.9512672022558,153.83896864962634,3659528
2008-04-08,152.52401733398438,155.90160311953042,150.40121579888546,155.5578289119901,4055352
2008-04-09,150.61605834960938,153.3232799404868,149.36987698238008,151.2606349188659,1482600
2008-04-10,154.62103271484375,158.0759695856505,150.744980858281,151.2606421382979,2925932
2008-04-11,156.073486328125,158.99556701929035,153.53815161079038,155.22264308746625,2189264
2008-04-15,167.44375610351562,169.30872620073816,151.32934688390222,158.47984320515795,5703772
2008-04-16,167.05709838867188,172.2308965743321,165.35541168114517,169.30881549472764,6438768
2008-04-17,172.0417938232422,173.6059621571064,168.37199813047542,171.83552721551752,3999556
2008-04-21,170.75265502929688,177.90315443122964,169.58381431740332,173.43408968223258,3399296
2008-04-22,152.49826049804688,169.30022708797244,151.60444534336918,169.30022708797244,13785196
2008-04-23,152.83343505859375,155.67816476126012,151.2692559912004,152.463873558691,6326156
2008-04-24,153.10845947265625,155.54066653360218,148.5104787924502,155.38596392173028,15290096
2008-04-25,152.85926818847656,156.76110930111142,152.12015540732853,156.76110930111142,6828568
2008-04-28,151.5528564453125,154.01083984913788,123.75871059305723,139.05666231914347,6598136
2008-04-29,156.51181030273438,159.85501678424924,149.56757715862886,151.61302753031381,16209848
2008-04-30,158.30810546875,160.84344157696287,155.8157411589814,157.46585402277728,9487980
2008-05-02,162.2184600830078,165.35539984090437,158.82368966007863,158.99557677010037,5298780
2008-05-05,159.4167022705078,163.20681094784248,158.33381557572028,162.433318952829,3613764
2008-05-06,161.0668487548828,163.29278940340308,149.9887200492307,156.4173035337861,3982796
2008-05-07,166.17184448242188,168.43216391544348,163.29273572102485,163.29273572102485,12585540
2008-05-08,162.77711486816406,165.87108326058956,157.79238801370076,165.85389874376153,10845832
2008-05-09,157.6204833984375,164.8397421800453,156.41727360150284,164.8397421800453,4492296
2008-05-12,159.32215881347656,160.68865287950655,156.46882662964444,157.62047230963637,3898508
2008-05-13,155.56642150878906,161.81452403917717,152.80763558548264,159.85500685545426,4462876
2008-05-14,166.92813110351562,168.26884814226162,153.17716559606126,155.55779730307765,9373188
2008-05-15,169.26585388183594,172.23090692013162,165.02883186543139,167.24618007314177,7177896
2008-05-16,168.62985229492188,170.85579253533902,166.4726710970582,170.85579253533902,3838648
2008-05-20,164.34129333496094,170.16827168299358,162.8200963148643,167.58996453628154,4946904
2008-05-21,165.88829040527344,166.3867673551773,157.27674806816864,159.51128110083116,3140184
2008-05-22,165.20938110351562,169.39483009093135,163.4647218837907,164.410101453045,5445200
2008-05-23,160.267578125,168.39783798174443,159.18468071904235,167.57278178433378,5401384
2008-05-26,164.2295684814453,165.51012976074867,157.44861877337766,158.1361673269732,5457272
2008-05-27,166.5414276123047,170.85578994256053,162.60520853688357,168.44937036590477,5682072
2008-05-28,173.51150512695312,174.5084486105395,166.747738721127,166.747738721127,5469588
2008-05-29,170.96755981445312,176.76014843990032,169.13695745046158,173.43413624747535,8258940
2008-05-30,178.61651611328125,180.3096001546862,168.10561387157588,170.34014657130032,15485284
2008-06-02,169.1111297607422,181.7534351527552,165.87106191868952,174.465417458518,7054764
2008-06-03,167.61575317382812,170.16827307346662,161.25592882663796,165.01165873790706,4900256
2008-06-04,164.45301818847656,170.13388596338746,162.66538776869456,170.13388596338746,3787856
2008-06-05,168.767333984375,171.33704806081406,165.69915364498345,165.71633815740566,5905256
2008-06-06,166.07733154296875,171.65507048707232,164.6334755897933,170.1682427554233,4137784
2008-06-09,157.1220245361328,165.85389931087292,152.97954881523955,155.08516620061783,6140140
2008-06-10,151.08880615234375,157.96429221160852,149.0261603345643,156.41730784827396,6155372
2008-06-11,153.03968811035156,156.4172741047914,151.2606606727653,152.97953181677403,4113368
2008-06-12,152.6787109375,155.11091750915574,147.30723926083593,153.66706172600618,2464004
2008-06-13,156.34844970703125,158.46266872331842,151.26059744401186,151.26059744401186,6732432
2008-06-16,156.55477905273438,159.51123946870464,155.25703345916753,157.96425546523662,6541784
2008-06-17,158.35963439941406,159.33939328483424,155.5578758605987,155.5578758605987,3504824
2008-06-18,155.697998046875,159.17177524158308,153.98702686237843,159.13720814270886,6431336
2008-06-19,153.4686737060547,155.19692453607783,152.08607304203616,152.12927931278676,3289068
2008-06-20,149.29493713378906,155.52528953938398,145.440940062854,155.52528953938398,8157760
2008-06-23,148.36170959472656,151.9910367042681,145.6915596830253,149.2949588081359,3572312
2008-06-24,145.93350219726562,149.96032446333666,142.30417550667352,146.90131842872785,9287176
2008-06-25,151.53305053710938,152.95021851324123,143.66950822936647,145.17308875833066,5914196
2008-06-26,152.3193817138672,155.1969235468771,148.6987046867711,152.77737240026653,7028316
2008-06-27,149.58010864257812,152.3193819760579,147.10007293239573,152.3193819760579,6260948
2008-06-30,148.3184814453125,151.74041581995382,146.90131372091201,150.53064029519336,3258044
2008-07-01,146.5037841796875,150.70343041765486,144.317543269061,149.4936551734764,5059616
2008-07-02,151.4811553955078,153.46864345831253,145.17304110921455,146.90129159861,8141112
2008-07-03,148.05056762695312,152.2588529295378,141.81157765346614,152.2588529295378,4172528
2008-07-04,145.95074462890625,150.36642224127246,144.39531928650229,150.34050481460764,3939584
2008-07-07,147.29014587402344,149.32084017032122,143.79043868253154,146.0371642869461,1794132
2008-07-08,143.47933959960938,146.03714789085748,141.37087215943365,143.47070045793538,3947624
2008-07-09,151.5244140625,153.80570760716867,146.90134240447674,146.90134240447674,3578548
2008-07-10,150.08128356933594,153.64147552064378,147.3074329685131,150.35779944089998,3504368
2008-07-11,138.01805114746094,162.97398724131327,135.73676941482987,158.48053690380092,5523784
2008-07-14,132.70372009277344,138.26005007450445,131.51987263337236,138.26005007450445,4559896
2008-07-15,129.73106384277344,135.91819546321852,127.39792682163696,132.70364479394684,4509844
2008-07-16,125.83391571044922,133.7061052407847,123.72545852200076,130.4224292640419,5739900
2008-07-17,135.36520385742188,135.99601943213509,126.17091021219733,127.02639621475272,10350716
2008-07-18,137.19717407226562,138.60570257590894,129.44597410144115,134.80355113367702,8339496
2008-07-21,140.4722442626953,140.8524616061603,135.32205820567302,138.08725990591665,3582068
2008-07-22,143.7645263671875,145.855715986604,139.30564179160913,141.0252533012254,4241164
2008-07-23,148.72463989257812,150.35783922138845,141.52648070027664,143.44483511925563,5971420
2008-07-24,138.70077514648438,151.13554259612096,136.93795710257731,151.13554259612096,11742336
2008-07-25,138.1217803955078,146.81487819545808,135.14918746185782,138.1217803955078,8842536
2008-07-28,139.34024047851562,141.18947120602047,135.66770700853925,138.2600835755814,1969372
2008-07-29,139.80691528320312,140.64511308978803,136.87752671169866,139.4180586732267,2472192
2008-07-30,144.99160766601562,146.21002240974897,138.26006847257585,146.21002240974897,4420076
2008-07-31,144.61004638671875,146.04097038394863,142.48534105749857,145.6940797179535,5195580
2008-08-01,145.80682373046875,148.63398054711755,140.70752669493893,143.09240002875148,4011724
2008-08-04,141.4185791015625,145.69400871073177,140.6640965052422,141.35787749910284,5238928
2008-08-05,143.90753173828125,144.82678948241497,139.66679309067624,141.42726668236102,4768200
2008-08-06,149.25839233398438,150.88878284220053,145.06969352509273,145.6767522440275,5009932
2008-08-07,148.00955200195312,150.8800803698473,146.56128788868205,148.9895222442342,3072320
2008-08-08,146.57858276367188,148.64258556080483,144.54928172152174,146.55257232682234,2086672
2008-08-11,144.6446990966797,148.781364953859,143.00563901857197,147.77538440730544,3405100
2008-08-12,142.09506225585938,146.33580196500142,141.35791972966175,144.82682573529763,3323504
2008-08-13,143.6647491455078,145.29513930524482,138.75624895594365,138.75624895594365,3697968
2008-08-14,144.5146026611328,146.5005531415957,140.6641155077862,143.7861304019171,3741508
2008-08-18,145.96286010742188,147.8447475775156,144.82679574309606,145.694022064911,1956648
2008-08-19,145.910888671875,147.60198069511515,144.84419562271054,146.47458601295506,1953300
2008-08-20,145.97154235839844,147.2550416556251,144.8268077531766,146.1623385167752,1127256
2008-08-21,141.85220336914062,146.04091068321614,141.3925797763465,145.00023911065165,1976516
2008-08-22,142.05172729492188,143.04903795663836,139.36332464159918,142.05172729492188,2645284
2008-08-25,141.9129638671875,144.82684314494716,141.53138204344538,142.91894461249876,942244
2008-08-26,144.6620330810547,145.1650286255221,140.48200608448226,140.48200608448226,2205004
2008-08-27,141.95632934570312,145.00029270326192,141.02839049877517,142.2425077821757,2131788
2008-08-28,137.4293670654297,142.9622758805709,135.74695627324084,142.22513342076815,6580688
2008-08-29,140.8722686767578,142.216469693547,138.75623399114082,138.75623399114082,1998500
2008-09-01,141.34925842285156,142.225155126807,139.9703660821137,141.35792857115572,1527432
2008-09-02,147.22036743164062,147.94883980349383,141.34924830465815,141.34924830465815,2647848
2008-09-04,146.4225311279297,148.2610471581884,144.36719787641383,146.56128525707462,2461676
2008-09-05,145.4165496826172,147.42851101013326,143.09237833336465,147.42851101013326,2445368
2008-09-08,148.59056091308594,151.660544226423,146.04091339569555,149.1629281713755,5170432
2008-09-09,149.99549865722656,151.19227550429346,145.6940571815012,148.295736774028,2815328
2008-09-10,147.5846405029297,150.93213336743824,147.09898509356,149.3624551953158,3063456
2008-09-11,145.12167358398438,150.5505089436162,143.78614275836154,147.5845987738163,1908976
2008-09-12,140.5861053466797,150.03020536216314,138.92103446965083,150.03020536216314,3573964
2008-09-15,131.92245483398438,138.58275676534524,129.21671312913918,135.2872969674209,8550948
2008-09-16,129.8844757080078,130.25738724287353,125.74781058732799,129.99721935889977,5072364
2008-09-17,126.63240051269531,132.6249436810813,126.26816964246153,129.73707540186982,4200868
2008-09-18,125.08007049560547,129.91051740908966,116.38178528905095,126.26816645369462,6357104
2008-09-19,133.006591796875,135.23537138851648,126.63247377620176,135.23537138851648,9544368
2008-09-22,132.99786376953125,150.55053154633302,130.6043205695723,150.55053154633302,4472944
2008-09-23,125.05403900146484,133.15393518441488,124.07406899670008,124.07406899670008,2966120
2008-09-24,123.67510223388672,129.73701431126997,119.7292237905961,125.66972210631936,7380724
2008-09-25,119.39971923828125,124.85456410580683,116.39043767543451,123.6838086202236,15122632
2008-09-26,117.28369903564453,121.41169453249752,115.54924625660885,121.41169453249752,4217244
2008-09-29,107.53606414794922,117.73464359827715,106.14850202991116,117.73464359827715,5578636
2008-09-30,115.4451675415039,117.37041639132684,102.33270935673748,102.67959989692982,8391372
2008-10-01,116.51187896728516,118.79268887119004,111.93291886417445,116.13896734196628,6017916
2008-10-03,114.0402603149414,115.33242964032443,111.41256034846627,115.33242964032443,4172404
2008-10-06,107.36260986328125,112.95621918168321,104.06715010980412,112.95621918168321,5882984
2008-10-07,99.88716125488281,115.34113460418719,98.17004839995481,109.47001491936604,8884604
2008-10-08,94.80520629882812,97.64104359134642,88.11022127869217,96.26215120014596,8301380
2008-10-10,91.02410125732422,95.39492541161805,83.3231301554489,93.6604722223159,13742076
2008-10-13,99.35813903808594,104.57017893825733,91.02409422464434,91.57045117156689,13866024
2008-10-14,102.8010025024414,107.4319928266857,100.83239254958671,103.89370546773864,7424624
2008-10-15,94.1981201171875,102.09856048496013,92.8452491540799,101.46548102695503,5308752
2008-10-16,85.8554458618164,91.70055611147968,81.15507594893705,91.058806217078,8031800
2008-10-17,78.71814727783203,91.75255998669155,77.18315537632843,86.72264649025666,9743540
2008-10-20,85.22232055664062,87.58984704690651,78.96094627347364,86.14157822027745,12413060
2008-10-21,96.97325897216797,98.49958601785092,85.56923626344044,93.38294988013524,11804900
2008-10-22,94.81388854980469,96.26215273939704,88.64790423899707,96.26215273939704,6020668
2008-10-23,94.92662048339844,101.98584704765705,86.93946570176547,90.99809038000359,10501016
2008-10-24,86.523193359375,93.03606788113522,76.3159358771765,87.36440416573821,8479936
2008-10-27,86.15895080566406,89.8446633464197,72.04050476699561,83.42718739310399,8972576
2008-10-29,94.36913299560547,100.33700572723762,92.52816919455262,98.06851690210009,10955572
2008-10-31,93.79327392578125,103.82697299691134,92.4409057901072,99.28999602561773,10375980
2008-11-03,95.52085876464844,101.73302553173839,91.96979393592538,97.7108214208493,7532020
2008-11-04,88.73281860351562,104.10618960182664,85.50458429837298,104.10618960182664,9422540
2008-11-05,88.36637878417969,95.78259884800379,87.24958515920034,89.86707271397634,9233164
2008-11-06,87.28448486328125,92.22280912530474,84.12604889724271,92.22280912530474,7861916
2008-11-07,91.63824462890625,93.35705721649018,84.76297297740206,87.24958618363569,5877720
2008-11-10,95.35504150390625,96.41075899719839,89.87576514862965,95.95706556803202,4099016
2008-11-11,92.28387451171875,95.58191282468893,90.7395612393213,94.57854267636951,6498776
2008-11-12,93.339599609375,96.75105586227528,89.87578509100047,92.28387123124874,7742044
2008-11-14,92.63285827636719,95.71277216035604,91.35029393973817,95.10202520946953,6617464
2008-11-17,90.56502532958984,93.70600886703227,88.20928767650803,92.31001618372451,8090972
2008-11-18,84.30924987792969,90.73954360002827,83.7595787077184,90.73954360002827,9755152
2008-11-19,84.22200775146484,86.55157230497345,82.31124538869703,85.50457747870361,8175088
2008-11-20,82.53812408447266,83.75961852124075,80.26963441618905,83.75961852124075,5016448
2008-11-21,88.37509155273438,90.21605534898502,80.26960437240446,81.96224815993901,6845692
2008-11-24,90.72212982177734,92.77249522925595,85.54822476735264,87.94758854206165,8370556
2008-11-25,87.94757843017578,94.22082548998462,87.2583046040289,90.58251153957653,5774020
2008-11-26,92.03959655761719,92.48456734586237,86.75226809719712,87.8167141826514,6135556
2008-11-27,92.03959655761719,92.03959655761719,92.03959655761719,92.03959655761719,0
2008-11-28,97.61483001708984,99.11551846602532,90.39056085457943,90.39056085457943,12138064
2008-12-01,98.44367980957031,103.60884934400329,97.08257819456556,97.61480901481829,11958704
2008-12-02,92.98188781738281,99.46453689451369,91.27179790966434,99.46453689451369,6658808
2008-12-03,93.32212829589844,96.271167717312,91.01873775586562,93.59259980482544,9997992
2008-12-04,95.86984252929688,96.6201867853414,87.83415303581391,93.35705037122128,8256508
2008-12-05,91.05365753173828,95.15438770048797,90.43418765763955,93.95034991363057,7105448
2008-12-08,91.1321792602539,95.3201587762828,89.41336692745011,93.35704337814425,7621404
2008-12-10,94.41278839111328,97.1611507434086,92.39732479621387,95.93965636461067,8088380
2008-12-11,88.5844955444336,95.92218825488314,87.59857637735634,95.92218825488314,7300252
2008-12-12,83.9864501953125,88.98585578345721,82.93073232424747,88.98585578345721,7121036
2008-12-15,81.9535140991211,87.59856193424461,81.53471725851752,87.59856193424461,5997716
2008-12-16,83.64615631103516,84.61462432093177,81.14209281188968,82.0145884335229,5847868
2008-12-17,83.28842163085938,85.8535606335636,82.36357849398784,84.69314263721269,6476068
2008-12-18,89.08180236816406,89.7099949512722,82.36358612688235,82.86963251895973,5723936
2008-12-19,89.61404418945312,93.18255424914871,86.22003862031002,87.77308012607078,4943988
2008-12-22,89.09053802490234,90.65230753213655,87.8428701797493,90.65230753213655,4106852
2008-12-23,87.35427856445312,89.27376928058045,85.89720954669814,86.41198418704894,3567120
2008-12-24,83.43675231933594,88.07842992946333,82.40720858680348,86.67371415778223,9148436
2008-12-26,82.30252838134766,86.37708486371457,81.17701198587433,81.17701198587433,3154564
2008-12-29,83.20117950439453,83.6723292654109,80.26959637557667,83.0615823364663,4875608
2008-12-30,84.2045669555664,86.1153348746961,82.01460464256772,84.63209202477734,3522528
2008-12-31,83.3931655883789,85.90595297238812,82.40724618557408,85.90595297238812,2543696
2009-01-02,86.95291900634766,88.76771431578631,86.22874864311706,86.73479508216428,5375740
2009-01-05,89.91067504882812,91.26304328100362,86.9005651126956,87.59856161962489,4829776
2009-01-06,88.36637878417969,91.08856690620516,86.94421161114313,89.86707271397634,5918992
2009-01-07,88.08716583251953,90.70465299464223,81.07230343320545,90.56505580944552,9013828
2009-01-09,93.69734191894531,95.93965224347038,84.63210689558004,87.2321437537053,14219980
2009-01-12,89.43950653076172,92.4845177841481,88.13949150425265,89.28245841467674,7595416
2009-01-13,91.72550964355469,93.70607132282505,85.19051240908031,87.17980224361241,13359808
2009-01-14,94.04630279541016,97.30070499103005,92.13553530248669,92.13553530248669,5958904
2009-01-15,89.0730972290039,91.26305952927422,86.96165635456848,90.73956205587494,7171524
2009-01-16,87.7730712890625,90.56505765213407,84.89383535214495,88.7677185610233,9790076
2009-01-19,87.38045501708984,90.37311989348521,85.03343916759249,90.37311989348521,6868376
2009-01-20,86.6301040649414,88.62811611229603,85.50458243139123,86.32473055625786,4635196
2009-01-21,85.90591430664062,87.42405877476168,84.63207286578725,85.67906758165266,3669860
2009-01-22,86.65628051757812,87.95629601334414,84.30926477764194,86.37708080748551,4848136
2009-01-23,84.832763671875,87.05762791212163,84.33544001193802,85.52203746857786,3031220
2009-01-27,87.09252166748047,89.86705692295622,85.6790775712068,85.6790775712068,5243956
2009-01-28,89.08507537841797,89.53273692002018,83.42344642612257,83.42344642612257,4789396
2009-01-29,90.23495483398438,90.93717238133056,87.09253238110915,89.89262163665522,10017036
2009-01-30,89.8136215209961,90.41050533911465,87.47874506181935,88.65496154612214,8707524
2009-02-02,86.24988555908203,89.32208795026136,85.5213357778158,89.32208795026136,3234692
2009-02-03,87.7508316040039,89.49759394677221,86.54828339006728,86.54828339006728,3808560
2009-02-04,87.54019165039062,90.04184695531711,86.54831046203057,88.30385428478981,2484756
2009-02-05,84.77519989013672,88.23362294625134,83.95887318265103,87.77718053596553,4341548
2009-02-06,88.26871490478516,89.16404305851066,85.49495863617742,86.02162162572264,6840388
2009-02-09,90.41050720214844,91.92905690037438,87.18908320412638,87.77719145839654,4595224
2009-02-10,92.0958251953125,92.69271438454199,89.70828986837301,90.76161616819736,6790772
2009-02-11,90.36658477783203,91.81490789471812,89.88381040553666,90.93713630872655,4502732
2009-02-12,89.51514434814453,90.53336259192801,88.49693146185359,89.88380948197144,2844372
2009-02-13,89.74337768554688,91.28825368177975,89.00604733973526,89.53271034174553,3257208
2009-02-16,87.90887451171875,90.40174938175926,87.42609986387606,89.11142334238967,2501996
2009-02-17,85.18777465820312,87.74208909691932,84.26611403593509,87.07498450379958,2950388
2009-02-18,84.39775085449219,86.17962637409718,83.73942206467555,84.50308453236153,2629412
2009-02-19,85.9338607788086,86.51318803431981,84.09053996537142,84.6172030549249,3477072
2009-02-20,83.22154235839844,85.58275064746451,81.50988734544914,85.40719628716202,4771388
2009-02-24,82.31744384765625,83.51121679013373,80.84278819635514,82.5105547280932,4495532
2009-02-25,84.39775085449219,85.10874380449678,82.51054165701784,82.51054165701784,5517928
2009-02-26,84.65229797363281,86.12695323763266,83.73941333723188,84.44163063985019,8808288
2009-02-27,84.81031799316406,85.84608771412604,79.92112767250691,84.61720711290134,6750148
2009-03-02,80.72868347167969,84.61721195365257,79.84213062986771,83.23033341014349,3988944
2009-03-03,78.33235931396484,81.80833357613342,77.12981084976965,79.35057248157148,3560896
2009-03-04,80.8515396118164,81.53620574309068,78.3323394158182,78.64833504756581,3258300
2009-03-05,81.31678009033203,82.66854542116063,80.4038952933489,81.6240002142695,4284496
2009-03-06,84.56454467773438,85.11753988812137,80.342458739633,80.75501259285625,5805604
2009-03-09,81.28167724609375,84.26610168061555,80.57945973208862,82.70366878345303,4535184
2009-03-12,83.8096694946289,85.14388400622548,81.04468769442673,81.04468769442673,8617456
2009-03-13,88.979736328125,89.53273153966524,83.09866474659796,83.09866474659796,10199700
2009-03-16,91.2531509399414,91.7798140012127,88.19850625606666,89.53272041611933,4672896
2009-03-17,87.34706115722656,90.9371496121314,86.55706661426403,90.41048658348973,6946172
2009-03-18,88.68126678466797,90.3227008056967,87.77716307647881,87.77716307647881,6413800
2009-03-19,90.40171813964844,90.93715678466876,88.0580664058421,88.74272732557927,7382584
2009-03-20,89.49761962890625,92.85071467273552,88.74273794762158,92.85071467273552,4139380
2009-03-23,91.22679901123047,92.97355577652013,89.70824998478966,92.07823310571855,4587312
2009-03-24,91.57794189453125,93.4827025333947,89.91895094601134,91.67449465555866,6681544
2009-03-25,92.34160614013672,93.0262725248901,88.41796457960346,88.41796457960346,3831616
2009-03-26,98.0383071899414,101.46161625685056,89.99792188347995,89.99792188347995,15230328
2009-03-27,100.91741943359375,102.69930047135685,94.21125146198426,94.21125146198426,7079424
2009-03-30,91.85882568359375,100.06599262235726,90.93716522522993,93.70214660032137,5148188
2009-03-31,94.54478454589844,95.48400666291467,92.16602546034765,92.16602546034765,4777672
2009-04-01,95.58935546875,97.22200898389623,91.37605054450758,94.0971433080808,6724568
2009-04-02,101.60209655761719,103.05042018025276,95.7912509152203,95.7912509152203,8503764
2009-04-06,101.7425308227539,104.27929355820278,101.06665079864972,102.66419124561682,5414580
2009-04-08,106.0611343383789,107.73767575575663,98.48596202828458,102.71681636061832,10193512
2009-04-09,105.7802734375,108.82614789623541,104.32317444811324,107.43926421917593,6586724
2009-04-13,103.97209167480469,106.91262782601277,100.97889134746852,106.12263303912104,4121008
2009-04-15,101.41776275634766,102.13753139490606,96.5636800889101,96.8270116466737,9767236
2009-04-16,100.42587280273438,103.40152144574103,99.57443841468576,101.82153215370083,8868964
2009-04-17,100.61026000976562,105.24490219038583,99.20582428412246,101.25981367587445,6664024
2009-04-20,98.55622100830078,102.13752348763563,97.03767152343156,97.03767152343156,5330200
2009-04-21,96.68656158447266,103.31373852467028,95.67712403729024,101.75130046999291,11488980
2009-04-22,95.31726837158203,99.1180148919362,94.29905494385399,98.31046889770138,6584924
2009-04-23,99.73246002197266,100.56634350280852,95.71227030125347,96.46715215143294,7373712
2009-04-24,102.50621795654297,103.05043230794833,98.30168795362097,98.30168795362097,5377524
2009-04-27,105.66617584228516,106.87749452334118,100.50487326129921,102.49741100415247,8141124
2009-04-28,105.06932067871094,106.71075022453715,101.1807859782892,105.17464904502383,8388692
2009-04-29,109.4757308959961,110.42372904020745,105.68375974913336,105.68375974913336,10531292
2009-04-30,109.21232604980469,109.21232604980467,109.21232604980467,109.21232604980467,0
2009-05-04,116.98943328857422,122.81782964288269,110.62558754826287,110.7748044727301,11142936
2009-05-05,114.28590393066406,118.49043356849971,111.67013932428911,117.44588284118934,8822316
2009-05-06,111.53845977783203,114.05767130529952,107.9659327917742,112.04757171439005,52522096
2009-05-07,110.89769744873047,113.23256842203205,108.72081897911775,111.652579095213,7738864
2009-05-08,110.76603698730469,112.70591072199862,108.58038283731487,110.24814942899553,9001752
2009-05-11,108.00982666015625,112.2933575946812,106.91261184239765,112.09146578221822,5298612
2009-05-12,112.54791259765625,113.3730203549938,107.08817547812778,107.08817547812778,9487452
2009-05-13,109.14213562011719,113.21499846227677,107.96591939589628,112.70588658888686,7324800
2009-05-14,108.80860900878906,110.07260276245634,106.26307034841328,108.49261324911966,9443176
2009-05-15,113.0658187866211,114.96180432476545,109.54595491046108,109.54595491046108,10942472
2009-05-18,130.58604431152344,138.96876101587432,122.01022218898161,134.5799041026016,73380
2009-05-19,117.57755279541016,131.66579260404274,115.09345388895137,131.66579260404274,13015576
2009-05-20,118.78884887695312,123.23037155203198,116.39252784128497,117.62140822573292,8507664
2009-05-21,113.66268920898438,120.25475425160361,113.05702443508427,117.62143846507215,4459324
2009-05-22,111.31025695800781,113.23257963906423,110.5992638335046,110.5992638335046,5861456
2009-05-25,110.83621978759766,113.05698630457466,109.30890571851513,111.65255169209549,5673644
2009-05-26,109.62490844726562,112.29333652640652,108.9314666695468,111.46822899525957,6058900
2009-05-27,113.8558349609375,114.461499948757,110.73974351294602,110.73974351294602,9222868
2009-05-28,116.42764282226562,118.30607644184346,109.44058208975804,109.44058208975804,16863676
2009-05-29,123.69561004638672,124.6436079704675,114.57556871124288,117.40198990176076,13871224
2009-06-01,122.47554016113281,124.61729542154403,118.20955936558119,118.20955936558119,7905804
2009-06-02,121.96638488769531,124.64358873013843,121.13250172365565,122.88804522689703,4118172
2009-06-03,122.33502960205078,123.72191308402068,119.92115758373893,121.13248673710432,3914944
2009-06-04,124.15205383300781,124.4680495591306,120.4917387533689,120.60585338099115,7020704
2009-06-05,126.63615417480469,127.92648536249654,122.24729445134172,124.46806175740981,13220132
2009-06-08,130.2788543701172,131.6218491812686,126.39910825010121,127.22421568306419,9267824
2009-06-09,137.3098602294922,139.5657296875022,128.34780071341686,128.34780071341686,9690708
2009-06-10,137.24839782714844,141.32126116138085,134.6940840075397,137.8101739275577,9383796
2009-06-11,136.07215881347656,139.11803291086693,135.176836003861,138.33681398836686,3883200
2009-06-12,134.2201690673828,139.53069183124921,133.63206587374586,137.81026015322695,6358660
2009-06-15,136.581298828125,137.81017940884078,132.5435483486303,134.2464278677627,6595868
2009-06-16,137.51780700683594,139.05501196431806,131.17464330013658,135.4505321181048,4344006
2009-06-17,133.8426055908203,139.5850276128687,132.5174312780399,138.52488816264437,3741568
2009-06-18,133.01210021972656,138.87820465993047,131.47489656090724,133.57750982558198,4753108
2009-06-19,134.21360778808594,138.52484450739018,132.51738951599827,133.22414892675027,7727732
2009-06-22,130.6268310546875,137.04067178377352,130.04375658555148,135.83918271130946,4106208
2009-06-23,129.56678771972656,133.48930826641424,126.51005257280292,127.21681264304205,5135694
2009-06-24,134.90274047851562,137.28805416084694,127.28740999901322,131.79300251008348,7303954
2009-06-25,134.46099853515625,138.52486577077858,130.85652067332128,134.99106817458525,9694662
2009-06-26,140.4331817626953,142.90684126807247,133.06520807910482,135.16782297239527,6099700
2009-06-29,136.4752655029297,142.05866131036566,135.46813104573616,141.2988969950422,4745206
2009-06-30,137.76512145996094,140.64516476243296,135.3974724128046,136.93467674734364,5923948
2009-07-01,138.8606414794922,139.58506598926112,135.15015238357512,136.79336682633573,3684738
2009-07-02,137.81808471679688,139.6909928364106,134.70834763177598,137.81808471679688,3715428
2009-07-03,138.1538543701172,138.6662486735044,136.05123998391963,136.05123998391963,2919844
2009-07-06,134.53164672851562,140.80413596640025,133.70120233452886,140.29173112339151,4488916
2009-07-07,137.51780700683594,138.96666697577658,134.28438258307716,135.69790239974114,3804568
2009-07-08,134.6907501220703,137.42944441607978,130.13215145406275,137.3587749048783,6694766
2009-07-09,137.16436767578125,138.20684240301568,131.10390624219912,135.02642419228846,3964808
2009-07-10,139.6381072998047,141.86440780955323,137.8182024246473,138.17158243086433,7468748
2009-07-13,140.46839904785156,141.70522771871313,137.1996375605745,137.8180518960053,5119832
2009-07-14,143.80792236328125,145.27444646248708,141.49327806686583,143.11882739912252,4464136
2009-07-15,149.53271484375,150.99923939267416,144.8857709328845,145.2038107122187,4470094
2009-07-16,148.34886169433594,153.64955962220833,146.01656323351014,151.24658087529187,7596876
2009-07-17,153.40216064453125,157.5190328170466,148.77288349069346,148.9142332421392,9094956
2009-07-20,176.88426208496094,181.95527537137858,157.25401767538173,157.25401767538173,34539536
2009-07-21,168.77418518066406,181.3368428373723,167.51968049037492,177.75002944090022,13005820
2009-07-22,164.78097534179688,171.38918106996476,159.83365877482882,170.92979170246403,10674690
2009-07-23,168.0851287841797,170.6471327772892,166.08853472571937,166.44191458683792,7662678
2009-07-24,171.230224609375,173.15614935985198,168.20883080671337,173.15614935985198,7909322
2009-07-27,170.4318084716797,173.5012220500292,169.29631257271905,171.03504845134248,4652338
2009-07-28,170.55596923828125,172.0818067500063,167.23817172737066,171.86889793104555,6334984
2009-07-29,177.35125732421875,179.09000384678433,168.55111902063362,170.32534132611397,11072150
2009-07-30,189.1676025390625,193.3902609364678,173.96252371395107,179.28519144614745,15672482
2009-07-31,186.6304473876953,191.6160077009086,185.0159094321832,191.2611632422032,5634966
2009-08-03,188.6531219482422,189.78860723166989,184.90949445508875,188.06761975185503,3520548
2009-08-04,188.12075805664062,192.04178415189995,184.69650110212115,184.69650110212115,5481292
2009-08-05,187.71275329589844,190.53377159479794,180.10133392044955,187.89017555799288,6424010
2009-08-06,183.59649658203125,189.62885122953847,182.4609901991392,187.71268285478422,4178748
2009-08-07,180.65133666992188,185.21109064946663,179.58680317254934,183.31265958435856,4552666
2009-08-10,191.27890014648438,195.78542908038514,182.39005083338097,182.79813062198116,10623976
2009-08-11,192.2902069091797,198.00319361738312,189.52240300534405,190.72888274075882,8843480
2009-08-12,184.3949432373047,190.196641839166,181.3255298130855,189.84179735812276,11326536
2009-08-13,186.9143524169922,189.62892168007463,184.3772054153402,189.62892168007463,10033928
2009-08-14,185.05140686035156,188.0675851121502,183.80945110961093,188.0675851121502,5151814
2009-08-17,181.0238800048828,183.63198867652176,179.285144500121,183.38359324913046,5962820
2009-08-18,180.5625762939453,182.69163187896334,177.24477896631504,179.19642317915736,8149844
2009-08-19,176.73028564453125,182.63845478981162,175.29316985886484,181.96424162715928,5603370
2009-08-20,177.7770233154297,180.40286939820282,176.7479768432742,179.16091414550021,3660960
2009-08-21,180.70452880859375,181.8577732241616,175.64799560187316,178.13190665078852,6929022
2009-08-24,185.06912231445312,186.59494914876126,182.23036665695452,183.08200201739885,4207204
2009-08-25,187.4642791748047,188.42236331989204,182.4254847129965,183.80938644012068,5529298
2009-08-26,194.6322479248047,196.938737644971,186.8434052304904,186.89664057953794,8852624
2009-08-27,194.36602783203125,200.841938389648,191.97082803674834,195.16442776379222,10230928
2009-08-28,191.89988708496094,195.16446057527216,188.4578913577631,193.65637156173597,4563136
2009-08-31,187.0207977294922,189.41599821125362,184.98044176354728,188.42243789856548,7170352
2009-09-01,186.96755981445312,190.3208227279176,184.1997556234211,189.84179135684772,9862194
2009-09-02,189.6998291015625,192.64505528213652,184.87395337717604,184.87395337717604,8161418
2009-09-03,189.36276245117188,193.17734055146371,188.22725580134787,191.58054041645784,7796744
2009-09-04,188.74176025390625,193.03536917719015,187.07398710772688,191.61599146265198,6263446
2009-09-07,195.5015869140625,196.42417397591305,189.34502167713077,190.12568392992205,5925720
2009-09-08,196.81448364257812,202.43875953436995,195.0402613854846,195.8386614011767,9892042
2009-09-09,198.8726348876953,200.41620003646895,192.7338284268584,197.29357228867838,7532186
2009-09-10,197.4886474609375,201.90646459428976,195.89184765307405,200.13224258555258,4898914
2009-09-11,198.8370819091797,201.90649511141436,197.11609496377974,199.06773946837163,9130296
2009-09-14,198.39358520507812,200.09685642266876,189.36280846252686,189.36280846252686,3200972
2009-09-15,202.93560791015625,204.2840128758797,199.42263818288347,200.13232728673717,4308186
2009-09-16,202.4387969970703,205.79208201512296,200.5581253881172,205.45497539229396,5816522
2009-09-17,206.8565673828125,208.64852744508903,203.32586092863266,204.03554979749353,5283220
2009-09-18,207.2292022705078,209.3582694171226,205.45497964832882,207.58404679494362,3925348
2009-09-22,213.84707641601562,215.03579699362496,206.60823894313222,209.34054630583785,3763280
2009-09-23,209.67758178710938,217.04060368983616,208.3823909578935,215.74541286062026,4522410
2009-09-24,213.8114776611328,216.20667723536053,206.51942995563593,208.64849624383834,6803348
2009-09-25,208.43568420410156,212.19702753398235,196.93871284508396,196.93871284508396,3068206
2009-09-29,216.5971221923828,218.03423828967223,209.71312925253736,211.11476955798955,7146124
2009-09-30,220.35845947265625,220.99717531344237,217.2358318503748,218.21165433596227,4373424
2009-10-01,223.49879455566406,230.61344394451163,218.2471004072442,219.29389598992663,5686944
2009-10-05,218.3357391357422,226.745555136729,216.80991265812426,219.54221867133694,6259596
2009-10-06,217.94561767578125,222.9844167151109,214.68104212508865,221.760198176351,7448054
2009-10-07,209.9614715576172,219.613245212432,208.87920028495677,219.613245212432,10075972
2009-10-08,202.7582244873047,212.463216179005,201.72916642632876,211.13254885429305,10162172
2009-10-09,199.33387756347656,209.50018011575665,197.52417946107514,204.0533046009832,10032478
2009-10-12,205.75653076171875,207.3178548917914,199.97257097737872,201.1967885727783,5174220
2009-10-13,206.16465759277344,206.16465759277344,206.16465759277344,206.16465759277344,0
2009-10-14,210.40509033203125,212.19705106376364,206.05824438632706,207.56633379606117,3979580
2009-10-15,206.4484405517578,212.1614476383681,204.03550327935463,210.77754599641156,4232380
2009-10-16,212.30343627929688,214.4680004820558,200.84196454248064,200.84196454248064,7189942
2009-10-20,220.37611389160156,222.06162481916002,217.18251423938548,217.8744651622957,7840584
2009-10-21,224.5456085205078,226.88759535351957,219.29391394216418,220.0036029840482,5731638
2009-10-22,222.07937622070312,228.50207335130713,218.35350973307683,224.261678112364,4292924
2009-10-23,227.02951049804688,229.19407497840007,223.4100922069891,223.58751445990382,7494460
2009-10-26,228.71490478515625,233.36337842602134,225.32614582132888,228.1649004143535,4071746
2009-10-27,228.07630920410156,233.45221220326363,225.16657988538003,233.45221220326363,3940880
2009-10-28,228.8237762451172,230.97730361836952,226.02956122571243,228.66361519637402,3582314
2009-10-29,225.6913604736328,229.76701520464175,224.6769059673788,226.38547121634727,4882712
2009-10-30,223.64463806152344,230.9238608328953,220.6902407959847,228.52118482422932,2876124
2009-11-03,215.7247314453125,226.38549948471842,213.9271779721946,226.38549948471842,2768288
2009-11-04,222.71914672851562,223.53783189511668,217.13069658602097,217.52223505356562,4555798
2009-11-05,222.2920684814453,224.24980487319542,215.56456564501335,224.24980487319542,2731302
2009-11-06,221.45555114746094,226.01173251873436,218.4299590701702,220.69024563767633,4179484
2009-11-09,221.6690673828125,223.53781504039543,218.9104398882853,222.46995923606232,3432086
2009-11-10,223.0573272705078,223.89380577194933,220.69023780382923,222.82594978257598,4610406
2009-11-11,229.67799377441406,230.3009096815899,220.1562791932973,223.19966399466855,4049412
2009-11-12,233.27320861816406,235.46232280385655,229.072978028913,229.58911293800074,4727766
2009-11-13,238.5413055419922,240.23207799598882,230.49677514656898,233.13082934408462,4597896
2009-11-16,236.9751434326172,240.97960511285294,234.92841857383004,238.4879400673729,3523808
2009-11-17,245.76707458496094,246.63916137209097,234.67916056056563,237.77594745487073,5344330
2009-11-18,244.50350952148438,251.19540474781365,243.29326367470904,245.96290446119085,5582914
2009-11-19,242.01181030273438,246.46121097953426,238.3099002494012,245.5713308441743,3464664
2009-11-20,246.72821044921875,247.74266525896465,238.52349704256795,241.33552736433626,2800774
2009-11-23,247.0662384033203,249.1663635866408,244.183036314908,247.38660384673625,2543474
2009-11-24,248.82826232910156,250.59022922344644,242.75928456021376,250.59022922344644,2721872
2009-11-25,250.16317749023438,253.31336718928418,246.31889844915293,248.8283568700258,3893254
2009-11-26,244.85952758789062,251.7827805120484,243.82725751546909,250.9285082656013,4409118
2009-11-27,238.6480712890625,244.32551118904058,233.14860742528688,240.81937024049694,3769058
2009-11-30,245.0372772216797,246.65685389315047,239.91156157785625,239.91156157785625,3882888
2009-12-01,244.09414672851562,250.376709833274,242.13641022540685,250.376709833274,3229964
2009-12-02,243.57801818847656,247.368916751551,240.9973654581411,247.368916751551,2161954
2009-12-03,245.62477111816406,247.70710418317114,241.78049233162085,244.80608553709567,2978706
2009-12-04,247.45779418945312,249.52231110598385,242.40327227271757,242.40327227271757,3933408
2009-12-07,248.9529266357422,251.26661546423202,247.3867285846808,248.45458496706073,2207652
2009-12-08,248.56134033203125,249.4690138172534,245.69593034999636,249.1130617269238,4226172
2009-12-09,251.55125427246094,253.04625684836134,246.74590281637043,248.4544678778637,4708848
2009-12-10,251.1775665283203,252.72594921709106,249.86053963094454,250.94618901133688,1659484
2009-12-11,251.33779907226562,254.29221923482427,249.1664996937437,251.71156620228194,2688312
2009-12-14,250.981689453125,253.4199731341721,249.4688937970347,249.52229527512912,3008842
2009-12-15,249.504638671875,253.43790518674737,248.16981824427626,252.01409673064205,2087152
2009-12-16,253.84718322753906,255.48455377431156,247.38664559128742,249.77152839030632,3565378
2009-12-17,257.2643127441406,259.1330607786017,254.50568469326953,255.57354071296157,3782302
2009-12-18,258.9551086425781,260.3789168000631,256.1252855844591,257.2643364555647,2795290
2009-12-21,261.2865905761719,266.6080779184604,258.5991570197083,259.88057567327326,9326994
2009-12-22,257.7271423339844,264.2944636547672,256.0007831471506,263.4045833057612,3189142
2009-12-23,265.736083984375,266.78614721446104,258.2610885320686,259.293358499054,4470686
2009-12-24,266.7148132324219,269.45564781288783,263.7782094088336,266.9639839625705,3057686
2009-12-29,263.9029235839844,267.6048127807494,262.21215092989036,266.96410327800106,2256278
2009-12-30,264.3833923339844,266.5191046921182,254.59471069253763,264.11642828921765,1472110
2009-12-31,267.0530700683594,268.74384258795243,264.7571746176881,265.62926163080726,2853462
2010-01-04,267.55145263671875,270.13210582452155,266.6259639753905,268.672688917441,1963682
2010-01-05,267.6225891113281,270.3634247433684,265.73604724596817,268.7438469643969,2014488
2010-01-06,261.5714416503906,267.74722479313067,260.91293883062,267.6226284991226,3349176
2010-01-07,254.29222106933594,263.1910246940244,253.0819750861404,261.8028026383351,6474892
2010-01-08,249.0952606201172,255.75156884470076,247.9206231041532,254.86168864691126,6048178
2010-01-11,254.2211151123047,256.3212204660869,249.30897814044513,250.59039761985116,4318408
2010-01-12,266.9817810058594,268.38779568646913,258.7770921274046,260.5568520457499,9027690
2010-01-13,280.68597412109375,283.48021064380924,265.05969274941265,265.1842672719897,10910272
2010-01-14,277.58917236328125,284.20989292905006,273.85167617675575,284.20989292905006,10327614
2010-01-15,281.7004699707031,284.6192594925562,274.8839793073551,283.3378407622592,7945008
2010-01-18,285.5447692871094,295.0842808986669,282.27000573298295,284.7616703485326,7261084
2010-01-19,277.89166259765625,285.54462872091693,277.1619655217173,285.54462872091693,5154850
2010-01-20,277.4289245605469,281.9851046177147,274.40333335590526,281.9851046177147,4347054
2010-01-21,274.314453125,281.8962273647917,273.33558499784033,274.8839677087483,5089504
2010-01-22,269.7582092285156,272.30327466892345,265.0774535555057,270.8794666967983,7574990
2010-01-25,269.1709289550781,272.4812784831061,263.8138552581699,269.63366224814223,3008286
2010-01-27,265.2806701660156,271.13377058139366,264.1564613541255,267.6718766204637,4844398
2010-01-28,264.7276611328125,270.5093818498875,259.7132756830286,267.49360568795817,6537196
2010-01-29,262.7468566894531,264.03167365995034,254.16351168640355,261.9616810816139,5473326
2010-02-01,266.2979431152344,272.2402480883241,256.96510456263036,262.08655314167424,3378012
2010-02-02,263.53192138671875,272.1866463086187,262.31846670500926,269.45638416637007,4739188
2010-02-03,268.72479248046875,270.13453574817714,262.4969542002474,265.53056957849634,2977676
2010-02-04,263.6390686035156,269.063891934777,261.4263091388061,268.72483639222276,2716612
2010-02-05,258.2142028808594,262.31850603653305,255.75161227417573,262.31850603653305,4607118
2010-02-08,258.4461669921875,262.22925470610835,252.7358327624526,260.17710334229736,4170344
2010-02-09,262.3721618652344,264.79905085203734,257.33991406846127,258.74965794078025,3005894
2010-02-10,261.3548583984375,265.4234802967603,259.8558912894135,264.0672802583849,2337374
2010-02-11,265.0666198730469,266.9403235642562,262.3185167693,263.37136415242895,2413156
2010-02-15,266.2979431152344,267.6719839194066,263.58552060826327,267.6719839194066,1956482
2010-02-16,270.5806884765625,273.00757671688893,264.8881933961547,266.6905136887324,1660490
2010-02-17,270.7591247558594,274.0782527780448,268.58204636219335,272.989724472812,2528290
2010-02-18,270.81268310546875,273.72139424734286,269.634930650532,271.24096266631943,1814806
2010-02-19,267.8681640625,271.062386135948,266.1729088496682,269.4206740115354,2215880
2010-02-22,270.2594909667969,272.5614744805663,269.0281954330874,270.1702669684585,2143460
2010-02-23,271.9903564453125,273.0253632677107,268.11804464688583,270.8839878695326,1853052
2010-02-24,273.150390625,275.0597976146468,268.42151783316325,269.8134211795149,4076058
2010-02-25,273.4715270996094,274.7385033905433,271.6870473142938,274.7385033905433,2672984
2010-02-26,271.88336181640625,277.8613696706968,266.2979526224683,273.77490621366064,3015934
2010-03-02,272.38299560546875,274.4529877756149,269.45644443509656,271.9547161053557,4053352
2010-03-03,274.3637390136719,276.23744259717984,272.7220264918775,274.4529629938389,2754742
2010-03-04,272.6326904296875,274.8097459374749,270.1701008761928,274.09595438958536,2053606
2010-03-05,272.1689147949219,273.72142565826357,271.29453691254986,273.0254740149177,1287312
2010-03-08,272.2044677734375,274.80980310860764,271.3479090244968,273.9532443596669,3015740
2010-03-09,274.3459167480469,277.8434926456489,272.3116055088376,272.3116055088376,3457732
2010-03-10,278.3967590332031,279.9671103641579,271.24099759795104,272.5615173376349,4587874
2010-03-11,282.51873779296875,283.6965114896985,275.5057476177512,278.39659520399454,3214030
2010-03-12,284.42828369140625,285.5168121812063,282.66164405939423,285.5168121812063,2510976
2010-03-15,291.9408264160156,292.654618167644,282.35818086368255,284.4281725867658,6054434
2010-03-16,295.8667297363281,296.9195770998705,291.15569904371785,293.190010227254,3088856
2010-03-17,300.0423889160156,301.8982519614962,296.22359841118384,297.65118201798475,4174794
2010-03-18,294.7425231933594,301.57708961810323,292.8331384989985,301.57708961810323,3724554
2010-03-19,292.9758605957031,297.8117958090561,287.39043090306006,287.39043090306006,4716624
2010-03-22,295.3670654296875,297.5798245708686,287.7116650935997,290.8345045072669,3310110
2010-03-23,295.7418212890625,297.2943098722346,293.40413551957045,296.2236220815783,1694964
2010-03-25,296.1522216796875,298.6504930489985,291.9408542994884,294.117910636609,5517582
2010-03-26,294.45703125,298.3650466846269,293.4755672806427,296.22367075148367,1997806
2010-03-29,289.7816467285156,295.97378222996883,288.56819188670084,294.0822382097738,3443266
2010-03-30,285.5168762207031,291.2628946413612,284.49973106245045,288.5861739267921,3097160
2010-03-31,278.61083984375,288.1042636649865,277.41522530801643,285.5167679553908,7083046
2010-04-01,288.3006591796875,289.0144513647242,279.12842524532397,280.645233638527,5781432
2010-04-05,286.7124328613281,291.5840726538332,285.249167770595,291.5840726538332,3001836
2010-04-06,284.1070556640625,288.6931823214048,282.71517433780224,288.6931823214048,3702366
2010-04-07,284.8207702636719,288.7287847476121,278.7892425891716,281.94776260891666,3024558
2010-04-08,285.3204345703125,288.1934422384652,281.9477639236997,284.08913934590504,4494438
2010-04-09,282.51873779296875,288.3361574025095,281.3231454440986,286.23046323649487,3018012
2010-04-12,284.83880615234375,285.5169175447975,281.9836369768958,282.3048522224185,2869882
2010-04-13,292.9580993652344,294.0109470170348,280.96640139466655,285.5168258059489,8404916
2010-04-15,293.261474609375,297.9725066005981,292.31569140884733,293.36853906261086,4290952
2010-04-16,290.9059753417969,295.50994331690106,289.74606312467137,292.2978787156304,3810958
2010-04-19,289.7816467285156,294.4391341299313,285.78440806611206,289.0856953275689,6947704
2010-04-20,281.7693786621094,297.1694490464099,280.87713870434465,294.4391860623689,12016986
2010-04-21,280.163330078125,285.15987354448646,278.4680742591809,283.73228969695464,7107490
2010-04-22,280.50244140625,283.25054521614123,278.7358016868053,281.62665083992925,4751116
2010-04-23,278.4502258300781,282.66159370284925,277.4866024039965,281.2518503372114,4306068
2010-04-26,280.1990661621094,282.3047614653351,278.45028867428255,280.5202813043659,2512548
2010-04-27,280.9842224121094,281.91216510174286,278.7536223647263,280.5024215151561,2621234
2010-04-28,274.9169616699219,279.7886003796487,273.02541738325334,278.3788569397877,2400382
2010-04-29,271.15185546875,276.6837459060855,269.67072770288803,276.63020276921327,4622964
2010-04-30,273.1681823730469,275.80919946393396,272.15101579524753,273.02541527269574,3690224
2010-05-03,273.6678466796875,275.3095813390291,269.13526315225744,271.6870782490933,2416560
2010-05-04,271.5978088378906,276.5408088662729,270.098841541541,276.5408088662729,2896028
2010-05-05,273.2930908203125,274.09610675808034,264.15656264165705,267.6719792559378,4371230
2010-05-06,273.77484130859375,275.13106318057356,270.9553767156615,274.07821589919865,2580872
2010-05-07,264.6026611328125,272.16883770584013,262.31851838192136,270.17022913621014,4267152
2010-05-10,274.89923095703125,300.8634231701102,265.88760410644375,271.2410457998621,2327814
2010-05-11,269.9202880859375,278.02182706963697,269.0637512393345,276.5942438754411,1351288
2010-05-12,271.0447082519531,274.0783246626584,268.0646131785719,270.17030857693214,2740076
2010-05-13,273.23944091796875,275.9518623175573,271.75833628155004,273.0609930015429,1321452
2010-05-14,272.614990234375,277.30818116427133,269.45646947107446,273.3823253176729,2026996
2010-05-17,266.1551818847656,276.5765490453419,261.99733492950344,276.5765490453419,3722050
2010-05-18,262.3542785644531,266.2444542364178,259.21359767004816,266.2444542364178,3199180
2010-05-19,257.5004577636719,261.60476166427094,255.64459425197785,260.53407369020164,3929266
2010-05-20,260.533935546875,261.3547915351105,255.59093740080317,260.177039744756,2398092
2010-05-21,256.501220703125,259.0708768723375,244.56304230058117,253.39622040629354,2675092
2010-05-24,256.10858154296875,260.534101013187,254.35980407184428,258.7496208692611,2885428
2010-05-25,249.6665802001953,254.82373150393923,246.81141234020717,252.68235560894814,2297366
2010-05-26,263.38922119140625,265.81610938774924,251.29043930957758,252.6823422811865,3689464
2010-05-27,264.7632141113281,267.6540839648,259.53470225790534,262.31848591505843,6883872
2010-05-28,267.9574279785156,268.92105123140544,262.4969252564017,267.6005320910154,2479374
2010-05-31,265.19146728515625,268.70690461410237,263.389147529298,267.13655409983676,3327660
2010-06-01,263.8174133300781,268.3678353598554,262.21138202545086,265.19145362187066,3136912
2010-06-02,269.1888122558594,271.0625162854825,262.7825245979357,263.3178686063995,2769330
2010-06-03,273.18597412109375,274.4529502238753,265.9231294035085,271.240887087315,1684434
2010-06-04,273.150390625,274.70290155488556,269.5279086883472,273.1860933009002,1368210
2010-06-07,268.8320007324219,270.45587371176725,262.6755427003817,267.6364074510779,1734922
2010-06-08,267.7433166503906,271.9546840413734,266.6012453791417,269.09951675484984,2242222
2010-06-09,261.6226501464844,270.72349959717627,260.89101758650145,268.3858347811889,4867400
2010-06-10,267.8504333496094,268.74267330080727,260.5340657497866,260.5340657497866,1796036
2010-06-11,270.9197692871094,272.4187369787545,268.0289201400263,271.8833929305388,3237024
2010-06-14,278.7357177734375,280.91277420537955,270.5271114881762,272.43649597603365,3550492
2010-06-15,278.40875244140625,282.62432720563106,274.97454124151466,274.97454124151466,2642976
2010-06-16,281.5703125,283.4418845269702,278.8447350903185,282.40615180280787,2328816
2010-06-17,281.75201416015625,285.20441216952685,277.5364633578786,282.3698161348363,1528920
2010-06-18,284.623046875,286.69449071604157,280.64369831893816,281.75209566959705,2225672
2010-06-21,286.2584228515625,288.54790430598877,285.13183712072066,288.14816167360834,1907428
2010-06-22,282.96942138671875,285.82218319215775,281.02516309403086,285.2770677760252,1468324
2010-06-23,285.74951171875,286.71255787685385,279.77140790480934,279.82592832160924,2959524
2010-06-24,281.0797424316406,286.54906381722833,278.9901328984142,285.7495566031367,3777510
2010-06-25,275.64678955078125,281.93378506086634,274.77459571481575,281.93378506086634,2037322
2010-06-28,277.91802978515625,278.7902233864541,275.31963724109346,275.62854930775524,1153124
2010-06-29,273.9385986328125,278.0087972244145,272.19423414521106,278.0087972244145,2614662
2010-06-30,272.9212341308594,276.1555958444156,269.377982422769,274.3748758572554,3316516
2010-07-01,266.0163879394531,272.5577745281282,263.7450731517187,272.5577745281282,3407744
2010-07-02,270.30462646484375,271.10413370818776,265.59845777731334,267.03393316273423,2943550
2010-07-05,268.560302734375,272.15807479624016,267.869814057997,272.1217204454344,2165596
2010-07-06,275.8830261230469,276.8824047668452,267.4155456873065,267.6517713299835,2760904
2010-07-07,277.8634033203125,278.8809695270726,272.1760475458518,276.7005085368087,2152934
2010-07-08,282.29718017578125,283.09668745198724,279.6988092541235,280.5528147791196,2187564
2010-07-09,281.4430236816406,284.91358653038566,280.0984015539474,283.4599457827817,1836666
2010-07-12,287.7120666503906,288.5479062752265,283.3874732885496,283.3874732885496,2725776
2010-07-13,281.515869140625,287.8210305718639,279.6624628322444,287.8210305718639,5545886
2010-07-14,281.515869140625,285.1681391454317,279.9168545429017,282.7332850819572,2833842
2010-07-15,284.2231140136719,285.24068033787967,278.099660898229,280.18926958841496,3795536
2010-07-16,302.9570007324219,304.7195317875536,288.9111839846215,288.9111839846215,19135452
2010-07-19,300.43133544921875,303.3386181976214,299.1775653278087,302.1575345810828,3027924
2010-07-20,300.6312255859375,303.2841168243329,299.81355226158774,300.4313543205915,2342062
2010-07-21,306.35479736328125,307.0089312844809,301.4850918306203,302.35728517941874,2943720
2010-07-22,306.6091613769531,307.4450003222847,302.5389630830993,306.354769824688,1362882
2010-07-23,305.0102844238281,308.89877937685094,303.4839566072166,308.89877937685094,1894472
2010-07-26,308.626220703125,309.4802261006316,305.4100481763039,306.1368688314776,2766490
2010-07-27,308.5899353027344,312.46024256951085,307.517870237744,310.71587716893487,2106602
2010-07-28,310.5158996582031,311.7878355623252,307.8084887975542,309.2621298308366,4359228
2010-07-29,309.6235656738281,311.4448807660271,309.25930265538835,311.4448807660271,5331904
2010-07-30,305.9079895019531,309.6234756563987,304.15953196834454,309.2592127438617,1283426
2010-08-02,305.3616638183594,309.0589421053782,304.888126372117,307.0737043389422,2827762
2010-08-03,303.0849914550781,307.6200697541509,301.8100710949366,306.3451493940094,1281552
2010-08-04,316.47174072265625,317.6373869562221,304.4692685006184,304.52391685252485,5583934
2010-08-05,319.76824951171875,321.42566386431497,315.32425892237575,317.63731996244934,2912950
2010-08-06,314.9781494140625,321.826287820956,313.502889043795,320.55136760887524,2437734
2010-08-09,320.49676513671875,321.8991909103817,308.2028899039999,313.6850653866457,4259986
2010-08-10,314.90533447265625,322.3727252843271,313.77612816988386,322.3727252843271,1545194
2010-08-11,312.59234619140625,318.00164360704497,311.3720516305224,313.994750044986,4020248
2010-08-12,310.88018798828125,312.13689948648624,308.2392818652777,312.13689948648624,2278092
2010-08-13,311.22625732421875,314.322492239556,305.2523363591359,312.1733320522428,2589906
2010-08-16,311.11688232421875,314.1949077645656,309.1862937214341,312.17325345190585,1319098
2010-08-17,309.6964416503906,313.63047804338896,307.43800635147534,309.6600020066096,1733196
2010-08-18,317.3094787597656,319.0215192434937,309.62353863502375,310.7163275949121,2888916
2010-08-19,317.655517578125,320.87925819255213,315.92526847587476,318.36583481403926,2148534
2010-08-20,316.5263671875,320.51505184813686,314.3589976931036,316.5445758925922,1746396
2010-08-23,317.0544738769531,318.8939972890332,312.1915502574504,313.2661303838245,1049830
2010-08-24,317.1637268066406,321.2434759304034,315.08742372971415,316.9087383177472,2650474
2010-08-25,317.3459777832031,321.097882801012,315.561079921571,317.6373837804679,2379968
2010-08-26,319.2765808105469,320.1872384854201,313.357305923871,318.36592313567365,4204428
2010-08-27,311.8273620605469,318.0016248591942,309.9878382075307,317.6737792393949,1276514
2010-08-30,308.0390625,314.2861605767818,306.017384750946,314.2861605767818,1558570
2010-08-31,307.3468933105469,308.7857365465407,302.41113431491453,305.98090711805554,2447874
2010-09-01,312.68341064453125,313.6304856802739,305.9809616392916,306.70948773843276,2745484
2010-09-02,307.47430419921875,315.9980649302438,306.52722955481283,315.9980649302438,2758800
2010-09-03,304.9974060058594,310.169945061798,304.196022957838,309.6235505608083,2777970
2010-09-06,311.5722961425781,312.35547035497365,305.25234304077895,305.25234304077895,2287978
2010-09-07,317.4004821777344,318.69363331260837,311.8090553241136,312.53758115431015,2484236
2010-09-08,320.2052917480469,321.6077172262534,312.8654077914422,314.7231396532025,4189478
2010-09-09,318.62091064453125,321.4621581338747,317.400616024651,321.28002659952125,2938158
2010-09-13,320.46038818359375,323.82982108009645,317.1638123368287,317.40056995741344,2349410
2010-09-14,326.1429138183594,327.47248284764476,320.6607593474025,321.6442740316689,3071038
2010-09-15,333.2278747558594,334.9034983320515,327.47252230321914,327.8367853981059,5560394
2010-09-16,326.1611328125,332.73607619566445,314.90539605571394,330.7508381938557,2334264
2010-09-17,332.86346435546875,334.6665703237822,327.87305771740495,327.87305771740495,3007978
2010-09-20,332.2988586425781,335.81400481815064,330.27720382308377,334.02910756398376,2419108
2010-09-21,347.4886474609375,348.96390796977283,331.5885607151053,332.2078121799925,4997184
2010-09-22,340.6769104003906,349.69241805332797,338.7645299891615,348.2353663114391,4031066
2010-09-23,339.2563171386719,344.3377901503821,337.9631880077325,342.4072008051778,3327236
2010-09-24,339.4748840332031,341.6422531812486,336.9432519101197,339.89377311478825,2738784
2010-09-27,337.8902587890625,342.9353133182881,335.85039543228567,340.5858131553005,3423290
2010-09-28,334.9945068359375,338.8738947935582,332.9728292186529,337.0343709254314,2521714
2010-09-29,335.24945068359375,341.40550441494383,333.2642350753027,336.94328256476183,3370194
2010-09-30,337.6534729003906,338.76447021096584,333.35517546686276,336.94315585499294,7560924
2010-10-01,350.2752990722656,351.87806519819225,335.8504928703243,337.671807907582,3326156
2010-10-04,348.16253662109375,355.1563899779991,347.14260476823915,352.1512205243391,2140956
2010-10-05,346.140869140625,351.85980191711565,344.64739993486677,346.0498034028874,2211664
2010-10-06,349.56500244140625,352.57017223953386,346.0498555419717,346.0498555419717,1838960
2010-10-07,345.6127014160156,351.87802894525424,341.82437986852875,349.6924511257185,1972940
2010-10-08,343.3543395996094,347.76193581303403,316.5445882030553,343.88252546493055,2695996
2010-10-11,342.7349548339844,347.4885810012198,338.4184263392159,343.3541839475933,3065370
2010-10-12,346.3048095703125,348.1625418217314,342.079345784159,343.37249711223683,2608902
2010-10-13,361.6584777832031,363.425166512326,345.72197298178304,348.21718764468505,5350604
2010-10-14,359.18145751953125,365.7199815566803,357.8336802325642,363.1337236479732,2949086
2010-10-15,346.1591796875,368.26995176212284,344.2285899260198,363.89879506464956,5717798
2010-10-18,357.4330749511719,358.43479821855095,338.764595877289,353.3351161300757,4480734
2010-10-19,352.5155029296875,359.6732794617504,351.1859341443309,357.70625045409776,2200912
2010-10-20,350.876220703125,357.1597554107595,348.3081718343993,351.3315493051275,2206638
2010-10-21,359.23614501953125,362.0227433969017,353.3350804662066,354.81034104632596,3752354
2010-10-22,378.906494140625,382.25774165232406,372.2769228891587,372.2769228891587,9610404
2010-10-25,388.6503601074219,390.8359379389624,377.8135366926999,379.9262797161337,5156316
2010-10-26,387.06585693359375,388.9418202865562,379.3981474228634,387.39370252845004,3507024
2010-10-27,381.82037353515625,388.59569939446385,380.12658653601767,386.11869376141715,2141382
2010-10-28,383.5325622558594,388.8690246647791,378.8335601645242,382.4761905507215,5255690
2010-10-29,383.5325622558594,386.1188209369189,375.5551928169466,386.1188209369189,2212398
2010-11-01,384.44476318359375,389.1891924654961,382.8754341394579,383.9520813605341,1147948
2010-11-02,383.00323486328125,386.8535402776799,380.90473688535985,385.02875942731345,1565778
2010-11-03,384.22589111328125,393.78772538308715,382.6200749820081,383.5324654486047,2217878
2010-11-04,390.1929626464844,393.6417812036736,387.4010385738297,387.5835166890317,1717440
2010-11-08,389.8279113769531,395.0285363923098,387.61990890118636,394.1526327428192,2248586
2010-11-09,398.2037658691406,400.97742453154564,389.9557633137028,391.9265360252595,3504086
2010-11-10,398.6418151855469,404.3716117191965,396.3790592200952,398.62354954900036,1540224
2010-11-11,388.58709716796875,397.80224081999154,386.2148819704184,397.80224081999154,1926096
2010-11-12,385.3573303222656,390.46671804815895,382.547140342829,386.853642103355,1802330
2010-11-15,389.0433044433594,394.09793884149536,384.2988739013672,388.67834824782153,1389396
2010-11-16,382.8026123046875,389.18934655905485,380.357378745679,389.0433551517476,2178076
2010-11-18,380.5762939453125,391.2329957865376,379.5543988973872,391.2329957865376,2765160
2010-11-19,370.57647705078125,382.83899456333893,367.1458803915338,381.3426832849266,2172652
2010-11-22,379.2259521484375,380.6492901395591,369.1531706386999,370.79547342453697,2221236
2010-11-23,375.9231872558594,381.3792651427975,369.48170080534493,377.364746562347,1684448
2010-11-24,366.6898193359375,377.54726857728525,364.5730773842537,374.0801839455944,3008608
2010-11-25,372.91217041015625,380.24780201246784,367.547310826413,368.62393586849845,5855006
2010-11-26,382.2004089355469,384.6638634691491,374.0801328803395,374.0801328803395,3617826
2010-11-29,390.97760009765625,393.60526695259506,383.29525416500974,385.02879613814355,4518892
2010-11-30,392.69287109375,396.3606987228846,384.3353652059478,387.03604999528056,4808408
2010-12-01,394.84619140625,398.9701704642117,388.313465362733,388.313465362733,3776032
2010-12-02,399.919189453125,401.1600054131045,392.3463451280798,398.1673811385223,4095716
2010-12-03,400.4847106933594,406.1962846116649,398.2219998840248,398.9154256321503,2030112
2010-12-06,402.072265625,405.1014201906987,399.7365813650586,401.45185784663835,1930954
2010-12-07,396.889892578125,401.4518453663793,394.9191200635351,401.4518453663793,2158324
2010-12-08,393.84259033203125,398.8789604174975,390.95942672314374,398.1490478355173,1984132
2010-12-09,391.4519958496094,400.4664403660787,389.8096930140523,395.50300060058703,2579902
2010-12-10,392.2914123535156,395.557752390696,385.7586877288392,389.40824958057846,2245624
2010-12-13,392.72930908203125,394.40809848324443,382.6200414190401,390.86804160350545,2115066
2010-12-14,394.4994201660156,397.65630047492357,388.36818221406094,391.671009375144,2615340
2010-12-15,402.78399658203125,404.51753886576415,394.7002062857167,396.01403994858595,2572034
2010-12-16,416.30548095703125,417.5098541255958,402.96635981283936,404.7363883088162,4515704
2010-12-20,425.7945251464844,429.55359310166165,406.87154866800273,414.15245405782684,4514046
2010-12-21,423.64117431640625,427.81990498170524,421.1594543389958,426.63379733300354,2810642
2010-12-22,419.6083068847656,426.6337123272807,415.2288333621588,425.9038000735129,3186836
2010-12-23,416.0500793457031,423.1849910703994,413.1669163770157,419.69964144522686,2850924
2010-12-24,416.4515075683594,419.26169701600105,410.84943885337344,413.8603274792143,1624640
2010-12-27,416.4881286621094,423.14858140772884,415.393259717624,417.8749804785901,1664936
2010-12-28,418.36761474609375,420.02818360878155,416.0684169558256,416.48808102961755,1012876
2010-12-29,422.2360534667969,424.07910007814104,418.6230227638718,419.3346695264923,1042370
2010-12-30,427.0718078613281,428.75064233780023,420.61209972473154,420.61209972473154,3845552
2010-12-31,425.41131591796875,430.6484298625878,424.0062430865338,427.9112576388849,1532980
2011-01-03,422.63751220703125,429.53514820782544,421.36016560683765,425.9038521216864,1405042
2011-01-04,417.78363037109375,425.5937023429104,415.3566626124011,424.77255085277284,2502868
2011-01-05,422.9660949707031,425.502568039308,416.68886429866365,417.96621137555906,3069674
2011-01-06,427.6192932128906,431.3783610489317,420.8311147155879,426.2689726777938,2846720
2011-01-07,417.0171813964844,433.1482264774219,415.3748786124395,429.1884608970654,2532724
2011-01-10,412.7289733886719,419.33467166497576,409.1158981170042,418.787237367763,3952426
2011-01-11,400.9044189453125,414.4260650967325,396.9994051016131,409.84584658678733,3768730
2011-01-12,414.572021484375,420.28359552945017,404.3715124339894,405.0649381975056,3160874
2011-01-13,410.30218505859375,421.8712837751346,407.36426855958723,412.0174621192911,5589198
2011-01-14,408.8058166503906,419.69975351638016,408.75106429421373,412.36414064759475,3151692
2011-01-17,415.1012268066406,418.44058523644605,408.75097946559305,409.18890912346336,3000212
2011-01-18,438.87799072265625,441.1954531259965,424.936640500828,428.45847589503506,8481370
2011-01-19,435.392822265625,441.2321224804196,432.47317215822767,439.20659739828267,2952040
2011-01-20,442.39984130859375,444.79032198739986,430.6482707242107,430.6482707242107,4545208
2011-01-21,442.1992492675781,445.24662504532364,439.40732504472925,441.59706254495217,2597404
2011-01-24,441.3052062988281,445.2467527498631,437.3089520348553,437.947625655603,2016678
2011-01-25,433.7689514160156,444.99136082922774,430.6485563444003,443.3490570126601,2467094
2011-01-27,438.4662780761719,442.3230289727162,431.9590903153121,434.1342665831774,4714118
2011-01-28,431.8675842285156,440.00154448387394,425.9818960699424,436.85764068103947,3014578
2011-01-31,423.8800048828125,427.3529329090192,412.5655887949667,427.3529329090192,5940816
2011-02-01,420.462158203125,425.8908871963778,414.1925967326146,425.8908871963778,4212708
2011-02-02,432.2698669433594,438.28354301020823,424.9218910197382,427.7185210439544,3937618
2011-02-03,432.7269592285156,437.11381715277366,427.9562780111409,433.09253072220383,1883412
2011-02-04,419.9685363769531,432.5076114344529,416.8428823556446,429.9120628373059,3457600
2011-02-07,413.5160217285156,428.99795873653375,411.81610610711994,428.99795873653375,2578382
2011-02-08,411.30438232421875,420.37057109517684,408.8916199558655,413.8268339651674,5288638
2011-02-09,401.507080078125,412.94943794071224,396.1697020227646,410.3538899671167,6012732
2011-02-10,398.7469482421875,407.4292677661407,391.8924854601192,402.12848321467453,4551822
2011-02-11,398.3265686035156,403.663901851632,386.00683088951615,396.3159260040229,2945056
2011-02-14,406.6251220703125,409.4400042493592,397.3761469812978,398.8384327107598,2462548
2011-02-15,401.2877502441406,409.0744397353842,393.55595001918294,409.0744397353842,3625426
2011-02-16,400.8490295410156,405.6745540437378,395.1826729902763,403.95638635916305,2464592
2011-02-17,405.49169921875,407.4109486909928,399.35012768281655,403.95631749111817,1477760
2011-02-18,398.3631286621094,413.9730539012233,395.5847950034597,405.87563863013065,4076928
2011-02-21,416.239501953125,419.67588133513146,386.8475584815764,398.47274447325196,5657800
2011-02-22,416.2943420410156,419.5661875157861,409.43987976811195,410.4086526944301,3305400
2011-02-23,411.468994140625,418.56104510017155,410.57331724595167,412.4194710565558,1879344
2011-02-24,406.4422912597656,416.29442241876416,398.94807772774834,409.0743874306012,5378830
2011-02-25,405.8023986816406,408.3431011114496,397.8329272914369,404.06593518094286,3070474
2011-02-28,405.8756408691406,419.7673538644366,402.1285340743568,402.56720189772676,3229396
2011-03-01,411.0850524902344,413.82683807820837,401.2511725896177,406.88098125534094,3167804
2011-03-03,420.4803161621094,422.2350771902134,404.68764541087984,409.40352662666106,3452600
2011-03-04,415.1245422363281,425.28739844988735,414.0095318280414,425.28739844988735,2061198
2011-03-07,405.1446228027344,411.2679455475535,400.0997181538465,410.9023740404001,4184588
2011-03-08,408.5989990234375,412.65687590412523,404.0111062659195,404.0111062659195,3947902
2011-03-09,411.88922119140625,416.02019528650607,408.89155397887265,410.37213579292927,2424486
2011-03-10,405.2541809082031,410.1710982374437,402.12852768376837,410.1710982374437,1871324
2011-03-11,393.7386169433594,403.0058411894517,388.7120111799023,402.128461076567,5012882
2011-03-14,401.2328186035156,402.8595931212206,386.9206925543912,391.52688224394484,3248618
2011-03-15,398.3996887207031,400.4651312185933,389.5711313908463,392.989214705294,3411868
2011-03-16,407.55712890625,410.701032960808,398.8931074985703,399.20383415868713,2677874
2011-03-17,401.39727783203125,409.0377267449891,399.4414803487315,403.95627687103325,2056102
2011-03-18,395.8224182128906,405.4186670959092,393.39135957077656,399.75231061260297,2211348
2011-03-21,391.45391845703125,399.0212294661852,389.88194340420205,399.0212294661852,2619090
2011-03-22,390.97857666015625,394.81707601025596,388.6023627767612,393.02576738846057,2657774
2011-03-23,389.09588623046875,391.5269448128861,386.500338378547,391.5269448128861,4352248
2011-03-24,399.7158508300781,400.501838408991,391.1614695796077,391.5270410465045,3094834
2011-03-25,409.3121643066406,412.54746335737457,403.4995681707596,408.2885461929324,4146434
2011-03-28,409.4034118652344,411.8892705618968,405.05310336430745,410.84740101713464,2248642
2011-03-29,416.2761535644531,421.1017230310821,409.1292591566386,409.4399859351667,3159588
2011-03-30,421.1199951171875,425.52514874256815,418.54274328536417,419.676005804526,2294770
2011-03-31,432.800048828125,437.9545973509949,421.13831064135735,421.13831064135735,7394126
2011-04-01,431.4289855957031,438.2286029605632,428.65065259586186,433.2019975042898,1799624
2011-04-04,443.51116943359375,444.53478712252735,432.8365032508819,433.2020746218708,2311616
2011-04-05,453.2536315917969,454.7524652090542,440.0565147172583,444.18748884264943,2891014
2011-04-06,446.6732177734375,455.84904711830364,443.8583370308239,452.9427735642364,2422352
2011-04-07,438.3931579589844,445.9970601127094,436.91262072320063,445.9970601127094,2149016
2011-04-08,437.22344970703125,443.8037357394113,433.1107709367937,437.55247293373435,1983768
2011-04-11,430.7894287109375,436.85790618134257,429.656166080238,431.4291787827512,2256232
2011-04-13,442.3777770996094,446.5087502279102,429.29035263967455,429.5462346740018,3757530
2011-04-15,435.5415344238281,445.9603135716495,431.3740138396215,444.863599977142,7566770
2011-04-18,418.4330139160156,443.2553208062485,416.7696908276205,437.9545355265037,7765454
2011-04-19,425.78094482421875,427.4991569901831,416.75135008911855,418.4329694187821,3120224
2011-04-20,445.5218811035156,447.45942752056123,431.20979540889124,431.30118826581946,5338548
2011-04-21,435.797607421875,455.4288161431251,428.02921605590495,453.67405577264793,17333968
2011-04-25,437.8995666503906,440.14783903900087,428.6871878695027,437.58883997482064,4191552
2011-04-26,434.66436767578125,439.41679558140373,431.50216633657305,438.6856528266926,3155246
2011-04-27,431.5934143066406,436.83935288569063,429.93009187325265,436.83935288569063,1774478
2011-04-28,423.56939697265625,432.653839169983,422.454386127583,431.4291836580425,2846194
2011-04-29,426.1282958984375,428.44966527926204,420.49848761729623,428.44966527926204,1866696
2011-05-02,423.4961853027344,430.46033856665457,421.32105324676803,427.7185529706886,1543070
2011-05-03,416.18475341796875,424.7939779644017,413.4612642665562,424.7939779644017,2120156
2011-05-04,415.67291259765625,418.9447582609622,407.66689127648823,418.9447582609622,2722934
2011-05-05,407.6120910644531,418.5792325280707,405.0896396027385,418.5792325280707,1885596
2011-05-06,420.02325439453125,421.68662216306967,409.3485870542673,409.4399799069251,2405348
2011-05-09,415.1245422363281,421.1198763567357,411.08496118378156,420.40703011235996,1012232
2011-05-10,416.7148132324219,424.04449241941927,412.3645050080525,414.1923618564925,1529158
2011-05-11,416.8426818847656,421.0284554904959,411.6698389770763,416.3857177520263,1460670
2011-05-12,406.4239196777344,414.5213334338133,405.18096825037816,414.5213334338133,2540458
2011-05-13,412.0354309082031,417.5921418157028,406.5153128334772,406.5153128334772,2365488
2011-05-16,413.4977722167969,419.4566034633126,409.4399388903764,409.80551026438565,2227368
2011-05-17,417.372802734375,420.11458792696857,410.189361230108,410.189361230108,1391414
2011-05-18,422.25323486328125,424.6111523836498,417.57390340957727,417.57390340957727,2225180
2011-05-19,425.835693359375,427.7183943622031,422.600396480946,425.89053797603987,2050922
2011-05-20,429.5463562011719,432.61716460888374,425.25089263916016,429.08939199244725,2050600
2011-05-23,426.457275390625,427.9012643702457,420.4070517093401,425.5250505997147,2017284
2011-05-24,420.3706970214844,428.7422936997727,416.4408032072081,425.0317338709748,1681994
2011-05-25,412.5838928222656,420.37058186436815,409.43998755717786,420.0781068802318,1867470
2011-05-26,415.19757080078125,417.8479625140154,409.4398232858244,416.38567743085173,2060218
2011-05-27,418.414794921875,420.3705931326383,415.39883064697085,419.87708063091947,1286704
2011-05-30,421.1199951171875,424.0445665862086,417.59226648301615,420.7727201054089,1140868
2011-05-31,423.02099609375,430.5334623283208,420.4436996197745,422.23500858126374,2644154
2011-06-01,429.6924133300781,430.27731834667736,422.9658940757058,422.9658940757058,982386
2011-06-02,426.8961486816406,428.44982766421134,422.8383136757772,423.66084960772645,1697654
2011-06-03,421.1747741699219,429.54636762141314,420.4070832039363,426.2562252311215,1367808
2011-06-06,425.65301513671875,426.98735956042736,416.7513612148007,416.7513612148007,1357074
2011-06-07,431.1184997558594,432.52594114480485,423.3318087397496,425.15966629043936,1837442
2011-06-08,434.83575439453125,436.1607908490458,428.2473250235146,431.33910670418027,2127670
2011-06-09,436.6576843261719,439.3998192753358,432.48011939296885,432.48011939296885,2693966
2011-06-10,437.7068176269531,440.7618025814403,436.19774653735175,436.73147254662246,3774550
2011-06-13,432.5906066894531,438.1852257874849,431.5784190616366,437.70671911861746,3229400
2011-06-14,438.38763427734375,439.8046878182972,433.58432644104045,433.58432644104045,2125782
2011-06-15,435.8846435546875,443.5220565618733,434.780439264492,436.5287627239682,2812382
2011-06-16,423.70172119140625,436.49209125537396,422.6343144158551,435.4246844798229,2337520
2011-06-17,408.26116943359375,425.85484477854453,406.34723304711594,425.1187084867925,3788146
2011-06-20,393.5753479003906,411.86831963880985,389.416159229545,410.3960468250875,5310408
2011-06-21,407.35943603515625,408.8132872949181,391.3300496968427,395.6732719564427,3425946
2011-06-22,398.8019104003906,411.0953977504117,397.5136716496741,410.7641273713299,3570834
2011-06-23,403.77099609375,405.24326955261506,393.86994809683824,398.1763749221508,2428236
2011-06-24,418.7696533203125,419.87385807527704,404.50700856868684,404.8750768203417,4151588
2011-06-27,423.4993591308594,425.00843011116467,412.97261518091733,412.97261518091733,3125218
2011-06-28,424.7507629394531,427.69530895636444,417.9967194992042,426.9591724521366,2133332
2011-06-29,430.5846862792969,433.9157223239134,425.0084426193477,425.0084426193477,2958704
2011-06-30,435.8663330078125,438.7372828644075,429.5355781063453,430.5661870113279,5172916
2011-07-01,438.7005310058594,440.9457382160775,434.2100716552195,440.9457382160775,1920840
2011-07-04,436.4185791015625,441.68197392964294,434.3206076974822,439.10549574838666,1603734
2011-07-05,434.1180114746094,438.36921706813064,431.8912258691167,437.92755320941126,2061136
2011-07-06,435.3511962890625,439.06867707390404,431.2656022798623,433.67646757860933,1490178
2011-07-07,440.1728515625,441.68192247825897,435.46155975064846,435.46155975064846,2602634
2011-07-08,431.2471008300781,443.5221658960152,430.363728194121,440.2095522088251,3412060
2011-07-11,425.72607421875,433.5107253002133,422.02697099565376,430.63977549152384,1822504
2011-07-12,421.56695556640625,422.83681797020654,409.32868641604273,418.0150880149213,4079404
2011-07-13,422.9287109375,429.90358416397373,416.2850630902862,423.27835769569333,3952600
2011-07-14,413.5984191894531,426.4440145926354,411.90531363341063,423.27863552173466,6937844
2011-07-15,421.8246154785156,433.5475796878676,420.0026507710307,429.90369520310185,7279700
2011-07-18,414.0951843261719,424.0146052530215,413.08299668342374,422.54233231811514,3125208
2011-07-19,419.6161804199219,422.5975239323049,412.32841189613987,412.82529499317013,2195292
2011-07-20,416.81866455078125,423.94081759221064,414.07657542338444,423.2782770994596,2807746
2011-07-21,413.17510986328125,416.83737166877086,412.25493906489544,416.6533375090937,1850624
2011-07-22,417.16851806640625,420.0762659105151,414.6288384321795,414.72085548465003,2090442
2011-07-25,419.56103515625,421.0701060959015,413.3958915573808,417.7574916248673,4740714
2011-07-26,421.3092956542969,423.9961666935355,414.90489966085005,419.52417377907756,3968722
2011-07-27,422.2294616699219,424.98997328141917,418.91684773612513,422.89195749856003,2024290
2011-07-28,416.84161376953125,422.50626634619516,413.4280554846474,420.6979940289242,4093814
2011-07-29,419.5909729003906,421.43613988763946,413.92631925914105,418.11483931059155,1719138
2011-08-01,418.9450378417969,424.351384490141,415.1993409800972,421.5836348457336,1982346
2011-08-02,417.2475280761719,418.4837806761507,414.14763920970904,417.1921640691255,2025292
2011-08-03,409.75604248046875,415.42069361440196,404.2205439688724,413.31722219919624,3064246
2011-08-04,404.4053039550781,413.13295420355314,402.6523950381805,409.6456060617791,3049294
2011-08-05,390.4187927246094,396.34179567924497,379.3662625309719,396.02812635893395,5269388
2011-08-08,371.00762939453125,381.3405620799798,367.77858793032857,373.16648777357307,6549306
2011-08-09,356.0433654785156,363.57165469920875,349.7329043111756,356.11717665205333,8159270
2011-08-10,363.14715576171875,373.46163933714473,359.36456504708855,368.6642072112723,5949080
2011-08-11,361.04376220703125,362.9073986088653,355.3791094001317,361.6526762327405,2900464
2011-08-12,349.5299072265625,366.0441477853008,345.96872678921,365.54593930432094,4169084
2011-08-16,359.290771484375,361.04367946233964,352.81424230216925,356.85516098775145,2983568
2011-08-17,368.996337890625,372.50215359656534,357.9622352381177,359.6228847830368,4557892
2011-08-18,355.13922119140625,372.4653407873257,353.53393519256696,371.2106409617982,3619896
2011-08-19,342.8134765625,349.45607573041923,333.97512483149546,347.9983897415472,5443614
2011-08-22,338.7909851074219,343.2009371378105,332.8680056971022,342.8319038720709,3528922
2011-08-23,362.24310302734375,364.6049253183609,339.6398118575567,339.8243285201672,4874670
2011-08-24,355.2315368652344,360.9146601554044,352.4268920740401,360.9146601554044,3194790
2011-08-25,350.7292785644531,359.0694226398038,346.1532563577965,357.851617180873,4445488
2011-08-26,350.0096130371094,357.7777589457254,346.8912773687281,350.98753769826806,3584910
2011-08-29,376.26629638671875,377.89005171227086,355.7849508105166,355.7849508105166,5590444
2011-08-30,384.6802978515625,387.5956697562633,377.9454405306053,380.1042761964887,5966682
2011-09-02,377.1889343261719,396.6185469622573,373.4617069325931,395.97273867457744,4413506
2011-09-05,379.25567626953125,381.2853603393844,368.46146987660023,374.8641915237127,3789658
2011-09-06,381.5435791015625,384.5327401449094,370.87850656970625,375.67593998802084,4763292
2011-09-07,380.4733581542969,387.48499133075825,378.2591582038354,381.61735245243267,4432156
2011-09-08,382.3370361328125,389.3117306984683,379.73533288827736,381.21146634945626,4892662
2011-09-09,374.9562683105469,388.0753972131429,372.96350206686395,383.79462007574597,5062650
2011-09-12,363.75616455078125,370.45410609860113,361.1544840314129,369.03333676167165,3297170
2011-09-13,366.7268371582031,377.89009433962264,364.8816706819354,368.221417499179,3798204
2011-09-14,374.60565185546875,379.73522316043426,366.72680079269344,369.40229191797346,4745632
2011-09-15,384.4403991699219,385.9350018943203,372.72359314770443,379.3661918374655,3852238
2011-09-16,379.27392578125,395.7512695377571,376.8936567945337,386.74684915470687,4656504
2011-09-19,375.69427490234375,381.0268095750465,373.64614498279377,376.9674440493075,2240234
2011-09-20,390.4187927246094,392.6514623861421,377.18895687843843,377.18895687843843,3487986
2011-09-21,385.0863342285156,394.1091824018204,382.65072291621436,394.1091824018204,2740760
2011-09-22,366.96673583984375,381.5804460402952,363.94065816528393,377.521079593058,3141570
2011-09-23,365.45367431640625,374.5688013768812,362.48296074132173,364.60490222695427,4564232
2011-09-26,367.9078063964844,371.9856204491862,357.5933196579974,367.5572202057435,3388478
2011-09-27,383.9974670410156,385.63964655980055,371.24735353029604,374.12580763139766,3964578
2011-09-28,386.7099304199219,392.9096616502042,382.68745920651156,386.93134134814596,4425190
2011-09-29,391.7104187011719,394.12760508489663,382.20781024523916,384.9940299670584,5380350
2011-09-30,382.7982482910156,392.65141907761307,381.2482814500618,387.4480587178592,2691018
2011-10-03,385.0125427246094,387.4481540189023,374.6795855780064,376.41404696588654,3949264
2011-10-04,385.9905090332031,390.80641345045797,379.77230457100484,383.2043335865229,4718224
2011-10-05,385.1047668457031,392.2824474175325,384.1637137927106,389.1456639715786,3415262
2011-10-07,386.9498291015625,397.744051574653,382.8719937036379,396.7476347791039,5085808
2011-10-10,392.90985107421875,396.3418797842977,386.7470111861676,386.7470111861676,3854814
2011-10-11,384.1082458496094,397.81783997523996,381.76489374247285,396.7107402350491,4476374
2011-10-12,398.2054138183594,402.02489959261436,391.9133778218825,393.3895110716824,5871662
2011-10-13,403.2611389160156,407.76332716061876,398.59285865746585,404.6450137921859,5408918
2011-10-14,418.57598876953125,420.97470503755153,401.84033889379145,402.024855529793,6710132
2011-10-17,413.4096374511719,425.864513830531,410.1068067712607,424.94193039502295,4358690
2011-10-18,381.4144592285156,392.7437657171942,376.5985557100274,391.91344063111137,12006778
2011-10-19,387.09735107421875,389.1086090116011,382.02314465347945,384.90162158771597,3827420
2011-10-20,385.6028747558594,386.3778356171233,380.2149979965877,382.31846962687655,2245412
2011-10-21,387.4296875,391.17538534093467,384.90181784018387,389.2933241003135,2461130
2011-10-24,398.4637451171875,403.09513150983236,390.99082005247527,391.1753367207398,3271720
2011-10-25,406.5679626464844,409.657966275195,396.50226554898586,402.9968611325089,4158746
2011-10-28,415.02398681640625,421.53706041029585,411.13834093002885,417.7994481638187,3259116
2011-10-31,412.9147033691406,418.90968252311603,411.50845138313167,414.4689438391254,1778740
2011-11-01,410.1946105957031,415.57902295179673,405.67987881648014,410.0281010067594,1458210
2011-11-02,409.6026306152344,415.15355404184965,407.06771795178616,407.5302949040041,1550844
2011-11-03,408.91790771484375,410.5461871513077,402.2568015258237,406.2534833086427,1891268
2011-11-04,406.99365234375,416.31918399584794,402.33084134417845,414.83893800830714,2716008
2011-11-08,409.0104675292969,412.54457287751586,405.5873986990359,405.5873986990359,1692104
2011-11-09,415.56060791015625,424.09054487963414,409.39911911682844,410.7683288101168,3921980
2011-11-11,418.5395202636719,422.24013494327994,409.7505603996027,410.76822943649495,3629590
2011-11-14,417.577392578125,427.7910806240645,416.13414373854715,421.8700968091985,2329150
2011-11-15,416.09722900390625,421.4815976224417,414.46894909774477,416.33777805371375,1468478
2011-11-16,413.451171875,419.20564572660146,408.9919131512235,416.6892096945625,1871602
2011-11-17,412.6740417480469,415.76404587135477,409.88005968546787,412.61852349493597,1391988
2011-11-18,402.1089172363281,410.69437328347095,398.2973099390207,409.1956057649521,2789442
2011-11-21,394.9295959472656,402.7379293647103,392.3021684569338,401.5167084033838,2871704
2011-11-22,400.3509826660156,405.21729991430203,391.15496439216184,395.558704814062,3723582
2011-11-23,393.11627197265625,400.3879428744163,385.23394550812753,400.3879428744163,2355750
2011-11-24,404.0331726074219,405.73544650995365,386.714275959171,393.0053215967843,3766844
2011-11-25,393.7085266113281,402.5900045903101,391.1920897812034,401.5168169664765,2140604
2011-11-28,402.8119812011719,405.58744271610874,397.4460889389606,398.9078139340831,1504486
2011-11-29,404.5882263183594,409.25099184135854,401.9607537224253,404.47718980710147,2554696
2011-11-30,412.8221130371094,415.5605319229534,400.09198875262786,400.09198875262786,3481698
2011-12-01,419.94573974609375,425.03408454081926,416.7631752265803,421.8700411626928,2481448
2011-12-02,435.9324951171875,438.5229259031131,418.0215075055109,419.9643305949551,3968866
2011-12-05,437.02410888671875,438.1158174121632,430.215013448423,433.897107291638,1530476
2011-12-07,436.50604248046875,441.44635426801676,434.3041495417193,436.6725520792261,2637422
2011-12-08,435.7842102050781,440.00291837304405,431.9170874023188,432.97175315093483,3326444
2011-12-09,433.8600158691406,437.7086636543363,429.64130666562824,429.64130666562824,2763230
2011-12-12,436.8020935058594,440.3731961056224,427.4580403952149,435.192334974968,3172170
2011-12-13,436.1914978027344,442.92664460556273,431.73228356786666,434.82228824108756,3274558
2011-12-14,437.57916259765625,440.003083270446,432.9719154133068,436.8575608080416,3346176
2011-12-15,437.5977478027344,440.3362120879598,427.2730223505271,436.5615574763706,3669372
2011-12-16,424.2015380859375,437.61626817456977,419.0206768103278,435.3958990564513,3550896
2011-12-19,423.220703125,428.3090470621675,412.39640784048004,421.4999086860927,3667724
2011-12-20,419.4091491699219,425.97774012428914,417.5218447473144,423.84988671653633,1809396
2011-12-21,428.7902526855469,431.4917197723995,415.3755229756417,425.57073562457924,3116976
2011-12-22,426.1999206542969,430.6961780657452,419.74236389456354,426.31095720214876,2086268
2011-12-23,428.21673583984375,430.01152534033633,421.53710672706444,425.9408482501955,1578590
2011-12-26,439.7810974121094,440.44718101068764,426.86594197520736,428.216675490371,2229352
2011-12-27,436.46917724609375,440.3733455639971,432.9721128654425,438.6710710780374,983902
2011-12-28,432.67578125,437.98619860693594,431.45460570464246,436.1913646348224,1197910
2011-12-29,431.38067626953125,435.9694479445404,429.0863130187884,430.56655903178984,1585728
2011-12-30,429.5118103027344,437.5976435613209,427.97604632445467,435.9323671164787,1545410
2012-01-02,436.1545104980469,438.874453710555,426.6809443587844,429.64143660064934,2248542
2012-01-03,443.1856384277344,447.7374128964319,436.67256513500155,437.8752649966022,2708884
2012-01-04,434.0821228027344,445.924090347225,432.71291337481114,445.8870932333527,2386770
2012-01-05,433.7120361328125,438.5228351684153,431.99124128922006,434.00810337364163,2547312
2012-01-06,432.7499084472656,439.76255550002935,428.08714278332246,431.49169036689466,2119728
2012-01-09,433.4716491699219,436.5616545169185,431.2142824287736,433.34213664371924,1509028
2012-01-10,431.26971435546875,438.70794204373186,428.7162807740728,434.82229599442,3591790
2012-01-11,420.75982666015625,434.82216035680176,419.3350992545407,433.4899483044536,5675380
2012-01-12,403.1819152832031,412.61848145091466,395.4661437454828,407.4376215941318,9528684
2012-01-13,401.7941589355469,408.3072304417296,397.0758761573491,406.01286786604925,4019828
2012-01-16,410.546142578125,412.24841605135447,399.2592694277064,401.1465736083198,3047202
2012-01-17,408.5293273925781,416.2081026254566,404.8472339647736,414.4318347359375,3704218
2012-01-18,398.2416687011719,405.6984165197623,386.82528113622857,399.66639635718553,11665532
2012-01-19,398.0196533203125,402.95996517315365,394.26352016511476,402.2568393080121,4163292
2012-01-20,399.4812927246094,403.7184778063827,397.0758935558183,399.647802289967,2572694
2012-01-23,398.8152770996094,403.9036229366457,397.50158582398035,401.88680574701215,2130496
2012-01-24,402.8858642578125,405.2172693563922,398.92622499195505,402.6268393239769,2641310
2012-01-25,407.45025634765625,411.88469229330514,404.87124051288015,406.29990493858367,5845238
2012-01-27,411.43939208984375,415.81820148463447,408.2295063748636,410.04782706586457,5209718
2012-01-30,412.55267333984375,415.22446025585305,408.47074898028603,409.1201460374884,2595558
2012-01-31,420.2154846191406,421.5142784768395,413.0164467482287,413.0164467482287,3538120
2012-02-01,418.8426513671875,421.1804995722618,411.2539988114178,419.1024374446163,2288804
2012-02-02,426.0045166015625,427.7300666039128,419.4363466165051,421.5515077172256,3386140
2012-02-03,434.7435607910156,436.39486678493563,423.40692432109824,424.89126060267967,2777558
2012-02-06,443.0185546875,445.3193023047728,435.4113338835322,439.2520436200153,3427196
2012-02-07,444.5585021972656,448.9001656102455,442.29489951786303,448.9001656102455,3407656
2012-02-08,452.5926208496094,455.2644075963309,449.38273511057986,451.3865978197915,3627184
2012-02-09,455.9139099121094,457.1756048943778,440.8479047195786,449.4199382516779,3038062
2012-02-10,457.695068359375,459.4020458999805,449.75386076799384,455.691205464601,2324302
2012-02-13,454.8376770019531,459.38345636495865,450.49601197458327,453.5388828982373,1631770
2012-02-14,452.7224426269531,456.26631265373624,450.8670227801213,454.5778624737849,1826646
2012-02-15,460.7380676269531,463.4099006630423,452.53711704199327,455.3759198248065,2167166
2012-02-16,454.707763671875,460.8863212409321,451.9803053715421,459.40198526270046,1886660
2012-02-17,455.9696044921875,465.3394783586597,453.09370261237916,458.233208525011,4096568
2012-02-21,459.0494689941406,460.14414864779786,447.06343797051164,454.0398351177331,2489504
2012-02-22,464.7269287109375,470.1076454416228,456.0621284146377,458.28863188940403,3141826
2012-02-23,467.49169921875,473.09505925306496,461.6285531732563,463.5025457246885,4086880
2012-02-24,471.2767028808594,475.3029554166692,466.54538165114997,467.1947786826787,2346400
2012-02-27,464.61572265625,474.96892962398493,462.2222037682394,474.61641795672216,1861370
2012-02-28,455.1529846191406,467.71416582160737,452.3883823307525,465.80307463934247,3973490
2012-02-29,453.4460144042969,460.1440978184882,449.8465182100503,460.1440978184882,3060216
2012-03-01,452.57403564453125,455.30149397464345,449.03021063681393,453.8357302994716,1568594
2012-03-02,451.7021484375,455.32021863447324,447.8985361791436,454.94913451170675,2309232
2012-03-05,448.0099182128906,453.63180691946764,445.6720699182888,450.49616393072654,1540878
2012-03-06,446.0428466796875,453.2047840510301,441.218755991804,446.4139305787554,1717722
2012-03-07,442.6475830078125,447.52734713784844,440.30978076147204,443.44542274438544,1945666
2012-03-09,448.4736633300781,455.3201461864026,446.3955563345591,455.3201461864026,2225758
2012-03-12,441.2374572753906,452.295733520843,439.06657959265516,451.2010538179596,2240278
2012-03-13,444.1876525878906,450.84859383693185,441.5900639762655,441.5900639762655,2492464
2012-03-14,428.4351501464844,450.4960809674359,427.1177835201966,449.04884397055577,8065314
2012-03-15,431.8304138183594,434.52077270084476,424.89116144080106,430.0863372138764,4284236
2012-03-16,434.0014343261719,437.8792451148393,429.7153947821898,434.1498317299015,2054724
2012-03-19,416.3562927246094,434.00135693936187,412.5712536373599,434.00135693936187,5132864
2012-03-20,421.12469482421875,424.8912067207569,415.61410613733426,418.9538623473664,3683204
2012-03-21,436.3019104003906,437.8048183663067,421.75543914043647,421.90383646686786,4553242
2012-03-22,433.33343505859375,441.4787125072574,430.4575334343556,435.9124512990545,3421694
2012-03-23,439.6047668457031,442.2951264404769,432.23875687692356,436.0237963943688,3158436
2012-03-26,431.0511779785156,439.73455289277535,428.230948555496,436.76588080573555,3053384
2012-03-27,435.9309997558594,437.7493207106586,427.4702650632635,435.28160265045585,1588246
2012-03-28,432.34991455078125,435.89378450298784,428.39786130052863,435.65257086830854,2051096
2012-03-29,423.481201171875,431.94193765770893,420.21568792873455,427.11784385225343,2681214
2012-03-30,433.722900390625,436.3019154949289,425.07662700356457,425.07662700356457,2543342
2012-04-02,443.1672058105469,444.9298553626508,434.1684159919111,434.1684159919111,2326988
2012-04-03,437.136962890625,448.0282695022979,436.13505418499983,445.37500977652786,2269154
2012-04-04,437.30401611328125,441.51585666146946,433.05512151509936,433.79728967536516,2165054
2012-04-09,431.9790344238281,440.847954349624,429.8082012840505,434.1684398897812,1576628
2012-04-10,429.0473327636719,436.26494424874454,427.5815689802345,432.7953176651368,1532992
2012-04-11,422.3307189941406,428.6020480644492,421.2545662640072,426.6352846163315,1781586
2012-04-12,419.9373474121094,426.00456362709275,418.99106480039063,423.1286617384952,2114686
2012-04-13,396.44769287109375,409.93659097216954,393.8130047962031,404.9826272506581,8994680
2012-04-16,396.9670104980469,398.65546039841695,390.8626983320847,395.2971329124042,5016110
2012-04-17,404.7969055175781,406.3183406067559,398.46995154101813,402.62607353560105,2473664
2012-04-18,407.2833251953125,413.6473805391169,405.9102870043404,408.19246301632836,2882264
2012-04-19,409.28717041015625,410.71588036554004,404.8898330950363,408.5264752205316,1767416
2012-04-20,403.9064636230469,411.1426034493839,399.8060115671333,405.68768539194724,2450024
2012-04-23,394.9263000488281,409.0831691948165,388.76631232126863,405.94748100061526,2843868
2012-04-24,443.1485595703125,447.15628547649436,414.61223203044824,416.35630896649513,18113782
2012-04-25,434.55792236328125,441.5899458181082,433.2405560862532,441.21886183002573,5417898
2012-04-26,443.3155212402344,446.0058803105136,432.1273292883014,434.1682913416167,5476292
2012-04-27,446.78521728515625,449.753889825257,441.59004033998,441.59004033998,3711146
2012-04-30,462.5933532714844,463.8550480618816,446.78518229320434,446.78518229320434,4604822
2012-05-02,470.2562255859375,472.90948539560753,460.92345339864124,460.92345339864124,3981448
2012-05-03,474.8019714355469,476.5089487522788,467.0277798623662,468.5677422024033,3358922
2012-05-04,473.8003234863281,480.6468088397432,468.6979157491759,474.98777480399247,3571718
2012-05-07,472.48284912109375,474.4310407235958,463.26141792892145,467.5659846004933,2627762
2012-05-08,445.5605163574219,458.1773716686651,443.686569438725,454.57787518449834,9631578
2012-05-09,454.7820129394531,458.14029595025966,443.11139399585977,443.4453786545144,9271544
2012-05-10,457.3797607421875,460.812288931114,454.5780574524242,454.7821718424594,2992620
2012-05-11,456.7117004394531,458.9938764361142,453.1678295968183,454.2068830695841,2745190
2012-05-14,454.9303894042969,457.91763357735783,452.7224578317476,455.43138901843656,2573752
2012-05-15,455.0604248046875,457.54667001796764,452.6483782879667,454.20691330250804,1875510
2012-05-16,453.9842224121094,460.84927713421183,447.80566410254823,452.72252761972976,4567936
2012-05-17,453.4646911621094,458.28878362128074,444.94833067083295,453.4646911621094,4137524
2012-05-18,449.25286865234375,454.5408158288156,446.2841965532719,447.0820362395657,2656670
2012-05-21,448.7147521972656,454.5778974841521,446.8037058465141,449.38272151290465,2227088
2012-05-22,454.2254638671875,460.1442365322758,450.1249668658472,453.0936393596038,2360916
2012-05-23,454.6334228515625,458.49270424803177,450.532927874378,457.5464222384276,2162806
2012-05-24,453.26068115234375,456.04381205785575,447.93563307946835,454.57804790029456,1205674
2012-05-25,453.019287109375,454.5778215209712,448.6775778799306,449.7908296877371,915046
2012-05-28,454.466552734375,456.43331603663285,450.88562840414124,454.20681205596634,790194
2012-05-29,460.2742004394531,463.11300314823023,452.12892174861656,455.6913204054701,1575032
2012-05-30,460.3481750488281,466.4524874131447,456.8970764736948,456.8970764736948,1581514
2012-05-31,462.12957763671875,466.0445330344528,453.09368880739646,453.09368880739646,4411602
2012-06-01,454.4295349121094,461.99965886400844,452.16593118537696,460.1442385472855,1479528
2012-06-04,450.2177734375,451.238254687822,443.89077156616344,449.011750141665,1204430
2012-06-05,455.1346740722656,456.7674532631375,450.49612256317204,450.49612256317204,2063398
2012-06-06,464.2818603515625,468.95751074621677,456.09943818715493,456.43342292213384,3291908
2012-06-07,466.18017578125,469.8263473883857,462.9287541122766,468.7362538999606,2149728
2012-06-08,462.68414306640625,467.08204848074297,460.1468793538761,462.7968828114454,2400244
2012-06-11,463.68035888671875,468.3789963612097,461.25583441880246,463.4736004837885,1545048
2012-06-12,469.1494140625,470.9912886139919,459.0003599582879,459.0003599582879,1092142
2012-06-13,470.0141296386719,473.6226741696041,467.082161396902,469.4878730459012,1450858
2012-06-14,471.3672790527344,474.18646134371966,467.98426030355205,469.48782419207754,1471124
2012-06-15,478.3024597167969,481.14045497322985,469.48783457934695,471.38610238466026,1986040
2012-06-18,472.55126953125,483.5272658153461,469.86364033152944,479.6368040504252,1495388
2012-06-19,478.8663635253906,480.85860435596373,471.78082672461056,472.4574489386147,1769058
2012-06-20,470.9161376953125,478.8850064182401,467.3451741466679,478.8850064182401,1753740
2012-06-21,460.1094055175781,470.61554081020654,454.45222750761957,468.00311666535316,4155980
2012-06-22,463.6426086425781,466.0671324597807,456.4255217727941,456.4255217727941,1919560
2012-06-25,457.3653564453125,465.54098537704505,455.2039832794522,464.9771488989945,1588758
2012-06-26,464.2629699707031,464.9771720554947,457.478164878014,457.64729747580014,1109714
2012-06-27,468.6234130859375,473.17173207561495,464.6953694695547,464.6953694695547,2305862
2012-06-28,473.1904296875,475.08869780623354,464.6953013037868,468.7173171045959,1894228
2012-06-29,480.1818542480469,483.77163101404983,474.7126687012233,474.8818012671088,1990150
2012-07-02,473.4159851074219,480.7646738077972,472.2883119084982,480.7646738077972,2111100
2012-07-03,465.8793029785156,477.3063982710535,462.45870414070106,475.50210316192045,2227292
2012-07-04,469.0555114746094,469.67574071740773,462.92851653774255,467.4203950236867,1301806
2012-07-05,466.3303527832031,469.055562459337,464.3005322611946,469.055562459337,1520876
2012-07-06,469.01806640625,470.9163345982951,461.21832697292626,466.10491071428567,1929928
2012-07-09,473.3973083496094,475.33315688723843,467.3642372309636,467.98446678566114,1912768
2012-07-10,474.2617492675781,477.4756363013245,469.69470943086804,475.50220816467277,2517598
2012-07-11,472.98358154296875,479.072996331779,471.0853139684598,471.0853139684598,2034538
2012-07-12,464.60125732421875,469.86373111268074,458.3238962306053,460.46645649042716,7859080
2012-07-13,469.6382751464844,482.6440959698918,467.23256331041705,478.81002571110156,7217154
2012-07-16,453.83203125,473.34078511428663,452.15933450081155,469.4879020113115,3620626
2012-07-17,445.7692565917969,460.0906980653312,441.74719436357117,457.8353515061874,6383816
2012-07-18,449.3025207519531,452.72311959954084,442.9875337370753,449.1897351003861,2975286
2012-07-19,451.445068359375,454.82808718971165,449.28369521777097,452.196850321672,1335352
2012-07-20,459.733642578125,461.59428522722214,451.18211978584543,451.44522521001124,3378226
2012-07-23,457.54791259765625,462.4276516356904,452.555110586605,455.1928173094245,2903198
2012-07-24,455.626220703125,459.2059659864096,451.085578023564,455.2305462463146,1648092
2012-07-25,457.1336669921875,458.58439725803413,451.0104160016838,453.68579646563114,1666030
2012-07-26,451.5943908691406,460.0915964092208,448.48566386637566,457.07707325502446,2945746
2012-07-27,461.7118835449219,463.55824202869303,453.403086376075,457.8306668995895,1842976
2012-07-30,463.8595275878906,468.3247786660555,457.6609357280776,465.32911611940017,2625712
2012-07-31,468.62646484375,470.73662180956165,462.0698679159296,465.3670025493766,1979964
2012-08-01,461.46685791015625,469.05969526597084,460.50596051353443,466.53500520333887,1295750
2012-08-02,464.53802490234375,466.00756810507136,460.46840034624876,463.46406425700496,951058
2012-08-03,466.0828552246094,467.3451772839578,458.9987091633095,462.72918984454765,977736
2012-08-06,463.068359375,470.26552284067714,461.67411508190213,469.1350768723101,1015540
2012-08-07,476.3135070800781,477.1236233616135,465.2351255319072,466.87426326143895,2099154
2012-08-08,470.7176818847656,477.2931368530245,469.66262658185093,476.6713823720768,1643000
2012-08-09,474.0901184082031,477.74520795268705,471.1132687184097,471.1132687184097,1129474
2012-08-10,482.3424987792969,484.2077163301758,473.1858675343333,473.2800713701952,3082356
2012-08-13,477.1613464355469,481.98455582552236,473.75114875914954,481.98455582552236,1428038
2012-08-14,477.9524841308594,479.78002893900754,474.50461530841955,474.78722675291533,1136930
2012-08-16,476.12493896484375,479.1394610371996,471.81037665001054,478.61191047494606,1788292
2012-08-17,481.7961120605469,484.019331893204,476.29461698171264,476.6902915105132,1287576
2012-08-21,489.3513488769531,491.7441175674371,481.23095826812437,482.286059831444,2051576
2012-08-22,486.71343994140625,493.2511755050019,485.3757273687761,488.31490479694196,1134096
2012-08-23,498.6962890625,499.6571866668167,486.7512600881301,486.7512600881301,2337314
2012-08-24,498.4700012207031,500.56134407680065,494.7583805282876,497.39608705052524,1578938
2012-08-27,497.56585693359375,501.50360530728506,495.5122314836677,495.96439154666933,967200
2012-08-28,509.03985595703125,510.45291349300015,495.51217594642895,500.01510089519655,2266204
2012-08-29,506.1758728027344,511.7150378024473,503.0482882667652,508.7005162248187,2139290
2012-08-30,515.1632080078125,523.3212710085252,498.67753346744786,504.8949878655282,3333432
2012-08-31,506.345703125,512.0921380813953,502.91669212110656,511.3385072674419,1773848
2012-09-03,504.1224060058594,510.5471261124522,502.2948607608242,508.7007217007597,1223826
2012-09-04,505.25286865234375,507.57029232692685,498.1687674495318,502.25720492532565,1508018
2012-09-05,514.1644897460938,516.6137892575263,501.9179921889314,504.744107009815,2028960
2012-09-06,518.3470458984375,519.9673698638609,510.0759696048297,514.0136705468619,2291684
2012-09-07,522.5299072265625,526.3357796410236,519.5907746465913,523.7734164706106,2636656
2012-09-10,516.7833251953125,521.4747032828068,514.7108410436703,521.2109049738209,1476024
2012-09-11,524.7719116210938,525.8834985155147,513.9950017029945,515.8602193049464,1274180
2012-09-12,533.1558227539062,535.4543862185907,523.7354429822914,526.3919624791179,2114466
2012-09-13,534.2110595703125,536.5661553150464,531.1400515175504,532.4400459694581,1881210
2012-09-14,532.47802734375,542.5390298032812,528.3519156034305,538.0925880573923,2814840
2012-09-17,505.7239074707031,535.6619167246939,503.2369351860383,534.4184075833762,5094390
2012-09-18,489.7845153808594,506.81654749988775,487.0526046229603,506.81654749988775,7220206
2012-09-20,498.14990234375,503.76446036703646,486.69470628239384,487.9758876967899,4042506
2012-09-21,491.38592529296875,502.03095567504727,489.21923769307665,499.24251373820414,4247758
2012-09-24,485.8844909667969,494.7585100605178,481.193158680336,493.6280641121693,4937020
2012-09-25,487.2975769042969,493.53388914996697,483.19032651676815,486.12945855560616,3823694
2012-09-26,484.4338073730469,491.7440344020658,483.0772813053244,488.05122555296276,3292812
2012-09-27,479.139404296875,489.67137114077633,475.2016577073995,482.3611467814085,5605398
2012-09-28,488.3149108886719,491.7439205990046,481.0046855514401,481.87137905972463,2912996
2012-10-01,490.97149658203125,493.5527182897394,487.2410617596075,487.97583322512406,1795618
2012-10-03,498.394775390625,499.280282163171,490.23671478814,490.23671478814,2318230
2012-10-04,496.32208251953125,498.0177506893978,493.11915375422774,497.3959964941915,1319284
2012-10-05,491.3670959472656,497.1512009522683,397.5400967978261,493.7221913074423,3836110
2012-10-08,487.1091003417969,495.60630341461655,484.3771895265481,493.6280231690916,1685408
2012-10-09,487.91900634765625,489.40745354051074,484.2073869391881,489.0683107625227,1291154
2012-10-10,485.8465881347656,490.5191050374183,484.207451486908,484.5842666242519,1163978
2012-10-11,485.8844909667969,490.4439930901731,484.6033556903726,486.1859616188751,1635526
2012-10-12,489.27581787109375,495.0034381467615,479.7612313519174,481.87143387335215,2469542
2012-10-15,487.8439025878906,490.764220954831,485.1496641852508,487.5989634607492,814528
2012-10-16,488.3149108886719,493.7033415769212,485.2627164431661,488.72939848039,1282744
2012-10-17,483.51068115234375,491.70641595729427,479.30918031710786,490.349889740897,1597480
2012-10-18,492.629638671875,494.00502417829784,482.3990906420426,484.67884237172814,1447128
2012-10-19,485.9785461425781,494.1554635998854,483.0770874951799,493.2510979182453,2825616
2012-10-22,496.9818420410156,503.01088846262655,490.9904679599449,499.3180791302003,5397342
2012-10-23,495.361572265625,498.9036466301174,494.3441889685165,498.9036466301174,1136696
2012-10-25,495.6440124511719,498.8658017745324,491.46137167902805,495.5121362912953,2254470
2012-10-29,493.02508544921875,497.32078852625233,490.16129873051483,494.0047959058864,815628
2012-10-30,494.1934509277344,498.1500130586846,491.51807049592566,491.51807049592566,805268
2012-10-31,496.8370666503906,497.32806812987974,492.4937551593382,494.41991016511986,999536
2012-11-01,496.7424011230469,498.6685551760615,494.8351033616544,496.6102226680816,1579768
2012-11-02,502.7666320800781,505.3348695896174,497.932365025582,500.38728031133127,1673974
2012-11-05,502.16229248046875,507.3553818670443,500.53829946162887,504.5416900589592,1223826
2012-11-06,498.7445373535156,505.10842586003923,498.3290531413898,500.42519219914766,1297466
2012-11-07,502.87994384765625,503.5786412706948,499.1031511788793,500.4250286129512,1058390
2012-11-08,502.7666320800781,504.0885095416354,497.25252388969596,500.04735974338826,1239044
2012-11-09,500.40606689453125,503.5408228794204,498.87649370703434,502.31336540755984,711382
2012-11-12,504.0129699707031,509.1116399554199,498.5366207278592,498.5366207278592,1466782
2012-11-15,488.7735900878906,499.2919475381112,487.5838912796532,498.5743477725535,1735402
2012-11-16,485.99749755859375,493.55107976433254,483.4670198576271,490.907325992324,1598890
2012-11-19,476.7633972167969,489.0946340844765,475.30934130912254,487.2439965186071,1676286
2012-11-20,480.7100830078125,484.52463353895297,474.3839566867189,481.54095876981364,1256040
2012-11-21,484.26031494140625,488.9813055569769,482.0131418497642,482.0131418497642,941744
2012-11-22,482.0887145996094,484.97797040869546,480.03038089630377,484.2226118234928,611624
2012-11-23,486.6776428222656,487.735163534106,480.1249147598982,484.1849681197164,749676
2012-11-26,488.60345458984375,489.35881282286715,485.3176647175549,486.45070206709005,456334
2012-11-27,489.1700744628906,490.94519433977274,486.5641249025737,490.94519433977274,1338160
2012-11-29,490.26513671875,495.5148844253381,488.0934823091115,494.7595263698116,3470578
2012-11-30,496.2705078125,500.4249793390886,487.62164423191746,489.09460244839227,3579294
2012-12-03,497.3277587890625,499.291671278603,492.9466452143393,496.64791810239257,1319512
2012-12-04,490.7752380371094,499.2164053844987,488.3014668381554,496.6859269791279,1595120
2012-12-05,490.18988037109375,493.8344941503738,486.6774451012339,490.9829975310365,1790058
2012-12-06,483.6938781738281,489.09471079619357,479.2750486489341,489.09471079619357,2370092
2012-12-07,477.4433288574219,483.69389403639184,474.76181486534045,482.1643204291968,1957214
2012-12-10,467.26483154296875,478.4441761847967,464.9987556458575,476.6690557366669,3029430
2012-12-11,460.65533447265625,469.4552788981985,457.1240429228673,466.43384508388993,4926914
2012-12-12,462.9591979980469,468.69990359751887,461.1840780338933,462.6192774854711,2487948
2012-12-13,461.73187255859375,466.28288071683795,459.6734925960647,464.5833237714963,2297162
2012-12-14,469.41748046875,470.21059755719915,459.3145620071797,459.6355801020975,2196814
2012-12-17,455.2925720214844,471.6838691938392,454.0084526847657,468.0014945964029,4482898
2012-12-18,457.2373046875,462.65699165477287,452.0819747026638,458.7668776917381,4688482
2012-12-19,465.5462341308594,467.0191921019171,459.2956254795693,459.2956254795693,6642060
2012-12-20,472.87335205078125,473.9874874644065,463.46912893538376,463.46912893538376,2314030
2012-12-21,475.3848571777344,477.53765658129134,467.4535928669366,472.09906611891654,2457968
2012-12-24,478.21746826171875,480.0681058861673,475.91363395935167,476.63123378557776,1254818
2012-12-26,476.7066345214844,479.3315324403006,474.1006851061305,478.5195129963011,1435258
2012-12-27,472.457763671875,477.7264160275417,471.21145000855336,477.7264160275417,1994158
2012-12-28,478.7083435058594,480.4078997549926,472.382217467419,473.60967475845973,1501622
2012-12-31,474.30865478515625,477.9910288537608,472.8545983479853,476.25371287285105,704170
2013-01-01,477.4433288574219,478.85962632895433,475.875950434906,478.50080330743947,509580
2013-01-02,477.12213134765625,480.5590026996377,474.1951176731342,478.51952588638426,1880246
2013-01-03,483.6560363769531,484.9401550424544,475.8569506752507,477.7642493214212,2635130
2013-01-04,490.6806945800781,491.36053543788125,483.7691943416517,485.31766951397185,5228760
2013-01-07,489.0377502441406,492.4935230660903,487.3004356871342,490.9828067376667,1820752
2013-01-08,491.07745361328125,492.6070730445638,488.83028047687844,489.09463751524646,2341870
2013-01-09,482.14532470703125,493.77786412989377,480.8423497267728,491.36070769227535,3135898
2013-01-10,475.2716369628906,484.2226178679032,474.1008403618976,483.3917418551803,4522838
2013-01-11,493.3814697265625,499.4810011924364,487.20642082286804,487.20642082286804,7805006
2013-01-14,504.0129699707031,509.2815771802071,493.75896889186555,498.15894146973204,5790224
2013-01-15,505.127197265625,528.7510576020021,501.18046674132626,524.9742643334164,8262978
2013-01-16,509.017333984375,511.75550921819934,494.3822594587623,504.91952233789056,4109492
2013-01-17,514.3989868164062,518.1002608163614,507.2230831824035,509.75351496987184,3028544
2013-01-18,510.2445983886719,515.9286887810009,505.353671197816,514.5879091817657,1440470
2013-01-21,502.3133239746094,511.7175450501557,501.21804510014675,510.81110577117227,1260038
2013-01-22,497.59228515625,502.9553106991118,494.042091889671,500.80255796370966,1386630
2013-01-23,496.627197265625,501.0940027042583,491.49799081771425,498.06567256515797,1877654
2013-01-24,502.9107666015625,506.07157535448243,493.9961057499796,493.9961057499796,3498470
2013-01-25,507.434326171875,509.1377610601804,501.09376297651585,501.09376297651585,1521100
2013-01-28,509.1567687988281,511.0115833813391,506.4690897909265,507.3586984192898,2428154
2013-01-29,509.1190185546875,513.5101338736945,507.358838768397,507.6994889150035,1731804
2013-01-30,509.5732421875,510.9738261346038,505.6553500356328,507.62374577890995,2279144
2013-01-31,508.816162109375,511.9580263373208,502.09705582406406,510.59528726202853,4313168
2013-02-01,510.3114929199219,511.7878131611558,508.0591907759355,508.7594829057643,1484540
2013-02-04,513.4342651367188,517.7685889076353,509.19462285927875,510.65199700410903,2487304
2013-02-05,514.8350830078125,516.7088438481968,509.17586318333156,509.17586318333156,2161994
2013-02-06,518.8096313476562,520.8348174135226,515.5730857838391,515.7623563733339,3573706
2013-02-07,525.0933837890625,526.1722168624846,515.1945231293824,515.1945231293824,2612782
2013-02-08,538.5125122070312,543.9635128088452,524.3172222068005,524.6579184085313,6973618
2013-02-11,535.5222778320312,540.897591206248,534.5948702704117,539.0427298743608,2312126
2013-02-12,533.7619018554688,535.6356618356818,530.6578370793696,533.383360751698,2225502
2013-02-13,543.3580322265625,545.7239146590937,531.8882157101949,533.6673870246432,3822666
2013-02-14,548.0137939453125,551.0800130498554,540.9350956418443,541.3514815052332,2946958
2013-02-15,545.9130859375,549.5660169904904,541.5598630536105,546.6133777683991,1820790
2013-02-18,539.5536499023438,545.8185247781482,537.5284638752458,545.137132185555,952086
2013-02-19,546.4432983398438,548.4684850021216,534.7652625619552,538.1342892888592,744294
2013-02-20,549.9447021484375,551.5345567868084,545.667167884821,545.667167884821,2261518
2013-02-21,549.2822265625,551.4777377965911,545.3642881768766,545.3642881768766,3849146
2013-02-22,550.8153076171875,554.2032791853312,545.9700078351276,548.8847566802478,1310694
2013-02-25,557.8560791015625,558.348201084278,549.4524839822573,550.0202957121735,1730030
2013-02-26,566.448974609375,567.7927679394296,554.9413146411199,555.3198557834398,2853670
2013-02-27,561.4522705078125,568.9663500424685,559.2189144697035,566.0137102981357,2556682
2013-02-28,574.2467651367188,577.2750934960422,562.2280869606536,562.6066280055691,4599424
2013-03-01,568.5120239257812,573.8683905063376,567.0546497219616,573.5276942253914,2537326
2013-03-04,572.8084716796875,575.3447252072053,564.4048763106305,564.4048763106305,3136076
2013-03-05,583.0101318359375,584.088964816977,571.0671406758956,574.246895416302,3440054
2013-03-06,590.978515625,592.6062613033502,581.4960860869163,581.4960860869163,2299510
2013-03-07,601.8425903320312,604.7573387360508,590.2781395872338,590.9027417334199,3908702
2013-03-08,599.2877197265625,604.0194863823187,596.1647537337635,601.8807186121852,4341502
2013-03-11,592.87109375,601.7100660193274,589.2560537176591,596.202274146143,2221330
2013-03-12,590.7135009765625,593.5336142343918,585.9817363099768,589.7671480432454,1809452
2013-03-13,587.382568359375,590.0323576923,585.981983909721,589.0292601260484,1794496
2013-03-14,593.4390258789062,596.9594775527506,584.3919280877288,589.3886534874018,3051218
2013-03-15,594.4044189453125,598.2466220111437,590.7514865112103,595.0668661563644,4212398
2013-03-18,593.155029296875,595.6912826962185,588.4043656473201,590.4673964062812,1694988
2013-03-19,585.5086669921875,592.2277740483448,583.1238386803458,592.2277740483448,3739910
2013-03-20,589.634765625,595.3128841662314,582.9345580211588,582.9535035664217,4168136
2013-03-21,590.5053100585938,595.9752579718825,588.1394276242928,591.6598791699892,1664604
2013-03-22,583.7674560546875,591.3193362606653,579.9252527428913,591.0543758427427,2714456
2013-03-25,584.2218017578125,587.4961937806031,578.5626268797955,586.171299013701,1857316
2013-03-26,589.1423950195312,594.3094899541704,581.4958837596229,582.9911025279674,1781536
2013-03-28,596.486083984375,599.3819323772857,583.5778428920579,589.0098979404648,3065662
2013-04-01,589.3319091796875,595.7103197121181,587.212087517245,592.4170294694526,968812
2013-04-02,593.3065185546875,594.7638928788612,583.4266028431592,589.0100853358999,1130332
2013-04-03,584.240478515625,596.2023708088554,579.546558544989,594.3096648697797,959932
2013-04-04,570.7644653320312,582.9913189128591,568.1903665736229,582.9913189128591,1126338
2013-04-05,567.187255859375,571.3512094857722,561.7930432069969,569.7045643388809,1865248
2013-04-08,560.5247802734375,567.3953110494969,558.3481687680704,567.3953110494969,896416
2013-04-09,566.8275756835938,572.7328088864316,559.3324417897269,560.2409498690805,1672354
2013-04-10,579.3384399414062,582.5371412421388,568.1904185669075,571.559444947375,2046284
2013-04-11,581.7801513671875,586.7768781996571,575.6477543906226,582.9536201920766,2244658
2013-04-12,572.2597045898438,577.0861052735021,559.61641826308,560.9602581133611,5032060
2013-04-15,557.3829345703125,573.1113388729025,548.2601014957677,572.9220682854279,5391496
2013-04-16,561.4332885742188,565.3322345045178,551.894024332719,556.4554634519523,3071582
2013-04-17,551.4020385742188,567.433248872003,541.6924477223724,565.9190840984953,5279004
2013-04-18,549.9257202148438,565.8812408019899,540.348609512192,563.2503517754844,8554458
2013-04-22,539.5348510742188,552.5945239321302,539.4212702180821,547.3706363055065,2962484
2013-04-23,541.5220947265625,548.1276197266915,539.042631554426,539.2129565992002,3384170
2013-04-25,530.8281860351562,541.5219717681205,529.4465018226227,541.5219717681205,7929194
2013-04-26,518.3554077148438,527.4782418284684,516.7466075380698,527.3079167637973,4754076
2013-04-29,518.88525390625,524.1658841858765,516.708642408923,516.708642408923,3968916
2013-04-30,521.7811889648438,523.1439280160661,516.708727743799,517.8443513212579,4020570
2013-05-02,542.7902221679688,544.645083242697,519.9263250255884,519.9263250255884,5630326
2013-05-03,536.9605712890625,547.8436283384531,532.948044714318,539.7996296497731,3641790
2013-05-06,555.3956298828125,557.3640718470278,537.5285037350754,537.5285037350754,3727118
2013-05-07,557.0611572265625,559.8055806139606,551.6858912822859,555.3577220205913,2260180
2013-05-08,560.2789916992188,563.1937875530833,556.4557336552913,557.2128162861148,1768130
2013-05-09,567.2249145507812,569.1176201233203,561.3764728150884,561.452162554537,1949700
2013-05-10,566.2596435546875,571.9377600829945,564.442627782177,567.2248956393213,1139714
2013-05-13,549.4906005859375,560.6197252375161,547.2571974354269,560.2411838970452,1862498
2013-05-14,551.8939819335938,556.6636367922331,546.5187167612813,550.8151490331418,2250100
2013-05-15,557.0422973632812,559.1810180842972,548.8847163710009,551.9508907172763,3565926
2013-05-16,550.4179077148438,556.077080761256,547.9194985675144,556.077080761256,2415652
2013-05-17,557.8938598632812,559.6729844484183,550.4365728931714,550.7772691054776,2900200
2013-05-20,557.3641357421875,559.4839574624266,553.048756327879,556.928804070768,1385504
2013-05-21,565.1051635742188,568.5688244428786,554.562801470584,554.562801470584,1898432
2013-05-22,567.2060546875,571.2753719516097,564.8969629700578,567.0546289894339,1846944
2013-05-23,565.0484619140625,577.9378089682551,559.6164046362602,565.9191252055291,3063962
2013-05-24,556.2852172851562,568.9284559059928,554.0328695076632,567.8117778929263,1586612
2013-05-27,567.0545043945312,567.8115865098778,552.6699442029477,556.2660842508436,2023864
2013-05-28,573.149169921875,574.0576779615636,564.1399179006122,567.0546663939481,1400254
2013-05-29,566.8087768554688,578.2218056990496,562.1716461714666,573.8685809752924,1452038
2013-05-30,567.584716796875,572.3543269463656,562.8907964082313,567.8118322880612,2408346
2013-05-31,567.2249145507812,571.3131770709185,559.0105908494145,564.4048017311509,1929868
2013-06-03,556.2284545898438,570.4615946233902,551.5723792955918,569.3259710110011,3097612
2013-06-04,554.6951904296875,557.9317353110587,548.9413842057281,552.6700047908444,1305320
2013-06-05,555.6226806640625,557.4585958749697,549.9066727209143,553.086427406378,1728676
2013-06-06,561.7144165039062,564.6743258888495,554.5724602495046,555.2025972084085,2540452
2013-06-07,580.1231689453125,587.7807602008417,560.6641689245195,561.4661996238733,3550844
2013-06-10,582.4530639648438,589.9578313234769,580.1805887805766,582.4530639648438,3360430
2013-06-11,573.4776611328125,588.9264591326444,569.8302704448155,584.419739953695,2205468
2013-06-12,560.7022705078125,571.0142121708241,558.3916597006994,570.6322884055274,4805954
2013-06-13,552.1282958984375,559.1365901459668,548.0989801008751,557.608894544475,3151342
2013-06-14,554.056884765625,556.558504515348,546.5330039193432,553.025709067232,3105996
2013-06-17,554.725341796875,559.518505320432,545.3873212270149,554.9354185874319,2584162
2013-06-18,551.4218139648438,557.6089632647678,550.0277822323667,555.6993435275597,2291528
2013-06-19,545.2724609375,555.6608137999302,543.6875148416698,555.6608137999302,2139788
2013-06-20,536.4119873046875,547.3541137071618,534.349589421141,542.7137301245717,4172878
2013-06-21,543.1912231445312,546.8576829657181,537.7488080066796,538.0543657507643,2848224
2013-06-24,538.7800903320312,547.7171199655172,534.7317058410808,540.4223819434577,1889164
2013-06-25,531.7526245117188,545.0435472563223,527.3222703086179,539.8493919324002,1860548
2013-06-26,549.091796875,552.9301494917742,527.4558521527592,533.5093347085689,2326488
2013-06-27,569.792236328125,571.7400387591033,550.7342257118416,552.9494028272704,3820678
2013-06-28,579.8175659179688,582.1664063676958,556.9212085192295,570.9760215443263,4817096
2013-07-01,569.9639892578125,579.2638247188894,566.5457898025663,577.4688014582182,1354652
2013-07-02,573.095947265625,576.1322237304582,567.7871955416731,570.2505861360418,1657242
2013-07-03,568.9901123046875,580.1422689378179,559.5183831427934,572.0072731144902,1530906
2013-07-04,587.5135498046875,588.5447256786634,569.0666069183702,569.391232906728,1917060
2013-07-05,584.4196166992188,595.0371140190363,581.2878610635258,588.9263349276983,1293012
2013-07-08,575.4256591796875,586.2531925317746,572.8858558942424,583.5797252042681,1658796
2013-07-09,574.7572021484375,581.1926095953964,571.0907425704232,571.0907425704232,1097326
2013-07-10,577.4497680664062,583.1213747493647,572.121948807248,576.7050351795357,1322624
2013-07-11,597.538818359375,599.6202841365789,580.5240967436943,580.5240967436943,2335274
2013-07-12,614.8399658203125,620.5497540991191,603.1722227334141,609.1684072153765,3251536
2013-07-15,627.0234985351562,629.1431946114479,610.8108492910962,611.4982842676703,2060570
2013-07-16,629.9259033203125,636.4186068186352,617.7998247278568,620.6260696926131,2224986
2013-07-17,641.0589599609375,643.5223492907206,628.2836302564476,628.2836302564476,2999250
2013-07-18,634.1463012695312,646.3296800909837,627.8827414827397,641.6319985955004,3445532
2013-07-19,665.61669921875,671.8038450326252,649.2703448297116,656.5268957425143,8550804
2013-07-22,667.0299682617188,671.7276500134748,660.0789732130268,664.9293871993428,2974772
2013-07-23,668.2902221679688,679.9961482596094,665.9222668537293,667.6027407428388,1646502
2013-07-24,680.8939208984375,684.4076019921808,666.4571793952878,667.7939129929288,2181644
2013-07-25,685.8397827148438,691.2821978080842,674.7448757533308,679.8244818223149,4088808
2013-07-26,677.7236938476562,687.0617108792696,668.4047450305972,685.553130716564,2379064
2013-07-29,681.053955078125,686.9488785399815,672.6518072197401,672.9388971929453,1774262
2013-07-30,686.0685424804688,690.9107562990597,679.6185499430944,681.3602479192607,2617484
2013-07-31,694.94921875,701.0738056406637,684.9776070278823,685.1881583930048,2826750
2013-08-01,694.9108276367188,702.3368972855279,685.1880383064355,692.8629285994473,2141178
2013-08-02,706.566650390625,708.1169548423713,695.4084114321685,696.556771255127,1846854
2013-08-05,714.7392578125,718.6437099169351,704.3274789877839,704.3274789877839,2355184
2013-08-06,715.8491821289062,720.3851938085936,713.7630139347128,716.959272569023,2305290
2013-08-07,697.7052612304688,723.8113407784407,694.164484449171,717.3422365569621,2694980
2013-08-08,706.3944702148438,710.5094265681258,682.7765066440614,690.9681500322511,2158628
2013-08-12,694.375,704.7102398015436,692.1357073883763,704.7102398015436,2077574
2013-08-13,696.5952758789062,706.1840549603453,692.8247893912791,696.7483531819037,2168296
2013-08-14,701.839111328125,711.2173814276827,689.7813354858365,698.3940325160426,3302068
2013-08-16,681.7047729492188,700.4995886321689,672.0011404520686,698.2794073107765,2779930
2013-08-19,680.3841552734375,691.6955201852636,672.0011644911095,688.2504401179325,2121352
2013-08-20,664.6709594726562,685.111782419048,662.2211147893271,685.111782419048,2724844
2013-08-21,657.5510864257812,667.4652256971549,651.1776778035429,666.0872027664568,3623994
2013-08-22,680.9583129882812,687.9250582657968,648.8999300780706,652.6512580526472,4260988
2013-08-23,700.288818359375,703.5616619738872,683.0060434241587,686.7190541790826,4032884
2013-08-26,705.0929565429688,719.1029375393256,694.3749311449214,697.8582800539103,2663238
2013-08-27,703.8677978515625,719.1983683337111,700.4992581380759,703.9443364567877,1945284
2013-08-28,730.3186645507812,744.9410960035596,699.7340016329359,699.7340016329359,4444684
2013-08-29,745.3237915039062,754.0896141302893,718.9881010363981,727.6773383054212,5905182
2013-08-30,778.28173828125,784.7125721978192,738.778177727703,742.2232573129617,5282942
2013-09-02,787.3347778320312,791.9855983626074,772.2720854019143,773.2290520504915,2154034
2013-09-03,765.9943237304688,791.2199722491494,760.2716822445776,784.7509155179278,2355064
2013-09-04,792.0240478515625,795.7370603828622,763.2575694764399,765.573447846935,2626516
2013-09-05,762.0327758789062,791.9858411621032,758.3197628348807,791.9858411621032,3927492
2013-09-06,761.2860717773438,775.1429291534319,756.0035975693964,769.0183430465405,2759596
2013-09-10,760.9415283203125,771.9657548978349,758.300291307082,760.2142243997299,4300972
2013-09-11,763.1998901367188,772.4633065392534,759.2571697327102,768.6354407982265,3008494
2013-09-12,753.285888671875,765.0183093193294,744.8263127064564,763.6593979655279,1905568
2013-09-13,747.869384765625,761.745400221929,745.1133396967816,752.1757343899952,2096320
2013-09-16,728.2708129882812,759.8315559015995,725.0171262249746,746.434022170337,2460506
2013-09-17,745.4579467773438,747.4101963460191,726.1846456082963,727.2947363934333,3327816
2013-09-18,748.156494140625,752.0992152563718,741.8022452088292,743.3908191234993,2109818
2013-09-19,752.6734619140625,761.7454874710779,737.4385334738852,745.6684470319898,3907240
2013-09-20,746.5487670898438,761.7071079657686,742.9888328168154,746.4339124125657,3591858
2013-09-23,748.38623046875,756.8458067711099,742.606160932642,746.4340277415731,2988758
2013-09-24,742.414794921875,757.1138133546469,737.2471745395882,748.3479886941303,4940300
2013-09-25,749.898193359375,754.45331703989,735.0268948636145,743.1802690687463,4333858
2013-09-26,743.7161254882812,755.6590492153877,740.7303711930637,748.2712955635462,4919704
2013-09-27,745.7066040039062,751.0081893379033,741.6299171613942,743.7926709066595,1784666
2013-09-30,737.9361572265625,750.9700152352186,734.9504025255472,747.9651492369371,1987350
2013-10-01,746.0701904296875,748.2903245218218,733.6870073845272,739.5436606549991,1591994
2013-10-03,774.9899291992188,779.6982242132483,750.4150422026479,754.778819847645,4672354
2013-10-04,778.4349365234375,791.9855935299852,775.889395908377,777.8224872174625,1934032
2013-10-07,799.9284057617188,802.9715409533931,775.2578247389463,778.9708365714068,1993878
2013-10-08,789.0955810546875,803.0864528685828,787.2199637083364,797.3446526812479,1828106
2013-10-09,800.349609375,802.9524841729434,782.8370711165767,786.8180621434398,1775858
2013-10-10,796.1962280273438,803.086387692965,791.3156982641954,799.2585212120644,1164320
2013-10-11,812.29248046875,818.3979092299202,797.1149327683419,805.0003756363527,2284448
2013-10-14,847.01123046875,851.7003673225482,813.4216991282764,814.3786658331333,4374460
2013-10-15,848.0255126953125,864.6576675119722,842.5134222799874,855.5281684669568,4665092
2013-10-17,807.08642578125,853.614157875485,802.2058964032624,853.614157875485,6687214
2013-10-18,811.7564697265625,816.790170232594,789.1338348455391,805.6893574128765,5346166
2013-10-21,793.0001831054688,814.5510971759592,784.7128868285323,813.4218948832347,3685372
2013-10-22,799.7752685546875,806.7801889961498,794.9904357647458,799.2584692318676,2044614
2013-10-23,788.9806518554688,805.0003102468828,783.2388989372264,799.4499039232595,2455496
2013-10-24,768.903564453125,797.0958587384376,766.2814851120211,781.6503792402069,3617758
2013-10-25,793.08642578125,794.7165151583847,765.1831311491204,765.1831311491204,2527402
2013-10-28,791.6288452148438,801.5436607096134,787.2564080233213,793.1822430940181,1803942
2013-10-29,793.8727416992188,800.0095489112869,785.4729774636758,792.0316808075489,1829076
2013-10-30,802.3683471679688,805.4559470262856,794.0453211100798,794.0453211100798,2114874
2013-10-31,810.0778198242188,816.5789818109141,797.5548403163803,801.236962425082,3523076
2013-11-01,804.5354614257812,821.5458677001836,802.0423835006272,809.2914495499763,1346480
2013-11-05,783.2099609375,807.3736374992347,779.2593728668191,805.4558853911606,2261286
2013-11-06,802.0422973632812,806.817481225184,789.7494880321899,791.2644934190264,1667750
2013-11-07,813.8746337890625,823.9236340746371,797.8997994162494,805.4557224656207,1956948
2013-11-08,801.9463500976562,817.6335231956645,794.4095289407052,816.9623100301468,1609346
2013-11-11,803.4039916992188,820.7980437745624,786.2784998775014,801.6205193873063,1961138
2013-11-12,800.5272827148438,813.7789694647919,797.4013840094815,804.2477969848533,1000682
2013-11-13,785.8948364257812,807.833902443245,783.8428509753213,805.0531618067946,1208338
2013-11-14,777.1497192382812,794.7163444211963,775.4812845394504,794.7163444211963,2129704
2013-11-18,783.97705078125,790.0754649432671,779.4703333905064,784.7441516137169,2831602
2013-11-19,778.569091796875,788.1961990243395,775.2321746870329,786.2592504641374,2077864
2013-11-20,776.15234375,786.2396881064947,773.6209212448011,785.0698878347505,1658696
2013-11-21,761.9612426757812,780.4100082151676,759.4298193087757,775.999178456556,2302882
2013-11-22,767.426513671875,771.3195581003996,761.3855971924711,763.6485530471883,1494494
2013-11-25,772.182861328125,777.3991375292634,764.4543112186591,770.1692216798087,1950998
2013-11-26,764.6845092773438,773.4102819673788,762.1147400043717,768.2898928517565,2047412
2013-11-27,761.9037475585938,772.355496976556,757.5121137789116,770.5528286490295,2120978
2013-11-28,761.1941528320312,765.7776084350588,755.5943260738833,764.4543313963095,2805722
2013-11-29,768.7692260742188,772.7389633047451,760.1201927453131,764.032388052475,1924812
2013-12-02,772.43212890625,775.1553272728738,765.1830172733218,765.1830172733218,1253260
2013-12-03,775.0786743164062,783.2099241446108,772.8732594957248,773.2568098993216,1449184
2013-12-04,767.1199951171875,779.2209821272784,764.6652631967827,774.7334611819406,1519036
2013-12-05,762.17236328125,779.969115327891,760.5998156409927,773.2377855205316,1397190
2013-12-06,767.2157592773438,770.9361788252227,763.6487224084668,763.6487224084668,1446962
2013-12-09,768.961181640625,778.5882894645272,767.1009711496127,778.2239352312821,1826340
2013-12-10,798.8397216796875,801.2369120580325,767.1009210703997,767.1009210703997,3653334
2013-12-11,789.3660888671875,800.4123614860608,783.5936353802173,797.4014527437453,1556062
2013-12-12,778.1854248046875,791.6480346342996,776.7279145400075,784.360576951135,1655964
2013-12-13,767.7911987304688,784.3605570511306,765.1830373188292,781.6565080408295,3463350
2013-12-16,774.4458618164062,782.3661875774993,769.0761557844951,772.3554838761968,2858500
2013-12-17,784.4946899414062,792.35751884564,778.6072015009752,779.2208726898602,2995474
2013-12-18,788.5029296875,794.3328770293937,781.6757138512334,782.4428146499098,1587990
2013-12-19,798.3602294921875,809.2914168765388,791.130266345037,796.2315058524495,2161986
2013-12-20,813.3377685546875,816.9623008798411,800.0285892355358,800.8915775815357,1965812
2013-12-23,808.9271240234375,822.1212225158268,804.669676421168,816.943291256972,1321224
2013-12-24,809.5599975585938,816.578990228013,807.0861156351791,813.0503444609502,870156
2013-12-26,805.5708618164062,811.9761342751322,802.1764035816972,811.2090335342015,2297194
2013-12-27,828.71826171875,832.2661034642281,807.3737161331351,808.1408170510763,2479946
2013-12-30,826.9540405273438,834.3181910989595,823.3678060424978,832.3045510560818,1668776
2013-12-31,833.0907592773438,838.038522540882,824.9786112156537,828.50735020697,1245776
2014-01-01,825.8990478515625,837.8658009196686,825.0552557478284,836.1782167122003,529952
2014-01-02,831.153564453125,839.5916717064563,826.9920059198271,830.7700141234282,1726948
2014-01-03,852.3255004882812,854.9720538745487,823.5784227959914,830.2713571371254,2618174
2014-01-06,858.999755859375,860.6873406398194,842.6604667494132,854.9340830152216,2311810
2014-01-07,846.1697387695312,865.4623440144296,843.4273906670694,859.1529582056551,2897486
2014-01-08,856.3338012695312,860.6871359596472,847.6464217784404,848.413522612629,2550020
2014-01-09,859.900634765625,865.0977604116812,852.2872169776102,854.8377891897736,2582206
2014-01-10,874.8402099609375,885.924874479671,857.2352812385805,866.8240427736877,3369334
2014-01-13,908.5350952148438,914.3842393634565,876.4127462019705,876.4127462019705,3814316
2014-01-14,892.42578125,914.6908979050081,889.8368163747716,909.7814346728269,2974964
2014-01-15,902.7242431640625,912.1595266554905,892.5217652457702,898.4476000944521,3048854
2014-01-16,901.4586181640625,912.888440007966,891.7547733007411,912.8500475078554,2997962
2014-01-17,848.816162109375,881.3987471996996,846.131309528697,881.3987471996996,7564756
2014-01-20,896.8178100585938,901.343724937396,849.756179829277,851.0794103995365,6010558
2014-01-21,874.6103515625,897.2206381103261,872.6159073993828,895.2069976913547,3132282
2014-01-22,872.2129516601562,880.9579209701425,868.3966432702123,877.2183039449724,2384030
2014-01-23,863.9280395507812,873.2291363179733,858.1172887172668,869.930659215602,2290762
2014-01-24,862.4893188476562,875.7409970292622,857.2346998184172,860.6866516297665,1850266
2014-01-27,856.6880493164062,868.1766068566327,853.0378268047276,855.3047695786079,2532948
2014-01-28,850.0597534179688,863.7000544165799,843.8159536650835,857.6099106732382,2852166
2014-01-29,849.080078125,860.6839229678784,847.2357366715054,860.6839229678784,1698076
2014-01-30,852.0770874023438,855.6888483412948,841.4721948214799,844.5652963081568,2225250
2014-01-31,861.0870971679688,872.1338179034224,853.3831914240902,854.9585873822357,2174246
2014-02-03,843.1821899414062,862.3170598014657,841.7797735182694,853.7678542403282,1362480
2014-02-04,826.6216430664062,835.7087373310954,811.5212319476923,835.3245034288742,2694166
2014-02-05,843.1627807617188,845.3145279921747,822.2604954105699,831.4052804293595,1853650
2014-02-06,835.8048095703125,841.4337988077066,824.1817338367177,837.6299206359182,1922652
2014-02-07,823.9512329101562,843.393508021097,818.8025355776572,841.4723382989532,1990912
2014-02-10,804.412841796875,823.7974218853223,801.1660843386439,823.7974218853223,4019270
2014-02-11,807.5443115234375,817.073330328186,805.3541972103823,806.8911327012418,3568786
2014-02-12,808.985107421875,815.9590077965727,804.9698826160669,813.8072608023053,3074348
2014-02-13,819.8590698242188,821.6457199052124,805.546357298875,809.5808131785021,2094350
2014-02-14,832.980712890625,839.4550922394156,817.6882772732519,821.4536948028884,1910062
2014-02-17,832.0201416015625,839.9353983402406,825.0271026091921,829.9453158348214,1670394
2014-02-18,832.2507934570312,841.8566428736636,828.3508561167279,831.866559480366,1526916
2014-02-19,844.5267944335938,851.0780005127292,830.8096643831371,833.7874768002811,1072918
2014-02-20,841.2227172851562,853.7679194426856,838.7059659079122,847.6201756483189,1587924
2014-02-21,847.5047607421875,850.3096871929495,841.7604822494144,844.5461782422517,1717860
2014-02-24,836.8230590820312,847.3318948472863,833.8261094004541,846.8516024230446,2450424
2014-02-25,841.0494995117188,845.1224161485273,837.6298555143394,841.0879604224261,3305374
2014-02-26,838.4559936523438,843.3934369450014,836.5348240921046,843.0092030329536,3859712
2014-02-28,874.4200439453125,876.0530375460013,830.0025804837458,830.3292167267144,3988192
2014-03-03,860.7031860351562,883.3537561939762,856.0731486734142,872.9026126376612,1606078
2014-03-04,860.93310546875,866.0626623091489,854.5356526067201,858.0705834873893,2030332
2014-03-05,865.2562866210938,878.4547586811462,861.6637559207012,866.3898516779792,2302006
2014-03-06,860.9720458984375,868.3685479105071,857.6675970870896,865.6213132574345,1314562
2014-03-07,856.2651977539062,864.545456592327,827.1787119292948,862.797173684719,4698472
2014-03-10,823.2786865234375,856.26520268692,820.3393348604776,856.1115466575612,3829768
2014-03-11,826.73681640625,836.7268976007549,815.3443190284346,828.0240374676138,2550254
2014-03-12,837.4185791015625,841.3762071488078,827.255610910553,827.255610910553,1669788
2014-03-13,825.9298095703125,846.0828542537688,821.0500589180039,825.3534588521559,2019884
2014-03-14,822.0878295898438,830.1375126988382,816.2282614025459,822.6449500986866,2161246
2014-03-18,815.3443603515625,826.7945496777702,808.5242084211948,820.5315181577575,2565842
2014-03-19,783.6065673828125,797.2852838356199,773.4820142434893,797.2852838356199,8652662
2014-03-20,810.0418090820312,815.6900280918383,772.8479993837054,783.0686107318811,5728956
2014-03-21,817.265380859375,824.1815900062809,801.1275595165947,816.4969131763854,4680776
2014-03-24,827.1017456054688,829.1573402262833,816.9386861786882,821.0884301316371,2183014
2014-03-25,824.8157348632812,834.5561025889951,818.4182774008101,823.7975524635384,2249968
2014-03-26,804.3936767578125,829.3688804784994,802.1075037940323,825.3536549494407,3192350
2014-03-27,804.681884765625,812.6547385838829,793.4622730936428,807.2562332611828,5012476
2014-03-28,807.6982421875,815.6710968313283,799.2258646358875,805.738611475085,2971162
2014-03-31,819.6286010742188,824.1625803801161,799.9750723386021,808.4282191164356,2683268
2014-04-01,836.3619384765625,839.5510987113497,824.143281299113,824.1817422132015,2755932
2014-04-02,834.6521606445312,846.083120146971,830.3487593579764,841.4723129527096,3763016
2014-04-03,832.4425659179688,838.3981900913952,825.1805842873986,834.8824881828192,1581194
2014-04-04,821.818603515625,840.3194257784454,818.418096437169,834.5559180570568,1694656
2014-04-07,827.56298828125,832.2313926191504,814.8448087344942,818.4566636599891,2594986
2014-04-09,822.4140625,830.7135508546861,808.8122222706356,826.8712125066071,3350500
2014-04-10,816.938720703125,825.5839818841724,812.7313790230994,822.4140527844551,2152886
2014-04-11,831.5204467773438,835.6700969846441,806.8910214105035,813.8072301654507,2340742
2014-04-15,865.5828857421875,867.6001136414868,835.3436977083974,838.0141044517638,3597244
2014-04-16,843.8929443359375,869.9055609437258,839.2436765624684,869.9055609437258,3475910
2014-04-17,854.11328125,855.6886773615985,823.2977490799386,852.9990407466316,7681438
2014-04-21,853.6716918945312,861.7982015905786,849.6564662853899,852.9992825501786,1842594
2014-04-22,853.40283203125,864.487925186585,852.9609067051935,858.3594124554018,1486274
2014-04-23,850.5978393554688,862.1824545063992,845.7373177962812,857.379530512297,1938992
2014-04-24,850.5978393554688,850.5978393554688,850.5978393554688,850.5978393554688,0
2014-04-25,847.3319702148438,858.7629309285459,842.701932071903,855.6890591399873,3160448
2014-04-28,841.9912719726562,854.036952426003,837.6686391720721,847.3320874211906,2550766
2014-04-29,843.1051025390625,847.7543695210405,836.4386078991921,839.9351733623746,1846180
2014-04-30,841.1649169921875,847.4664098497972,838.0142174669395,839.5896141331203,2397378
2014-05-02,848.5614013671875,852.9608610908895,838.1102572643846,838.1102572643846,1917778
2014-05-05,850.5787963867188,856.4575954127545,846.9093428849644,849.4645552973244,1314478
2014-05-06,844.891845703125,853.6140298711979,841.4722016757759,850.5785259187924,961232
2014-05-07,832.077880859375,846.4674240732312,822.2991452210424,841.8758469573629,4716182
2014-05-08,830.73291015625,838.3215295707167,825.1998857925794,831.9048422956009,2606900
2014-05-09,829.9066772460938,839.4356957418844,826.871267272902,826.871267272902,1799440
2014-05-12,829.695556640625,832.5196196818578,815.7862136244536,827.2556337141189,2886064
2014-05-13,849.5217895507812,860.2995675212076,832.1736692024324,832.1736692024324,2547484
2014-05-14,851.5006103515625,859.8000046214833,845.7371030222764,850.847337808575,1389228
2014-05-15,842.6824340820312,854.9203197778684,834.229289347149,851.500676021594,2520196
2014-05-16,830.2333374023438,865.8325680550582,806.9871881889494,845.3337473056871,5241798
2014-05-19,782.5691528320312,829.9452107045004,768.2756707424298,826.1028717660536,6516606
2014-05-20,794.6724853515625,829.9451740083365,779.2263022633826,779.2263022633826,4702114
2014-05-21,800.301513671875,802.6645143314884,789.9079692461834,791.9827945176929,4116946
2014-05-22,811.4828491210938,816.1128868498142,797.3238847460327,805.6425120067552,4216842
2014-05-23,817.6112670898438,825.7186397916538,805.3542433705474,814.1916229495181,3094780
2014-05-26,827.6397705078125,833.6338565078673,819.8014369450627,825.7186011240897,2650850
2014-05-27,818.9752197265625,839.3973051110248,813.8072932123877,830.0027124454064,1795094
2014-05-28,826.3140869140625,829.4647855778857,815.5170787022922,822.2604012213899,1887488
2014-05-29,829.9260864257812,837.6299957443947,820.4162963364814,824.1818077393241,2820710
2014-05-30,822.7792358398438,832.6347970919977,818.4757414460208,829.4840981163825,2585648
2014-06-02,818.3605346679688,829.0806219756814,813.0580885710083,823.7974063333849,1095158
2014-06-03,817.88037109375,821.4921324695088,808.8892409555142,818.3606635004791,2484628
2014-06-04,802.760498046875,820.3007341800616,798.0536338127843,818.4180260092587,2141062
2014-06-05,808.4856567382812,813.1925216265728,794.5956399173044,800.3976088534658,4348470
2014-06-06,808.5244750976562,817.6600350675658,797.5657050741424,814.6923821129301,3361586
2014-06-09,819.987548828125,821.6167983252725,806.8757981664621,809.5912455641377,2666196
2014-06-10,837.19189453125,838.2780925662671,820.45313674025,820.45313674025,2628068
2014-06-11,856.122802734375,858.8576665490001,829.453216205358,839.8495248774097,3544562
2014-06-12,867.9153442382812,874.3741929179525,847.142149595509,872.4345873436004,2734338
2014-06-13,858.6825561523438,868.5551267489686,847.626807553708,868.1672057455077,1904022
2014-06-16,880.4838256835938,883.2768383733383,857.3055423552119,857.3055423552119,2439906
2014-06-17,884.4020385742188,891.0548481645307,880.9688986424246,886.3609645424733,1918144
2014-06-18,863.919677734375,889.503054539483,861.6891314789882,889.503054539483,1948824
2014-06-19,882.9278564453125,887.9514158504064,857.3444783245909,865.0640704877267,1896354
2014-06-20,889.2701416015625,891.8304583121663,877.4773800357201,886.3607338428233,1155674
2014-06-23,880.1349487304688,892.1798248044562,874.3936967059273,889.503206722973,1262734
2014-06-24,895.7291870117188,899.7829433485492,874.7620337361408,880.1929288458108,1479100
2014-06-25,896.3109741210938,899.9768089921263,889.5029409564421,896.0975986085396,1028422
2014-06-26,895.185791015625,909.34490645982,888.7850949929068,890.6665495855223,2036182
2014-06-27,930.8360595703125,933.6872227241065,898.0373128527413,898.8131550236724,3058836
2014-06-30,940.864013671875,944.5880949682307,921.9335354194777,931.2242289521363,2146470
2014-07-01,927.4224853515625,938.3812577916677,924.1445705897013,938.3424277939109,1092790
2014-07-02,931.631591796875,935.5689540939196,924.6101801939909,931.0108799939493,907740
2014-07-03,937.9542846679688,948.4669831824775,927.907167187111,930.6226145827254,1526762
2014-07-04,935.0836181640625,940.9024334606652,931.398368476214,935.8206302187201,536136
2014-07-07,965.3612670898438,969.027103282897,935.0451701847645,938.788666379324,2204902
2014-07-08,950.193115234375,964.4297976031124,943.9088137064813,963.9643113246166,2500588
2014-07-09,930.2930297851562,959.1931542733125,923.8730107821573,958.1652011509524,1554242
2014-07-10,912.3128662109375,938.6139358560589,905.7957727588358,930.8360988230294,1990562
2014-07-11,928.8575439453125,934.8897352448855,915.9204336865248,919.760814218101,1329446
2014-07-14,941.193359375,946.1393522990727,925.288597815237,938.3033667647428,1587924
2014-07-15,930.7389526367188,942.6481093983607,928.5859719639201,941.173990532742,1389656
2014-07-16,931.728271484375,940.3206854091359,925.9094553617937,934.7539801022823,1407240
2014-07-17,924.0087890625,942.5708544703485,921.3127559392144,934.8899965530555,1790220
2014-07-18,946.9929809570312,963.9839442682907,944.5878890516249,951.1825478252913,3507488
2014-07-21,955.7406005859375,958.1069571552392,947.7106528375427,957.3892652444824,981072
2014-07-22,982.3711547851562,985.3193924249304,955.0227228300548,956.2253158769502,2399016
2014-07-23,1003.2218627929688,1007.1593177929468,982.3323736314495,985.3193464094245,2065858
2014-07-24,1006.7324829101562,1009.37036444894,995.7931304920941,1006.616087677644,1481418
2014-07-25,1010.8253173828125,1014.1614764321849,995.7933760804681,1006.2672448588759,1806914
2014-07-28,1022.0950927734375,1026.1805731309696,1008.5555604952134,1017.2989683907965,1314922
2014-07-30,1024.365234375,1030.2665503218689,1015.5033823639877,1020.3191684206708,1899252
2014-07-31,1018.4436645507812,1025.5291914607324,1014.180475427439,1016.4897309776238,2407210
2014-08-01,993.3184814453125,1021.5619994104401,990.792197259889,1016.4501625275755,2381882
2014-08-04,997.1278076171875,1003.3843462374024,982.1080094998397,999.4764791212194,1828636
2014-08-05,996.200439453125,1004.6083795464385,982.9372982376714,1004.5688671911372,1404656
2014-08-06,989.4697875976562,1000.6014742524148,982.9961241341148,993.2197979095824,1837562
2014-08-07,974.924072265625,984.8714520257948,970.6806381536902,982.897761741174,1672656
2014-08-08,978.4371948242188,989.8845983861091,973.0293027606793,973.0293027606793,1464790
2014-08-11,974.3711547851562,985.0883483636555,969.0817045999206,983.2527590024672,1290896
2014-08-12,975.6939086914062,982.8583667313135,963.239902234233,982.8583667313135,984552
2014-08-13,986.8648681640625,998.6872533313542,975.0029706436542,975.0029706436542,2768378
2014-08-14,986.7462768554688,999.4765768569044,982.9173376797402,992.3712931351729,1578056
2014-08-18,981.9502563476562,988.8186587821823,975.0028292183594,983.3120831303459,1373260
2014-08-19,962.5685424804688,988.7791052116022,961.1869595816861,986.8449277019364,3234156
2014-08-20,961.66064453125,969.1014939791233,959.2330445106318,964.9369890291046,2056758
2014-08-21,960.1802978515625,971.0553475424596,959.2132091577954,965.9237542424385,2265450
2014-08-22,972.7132568359375,974.2922086679483,961.5027373772896,964.7395693585974,3096238
2014-08-25,995.549072265625,998.095113296136,973.7792119913039,975.0029384383847,3143512
2014-08-26,1000.1871948242188,1006.5819313490605,986.845030734373,998.2924330908918,1815490
2014-08-27,1006.5621337890625,1013.450292546063,992.3910782789976,1000.266082026158,1435460
2014-08-28,995.66748046875,1006.3056508032289,991.9766414435942,1005.3977340854892,1766288
2014-09-01,1001.5093383789062,1010.5291389687193,995.9435911786212,996.8711675262177,810148
2014-09-02,1001.8052978515625,1008.4764263176138,992.4106127413455,1004.9237851467238,1407940
2014-09-03,1028.8453369140625,1032.6348611918493,1002.2400277393368,1002.2400277393368,3061690
2014-09-04,1020.2989501953125,1037.154241946567,1017.4173437901629,1035.0029393218338,1701598
2014-09-05,1025.76611328125,1034.9240147849684,1019.6279186578657,1026.2791955379328,1467060
2014-09-08,1043.174072265625,1046.0556788817662,1025.9437974621103,1031.0556351845937,1697342
2014-09-09,1038.654296875,1052.766179483373,1036.2266968770152,1046.8451098574822,1418098
2014-09-10,1026.3782958984375,1043.194178551248,1022.8454089583872,1041.319172459821,1258768
2014-09-11,1025.6676025390625,1035.9504511607859,1022.9636084750672,1030.266262056695,1075622
2014-09-12,1029.319091796875,1035.9309548670958,1023.6348054239908,1030.26642467322,1196210
2014-09-15,1009.8582763671875,1033.6609977885162,1008.160883639601,1031.8451643828962,1151544
2014-09-16,1006.9174194335938,1016.4503031455315,1004.2134257096047,1012.8976613092948,1535608
2014-09-17,1022.8448486328125,1028.193566564172,1010.923783077395,1010.923783077395,1657700
2014-09-18,1043.015869140625,1046.7658788192118,1018.8184189929077,1023.0420948302697,1483078
2014-09-19,1071.3980712890625,1081.5823329687087,1042.8980013515795,1043.2927394293054,3587864
2014-09-22,1074.398193359375,1079.2139789655876,1056.417853404043,1071.3192168663513,999584
2014-09-23,1061.134521484375,1098.3385726957827,1059.200344107953,1075.2661591498652,2055990
2014-09-24,1043.29296875,1068.536455094882,1039.2469025639662,1063.0298769745555,2442132
2014-09-25,1069.1876220703125,1075.6612881549709,1050.00331247421,1050.3782943829158,2473158
2014-09-26,1059.477294921875,1075.6220482369738,1053.9904726659754,1069.7404877936963,1612712
2014-09-29,1092.6148681640625,1095.5754027314456,1056.0424363569516,1063.9766111745973,2089534
2014-09-30,1080.240234375,1096.0494168855726,1069.0098592541665,1094.5889053097287,2788954
2014-10-01,1095.635009765625,1106.0560561139914,1080.3980819357582,1086.3191528999657,2142022
2014-10-07,1078.167724609375,1120.9375310603832,1075.8979810046194,1081.4243132596764,3457674
2014-10-08,1059.1611328125,1081.562517495314,1045.759795082739,1080.792797560268,1962442
2014-10-09,1068.1805419921875,1074.989770948372,1060.463396567533,1068.9502616433572,1685176
2014-10-10,1057.3057861328125,1076.6281929295055,1053.3584059344446,1068.1610816783239,2344362
2014-10-13,1072.325927734375,1075.5825174326303,1053.9508477989868,1057.8982292514174,2209532
2014-10-14,1065.4769287109375,1079.8848675822555,1057.4243110136879,1077.6348799643413,2369406
2014-10-15,1065.4769287109375,1065.4769287109375,1065.4769287109375,1065.4769287109375,0
2014-10-16,1057.14794921875,1088.9243604091253,1051.680788993261,1077.6348142822944,3848014
2014-10-17,963.6145629882812,991.3252457541366,959.21327314368,976.9764819056,9892812
2014-10-20,956.5687866210938,984.3188922835943,954.4568993928415,982.8977966795143,3399242
2014-10-21,960.5556030273438,964.6411806942186,953.2924609213454,957.5754076277485,1950732
2014-10-22,967.8384399414062,982.5029186396433,965.1739583420419,980.9239665807607,2067664
2014-10-27,969.9302978515625,994.6211754543591,965.114514222479,994.3448781686418,2797208
2014-10-28,978.3975219726562,980.8842939618086,968.4698047015927,980.8842939618086,2289958
2014-10-29,991.2333984375,994.3778915497564,978.1609092293347,978.9519815376481,2425016
2014-10-30,1011.860107421875,1018.4655388616546,992.3997568518895,997.4626366226044,4111292
2014-10-31,1031.498046875,1036.3037680890236,1012.9671565175531,1012.9671565175531,3170070
2014-11-03,1024.576904296875,1047.7750563285422,1020.6808353551539,1047.7750563285422,2541632
2014-11-05,1028.1953125,1043.4234408059242,1024.4377223985382,1043.4234408059242,2310642
2014-11-07,1017.6548461914062,1034.6035060175232,1011.3855619034551,1030.2922022018695,2126740
2014-11-10,1016.3886108398438,1021.2735169856667,1009.0119062085344,1018.5443583747219,1541964
2014-11-11,1020.7598876953125,1026.0205365909635,1010.7528060937665,1019.6919596497702,1249940
2014-11-12,1025.1300048828125,1032.744069740146,1018.5047796173404,1020.4824588010634,1320582
2014-11-13,1023.8250732421875,1030.331620705371,1014.6090657288099,1026.4158531868254,1645540
2014-11-14,1030.9443359375,1032.8033350092637,1018.5047535040917,1022.5391996221749,1457174
2014-11-17,1035.6317138671875,1038.2817852056733,1025.3279838854883,1026.4552998788374,1570552
2014-11-18,1022.7966918945312,1038.93448166902,1020.3838839329634,1036.3042061844612,1467026
2014-11-19,1018.0105590820312,1027.6023050005313,1011.5633043678656,1027.6023050005313,1865746
2014-11-20,1030.549072265625,1032.4476640479884,1012.7895475876104,1023.6469895819151,1795386
2014-11-21,1037.1544189453125,1044.2147733690765,1023.1128945306904,1031.5576246009664,2001594
2014-11-24,1051.2159423828125,1054.1033743161706,1037.0953273759847,1037.0953273759847,1942766
2014-11-25,1042.633056640625,1059.7992830588985,1034.7223354218038,1052.1259221032103,2371684
2014-11-26,1039.19140625,1050.6817425390718,1034.326295755923,1040.2791298879843,1584800
2014-11-27,1049.4757080078125,1055.290068004752,1038.4006997978677,1039.1917718128636,1732418
2014-11-28,1045.4017333984375,1064.7434067518884,1042.3759213778226,1051.4732501209796,1989768
2014-12-01,1065.158447265625,1067.9469948432154,1046.291403003339,1048.3679666044231,1896354
2014-12-02,1051.0579833984375,1072.2784542262661,1047.9134910591129,1065.1786013176225,1436572
2014-12-03,1042.375732421875,1057.4257984699937,1035.7109128590266,1056.8324945290776,3094670
2014-12-04,1043.4039306640625,1054.8942681209137,1040.2198472869038,1053.7076603952432,1285308
2014-12-05,1020.067626953125,1048.0913933518361,1017.3779626313653,1044.5710647391284,2359676
2014-12-08,993.9029541015625,1026.4159964086223,989.4926694334076,1026.4159964086223,3232574
2014-12-09,994.7133178710938,1012.1761860893486,992.4389868550666,995.1681454477534,2487940
2014-12-10,991.964111328125,1001.4569697351237,987.336362167983,994.7724539000685,2087970
2014-12-11,985.7348022460938,997.8975317594994,983.6978308891023,989.077158015895,1938822
2014-12-12,969.3395385742188,996.7501880591153,958.2447403819565,988.8394722808684,2380786
2014-12-15,932.9306030273438,943.3530114025109,930.3992121893317,943.3134191905789,3487788
2014-12-16,966.31396484375,972.7216268786226,927.5316519387496,929.5093313671905,3339140
2014-12-17,966.7294921875,976.9738350703834,951.3628812967772,970.4078994146063,2287076
2014-12-18,973.2950439453125,976.3802428795955,963.0507040867149,971.0801011315892,1481444
2014-12-19,993.0125732421875,998.2336272840988,976.1825030756437,977.4877907277146,1903130
2014-12-22,994.1399536132812,1000.3103526595631,978.7140525639641,999.1237448865388,1643954
2014-12-23,995.4451293945312,1003.336050883386,986.7038443906443,988.8396995150462,1266476
2014-12-24,980.8897705078125,997.0870483271171,975.2533820324043,994.7731239053837,3288972
2014-12-26,990.8176879882812,992.7953680042259,974.9962478607238,983.3025039276914,626206
2014-12-29,997.8971557617188,1003.4544526449104,991.60817564365,992.0037114137513,778920
2014-12-30,1000.7260131835938,1005.6306216288198,995.1687123091242,998.7285367967164,701342
2014-12-31,1011.8798217773438,1015.1034010722119,998.7282517298125,1001.7738591643835,1573792
2015-01-01,1006.856689453125,1015.3409173848397,1005.056981330299,1015.3409173848397,366830
2015-01-02,1020.264892578125,1024.813554690882,1008.853741652463,1009.0119173602733,925740
2015-01-05,1004.7605590820312,1028.354248375642,998.5901574117909,1020.8786548531533,1754242
2015-01-06,967.7181396484375,1000.3498503221502,965.107564167989,1000.3498503221502,2423784
2015-01-07,956.2870483398438,980.5927081047358,952.232805694584,976.973593540639,2636332
2015-01-08,966.610595703125,968.667362950627,957.4143865611887,966.0567875353978,1565408
2015-01-09,993.7047729492188,996.7107875833841,969.0628692465323,971.0405485715253,3197642
2015-01-12,992.6763916015625,999.9147176127469,981.0278790977119,995.563822876299,1596006
2015-01-13,988.0091552734375,1000.8640729249647,980.9686930127889,996.7505379030314,1468432
2015-01-14,997.5216674804688,1001.4177344243597,989.037442386945,995.1682483685478,1787096
2015-01-15,1004.3054809570312,1021.1750524739826,998.0361968257874,1001.8926727671533,5009920
2015-01-16,1001.5562133789062,1006.6388884362677,982.6298780724989,1006.124672441275,5293830
2015-01-19,993.1907348632812,1009.0121722963881,990.0264473766599,1003.0791332589731,1135074
2015-01-20,989.0176391601562,1000.7057433413107,982.2144415621777,996.7503846719774,2058566
2015-01-21,994.2982788085938,997.5416542474281,984.1923160908656,997.5416542474281,2310480
2015-01-22,994.1994018554688,997.2450093431588,987.0599586775817,995.3662135893145,2113214
2015-01-23,990.2637939453125,1001.516771851566,987.2972744674045,994.3773289947893,3150380
2015-01-27,991.630859375,996.7632791742943,986.6767675301974,995.7130504070387,2738736
2015-01-28,1006.5133056640625,1008.6137638977476,991.9680097583837,992.00768121019,3121980
2015-01-29,1008.5144653320312,1018.0461585181021,995.9310705613793,1005.8789268634425,3734392
2015-01-30,983.7042846679688,1020.5428912345939,978.9285209124065,1014.8753909721277,5817402
2015-02-02,996.4464721679688,999.3198462287114,975.7780340073073,983.6847474156313,3181802
2015-02-03,1013.904541015625,1016.5797508863786,993.6324338099829,995.435646018872,2345054
2015-02-04,996.4857788085938,1019.23492778833,991.6506049594747,1017.7685360874755,2245418
2015-02-05,1011.5858154296875,1027.1614984971095,998.3485216119557,998.7448489329608,4530168
2015-02-06,1020.83984375,1028.3898966934662,1010.9713346097558,1011.8233994346307,2136416
2015-02-09,995.930908203125,1018.2045815422689,990.8183243533028,1015.192455132394,2076432
2015-02-10,967.4945068359375,1001.2220042479461,964.2644775201396,994.7816845768806,3799054
2015-02-11,974.9259033203125,985.7654983127807,969.9123995360146,973.0037731494112,2937522
2015-02-12,975.817626953125,982.8128647497201,969.8133045763367,982.8128647497201,3107980
2015-02-13,1006.1762084960938,1009.7431551731847,975.0645069236887,978.9286991572039,4158326
2015-02-16,1024.4267578125,1028.4692766578503,1012.6161856881724,1014.5978220593821,2364392
2015-02-18,1044.580322265625,1047.4933674965648,1016.6789106963915,1024.5262129376208,2660014
2015-02-19,1062.5738525390625,1065.0508993891472,1044.32295199571,1044.7192794917235,2618002
2015-02-20,1060.3939208984375,1069.6085340474933,1047.1961975523798,1069.6085340474933,1801588
2015-02-23,1068.7564697265625,1078.8034101376147,1058.5907084781663,1058.5907084781663,1614892
2015-02-24,1071.966796875,1081.974066168315,1061.7613638333025,1067.7062762847768,2199922
2015-02-25,1059.06591796875,1078.8030392137068,1057.3419520639775,1074.0471110467104,1767994
2015-02-26,1052.8240966796875,1067.210803306718,1040.498370320712,1061.761300550997,1991994
2015-02-27,1055.1619873046875,1060.4727342268022,1036.9110964546308,1054.0125801209285,2877376
2015-03-02,1057.9561767578125,1073.6309426151313,1051.2781190457895,1062.0383677660066,2176038
2015-03-03,1100.204833984375,1105.7534174410687,1060.6315054126105,1062.9500593465757,3424308
2015-03-04,1088.3150634765625,1114.5123438758956,1076.2864879276617,1104.960814629518,3862994
2015-03-05,1068.6768798828125,1098.1041860699024,1062.5734773034076,1089.900229151484,2173514
2015-03-09,1048.9993896484375,1062.0781939478877,1034.4145218656115,1046.3043439560208,2883174
2015-03-10,1047.37451171875,1061.4639716350844,1028.5687939460292,1049.8317225074522,3037052
2015-03-11,1033.04736328125,1054.2112110042156,1029.5794979959564,1047.0971524280262,2240200
2015-03-12,1038.001220703125,1040.319677768453,1026.5275626609093,1039.9233503973257,1827636
2015-03-13,1023.4567260742188,1046.285140221069,1020.5436791986541,1045.5123206703106,1586838
2015-03-16,1015.509521484375,1034.4143154844114,1011.4273306958689,1024.5853784987696,1556296
2015-03-17,1023.9906005859375,1033.1061264823536,1013.7059287634173,1023.5150272823869,1267318
2015-03-18,1014.3402709960938,1030.2329369971974,1011.3083092237567,1026.8641550898833,1255170
2015-03-19,1028.965576171875,1032.7703600009245,1017.8089924513863,1020.9399419234472,2448964
2015-03-20,1034.7911376953125,1037.5852655737074,1022.0690845880218,1028.866061661323,1963908
2015-03-23,1037.24853515625,1042.7377100379988,1032.8295219912675,1036.7927972099599,1566608
2015-03-24,1027.00341796875,1045.115564447405,1023.3572245057683,1042.3412720882347,2394878
2015-03-25,1020.0477905273438,1035.9999706414674,1008.7326222994363,1027.04293142633,2224858
2015-03-26,996.0105590820312,1025.1802015156213,991.2149582053338,1011.9429033126136,3091642
2015-03-27,996.6843872070312,1019.3146287394949,992.4437024329654,1003.1048731673557,2751776
2015-03-30,1016.2426147460938,1018.5214967371384,998.744803031737,1000.7264395456889,1339006
2015-03-31,1012.2002563476562,1018.3433305164314,999.1412889988594,1018.3433305164314,2427028
2015-04-01,1007.7216186523438,1016.0247533906083,999.6365800509838,1013.8052817010275,2075758
2015-04-06,1009.5647583007812,1015.7474073967426,990.8581252449053,1013.8054419311347,1568542
2015-04-07,1024.5064697265625,1030.055054088718,1008.2570440945359,1015.5692662770214,1886922
2015-04-08,1046.859130859375,1052.843713161467,1026.8248586716188,1028.0732512482007,1652134
2015-04-09,1056.0341796875,1065.1100383290525,1044.3820962188581,1053.8345432933506,2544450
2015-04-10,1051.754150390625,1058.5115539212302,1041.548716806995,1049.6734309221179,1815544
2015-04-13,1052.4478759765625,1056.2129879410804,1041.548867658221,1055.816660365868,1308642
2015-04-15,1041.4493408203125,1075.592908133654,1034.1766942184327,1052.1303450570508,2913934
2015-04-16,1023.6342163085938,1041.1518644127234,1019.096287869297,1041.132028694903,3217570
2015-04-17,980.8505249023438,1014.597751244798,978.9282990525982,1013.4484409335487,9668742
2015-04-20,962.60009765625,984.4376813637177,961.0346236331336,982.9118787881245,2890722
2015-04-21,961.9064331054688,971.7947823587039,951.5820850094813,962.6000060537264,2546032
2015-04-22,969.060302734375,980.1178000684963,954.1781873886869,963.6702106213298,4186812
2015-04-23,973.8754272460938,982.8126287668631,963.7492436186042,979.7212559374682,4342990
2015-04-24,988.0640869140625,996.3671269534162,970.0311894294242,973.1027269130714,3625158
2015-04-27,990.8980712890625,998.7453757360616,985.2702397142259,990.6206613699549,2733052
2015-04-28,988.8364868164062,994.7813955547814,973.0230682761611,994.7813955547814,3088298
2015-04-29,985.7850952148438,988.8367966381171,971.4182279290195,984.4771955306945,2019620
2015-04-30,976.431640625,986.8550689379927,961.9261181493845,982.8917955687638,3738054
2015-05-04,983.5062866210938,992.7208987441653,973.8556756507171,987.2515612288698,1890630
2015-05-05,997.89306640625,1005.2646986081398,990.8185830196389,991.2149104528468,3255070
2015-05-06,976.1740112304688,996.7631958647006,973.30063820064,996.7631958647006,3394406
2015-05-07,1008.7522583007812,1012.121041011932,972.4684675128751,976.9073147921158,3205028
2015-05-08,1001.6187133789062,1025.6956099414815,997.2789464368407,1014.598439509348,3003664
2015-05-11,1013.0132446289062,1015.8073732823378,1000.7270902535165,1004.690365858481,2573082
2015-05-12,999.8941040039062,1016.5795219966561,995.9705024474061,1014.5978855015359,2467386
2015-05-13,996.921630859375,1009.4456119811963,983.0700113660863,1009.4456119811963,1863774
2015-05-14,990.5213012695312,998.74509520825,984.8736355525798,998.74509520825,1309050
2015-05-15,995.2376708984375,1003.6596294947175,991.2149858492446,996.7635703362056,1461454
2015-05-18,998.903564453125,1000.8257910935357,989.6692132171318,996.4067791803393,4507752
2015-05-19,995.8522338867188,1002.7087199800155,989.5308286996458,998.5076091687264,1957722
2015-05-20,1013.4288940429688,1018.5216425571881,997.5162925019974,998.74494602039,1897814
2015-05-21,1012.814453125,1022.5244723390725,1009.9014086569389,1013.4089440972901,1579578
2015-05-22,1037.5458984375,1041.8460912412088,1006.3747740120739,1010.6352953552382,2691632
2015-05-25,1030.847412109375,1045.0755249221525,1024.7835844509284,1038.3776315749951,982978
2015-05-26,1033.9588623046875,1039.6659386361405,1026.0520526084922,1032.432962983759,1961740
2015-05-27,1036.4951171875,1043.5893381520082,1027.2805061657587,1033.6217438581398,1620690
2015-05-28,1034.216552734375,1039.56697368165,1023.416628970431,1031.9970801560946,2763608
2015-05-29,1034.533447265625,1049.7128062678173,1029.3613552652414,1037.1888215339827,4423532
2015-06-01,1037.4862060546875,1049.1184556830774,1033.7607666430165,1034.1966687922445,882264
2015-06-02,1030.411376953125,1042.3408681787066,1026.685938789711,1036.7922856104549,3935820
2015-06-03,1034.7713623046875,1040.5974535753662,1026.6863205456468,1032.03674144021,1804684
2015-06-04,1032.6905517578125,1039.4876253860639,1025.8935748891897,1037.2285783378088,4131468
2015-06-05,1030.370361328125,1043.6307124980167,1028.0302533997328,1036.830512378252,2308534
2015-06-08,1031.0103759765625,1036.030543508788,1024.6901701175402,1036.030543508788,1570320
2015-06-09,1024.6907958984375,1036.0311762152803,1020.4307067664788,1034.0311160295366,2578914
2015-06-10,1040.3306884765625,1044.0307976252343,1025.5502720036943,1026.430278431552,2763350
2015-06-11,1028.55078125,1045.2312605956392,1022.7305876494071,1042.2311708694751,1847336
2015-06-12,1002.3496704101562,1035.610615252053,990.7493272560852,1028.7903939692972,2571456
2015-06-15,1001.94970703125,1008.2098534552027,992.429405416027,1002.1497129573718,2525176
2015-06-16,1004.82958984375,1007.7496953651689,997.8093635835181,1000.0294484909933,1267396
2015-06-17,1005.5498657226562,1011.6899893767609,1000.7497232474036,1008.429931675978,1975720
2015-06-18,1012.0503540039062,1018.5505488360918,1003.2300700997821,1006.0301540274928,2165046
2015-06-19,1019.8502807617188,1022.0303259172665,1010.8700338290306,1014.0300885323956,1999610
2015-06-22,1036.6307373046875,1040.0308381216237,1018.8302094983751,1018.8302094983751,1102002
2015-06-23,1029.87060546875,1043.2309629396707,1026.910459018294,1040.030867961328,898318
2015-06-24,1028.150390625,1035.1905399940524,1023.5702748617186,1032.0304857099895,1170246
2015-06-25,1020.0303344726562,1029.2306080777037,1017.6902258181454,1024.8304772231158,1930992
2015-06-26,1037.1505126953125,1038.5705739776497,1020.1099726255067,1020.1099726255067,1290102
2015-06-29,1037.1904296875,1041.6305991854636,1017.3898480209562,1028.830223158607,1372756
2015-06-30,1020.4102783203125,1035.5307468059875,1016.0301677980524,1034.0307022669156,1549952
2015-07-01,1037.2706298828125,1043.2307665945666,1022.7301619979518,1025.5902072829006,1279708
2015-07-02,1031.1302490234375,1041.210525205082,1028.450189933029,1040.0305101196536,1445880
2015-07-03,1041.5908203125,1044.0309316685627,1028.0304576200024,1029.2505132980339,963470
2015-07-06,1053.351318359375,1058.0314378911844,1032.1506884129733,1032.1506884129733,1182338
2015-07-07,1046.5306396484375,1058.790959535668,1041.230484473916,1053.130832884634,1642836
2015-07-08,1038.0709228515625,1048.7111808175728,1032.2307100360974,1039.2108981733732,2667850
2015-07-09,1009.0298461914062,1039.3307424645477,1002.6896195907304,1038.0307040105845,3934122
2015-07-10,989.76904296875,1023.6299961578453,982.0287770877336,1023.6299961578453,8263654
2015-07-13,1003.8497924804688,1007.4699193802265,990.1893287341785,990.1893287341785,2280308
2015-07-14,999.8297119140625,1006.0298961647799,996.0295989862035,1004.4298486162077,1703274
2015-07-15,1018.3303833007812,1020.0104138955766,1000.0298372785832,1000.4298492134947,2003660
2015-07-16,1016.1096801757812,1023.5699568247621,1010.669579761708,1017.509721097353,1456608
2015-07-17,1025.7900390625,1028.07018404571,1017.3498501737762,1018.7498912256564,1070526
2015-07-20,1033.90771484375,1035.811854514362,1022.9839662070812,1027.83455062088,853786
2015-07-21,1026.79248046875,1042.4065076353274,1024.2670676756802,1032.6452449956128,1274500
2015-07-22,1013.4234619140625,1029.8391342624207,1010.6173607307861,1026.6321614815333,1320628
2015-07-23,997.6083984375,1017.3513107958653,995.3634799151521,1009.1935403489309,1496780
2015-07-24,1004.2437133789062,1008.7936463816626,999.0124159200262,1001.1770839810063,1574972
2015-07-27,1000.9962768554688,1004.1831859556545,994.622360786071,997.3683699232209,2003738
2015-07-28,1003.0007934570312,1009.7955474158543,999.0321059466356,1001.9785513163667,1891188
2015-07-29,1004.8845825195312,1008.2118353774317,995.5643206092574,1006.5882863095813,2413318
2015-07-30,994.4224243164062,1008.9139961711935,991.2756399369736,1008.6133423717465,2770574
2015-07-31,1006.4883422851562,1009.7955328950745,996.9676420444821,998.1301305052009,1963776
2015-08-03,1006.0271606445312,1012.2005426282007,1002.5395002816466,1003.5416790367241,1179324
2015-08-04,1005.7462158203125,1011.3985417051447,996.5662999124017,1006.3475229200184,2342692
2015-08-05,1021.0802612304688,1022.2227846668391,1006.5887891366403,1010.1966342589939,988994
2015-08-06,1031.563232421875,1035.4516685915128,1022.2630279494942,1028.2359775211887,2211366
2015-08-07,1023.0445556640625,1031.442797500133,1021.0201341752193,1031.442797500133,1188506
2015-08-10,1031.0821533203125,1037.856845998632,1024.8686418823138,1031.0420270021173,1431182
2015-08-11,1043.9498291015625,1046.274904017633,1019.0557607963633,1033.4470124741217,2200306
2015-08-12,1071.0086669921875,1078.905818180571,1043.067935189102,1043.5089331102438,3479784
2015-08-13,1056.537109375,1075.9392534869887,1024.627694453332,1070.3270517176825,1406426
2015-08-14,1083.63671875,1090.1108575705757,1057.1391493258532,1057.4998948276996,2293964
2015-08-17,1076.240234375,1081.0707576546392,1064.3143019892448,1078.3849369936765,773644
2015-08-18,1098.7486572265625,1102.356500733209,1078.34433698658,1085.1190262014532,1916926
2015-08-19,1095.8226318359375,1103.5394100438868,1091.1323558766517,1102.3968868498985,1690070
2015-08-20,1077.082275390625,1100.3929279591412,1071.1292908950184,1100.3929279591412,2349298
2015-08-21,1072.792724609375,1094.3395777573446,1064.3544539043517,1087.1640137170882,3536080
2015-08-24,1033.7076416015625,1060.30551473895,1029.8793956375414,1057.900284837841,4692344
2015-08-25,1029.0977783203125,1051.0856309140254,1016.410227758395,1037.415866360536,3925800
2015-08-26,1032.945556640625,1057.899805559177,1006.9690659034145,1025.4492797521473,3216158
2015-08-27,1032.10400390625,1048.2390854640998,1020.5389172129175,1048.2390854640998,5264798
2015-08-28,1030.5811767578125,1045.8743948596618,1025.3096545283524,1045.8743948596618,2744152
2015-08-31,1027.854736328125,1038.2573336688772,1014.6259749338883,1038.2573336688772,3692044
2015-09-01,1017.1718139648438,1046.756165043229,1014.2054025280015,1024.6280667437043,2987602
2015-09-02,1038.9786376953125,1050.463565524013,1021.4204487127134,1026.110625076879,3765950
2015-09-03,1044.51123046875,1048.2793849035722,1032.7456081674293,1040.7029497205344,2265074
2015-09-04,1021.2005004882812,1048.2392746408186,1017.8732461045555,1046.8362238173609,2426396
2015-09-07,1018.1137084960938,1026.2112957385536,1015.287543969081,1023.4252575216173,1759184
2015-09-08,1018.333984375,1027.8747465234103,1011.5993229838264,1020.2180610239105,1787746
2015-09-09,1022.1224365234375,1031.8435735312592,1019.8174246556034,1027.413922454916,2045076
2015-09-10,1020.37841796875,1033.6473056001184,1013.0024204969941,1019.0154938280011,2665818
2015-09-11,1023.0243530273438,1029.598608311406,1018.4544558017209,1020.8195591630607,1592672
2015-09-14,1022.8838500976562,1028.235524430903,1019.4163503422169,1028.235524430903,1589318
2015-09-15,1017.111572265625,1025.7904041553672,1016.6104827138141,1022.8840847548645,1379900
2015-09-16,1022.3631591796875,1028.2358903218137,1018.6350328690352,1024.227173400481,1756816
2015-09-18,1022.7232055664062,1036.6534873472715,1017.8125306940149,1028.2351875660293,2455294
2015-09-21,1022.6434326171875,1025.0687251762015,1015.4878359842932,1022.2224978971875,1108840
2015-09-22,1012.9219360351562,1031.2016142896298,998.1698480246861,1025.2286692060782,2081246
2015-09-23,1015.26708984375,1025.3290028932686,1007.2296951615335,1015.9285864909798,1228352
2015-09-24,1034.4090576171875,1038.2574641996769,1014.1650414233328,1016.4099615746258,2354254
2015-09-28,1039.740966796875,1049.883040947232,1034.0486079127093,1039.8612478874074,2366812
2015-09-29,1037.556396484375,1055.8962806297086,1030.180394795417,1035.5921638874827,3325952
2015-09-30,1037.4757080078125,1059.7841721972088,1030.620764869849,1059.7841721972088,3368336
2015-10-01,1060.1451416015625,1062.2897460799093,1039.1394096711083,1041.8653563025778,2834408
2015-10-05,1087.0235595703125,1110.4144592586351,1063.3921956158574,1063.3921956158574,4807306
2015-10-06,1082.3533935546875,1092.7760558629918,1075.9394475188078,1092.3751842357494,3979590
2015-10-07,1063.89306640625,1089.1680380594262,1061.086965461673,1079.9279289466906,2065530
2015-10-08,1055.8153076171875,1073.6741513546822,1050.2832617031168,1070.326835399741,2357550
2015-10-09,1054.1517333984375,1062.5500698781432,1045.4729043028876,1062.5099435792959,2249724
2015-10-12,1039.2994384765625,1066.4584812539044,1037.0545190403502,1064.3137796877193,2455912
2015-10-13,1041.6854248046875,1047.0771308856981,1029.2784622954612,1043.3891299372542,6179712
2015-10-14,995.6448974609375,1021.4209641279298,994.1616919298532,1021.4209641279298,8337128
2015-10-15,989.250732421875,1003.5818898260213,988.1483356984792,998.1701240929871,3215710
2015-10-16,990.9545288085938,998.9719602714464,990.1527856623085,994.5222466619485,2333828
2015-10-19,997.66943359375,1000.1548185355696,984.4807939406796,998.1705232138372,3130642
2015-10-20,1012.902587890625,1014.2054209412412,1000.4154733377311,1000.6760008002266,2695084
2015-10-21,1014.2050170898438,1019.015475668926,1011.0982625908531,1016.209374831128,1929688
2015-10-23,1019.2871704101562,1023.6461423922597,1015.33004146416,1023.6461423922597,2335398
2015-10-26,1019.04638671875,1024.0480927810395,1010.4289753465237,1024.0480927810395,1414630
2015-10-27,1016.8565673828125,1022.4005686011279,1012.5378096578662,1016.4347156164836,1530420
2015-10-28,1016.0535888671875,1017.8413349760335,1008.4003249659884,1008.4003249659884,1255342
2015-10-29,1002.4940795898438,1018.5838828305428,1000.3648122069933,1017.8407136859549,3130316
2015-10-30,1002.4342041015625,1009.1433266525032,998.3364243103873,1004.3625999098464,1516696
2015-11-02,1011.3328247070312,1013.5223153616284,999.3608039754633,1004.3625096571004,1319294
2015-11-03,1021.818115234375,1023.5657449001943,1011.7945989195017,1015.6111757270202,1364906
2015-11-04,1017.9412841796875,1023.3246268021601,1012.3971847420303,1022.4408076065346,991434
2015-11-05,997.3922119140625,1018.4034955971351,996.3276268682637,1016.7362930350853,1596098
2015-11-06,1006.6726684570312,1011.6944816290209,997.7137341417441,1001.1486739678427,908024
2015-11-09,992.8525390625,1005.4672927543677,991.7477403190879,1002.3537690229338,2021556
2015-11-10,987.5494995117188,995.122432508371,984.2753167725107,993.4953455315356,1361920
2015-11-13,963.143310546875,979.4743017264861,958.7844366586381,979.4743017264861,2743232
2015-11-16,953.9833374023438,960.1701687126183,946.5108441367902,960.1701687126183,2043528
2015-11-17,960.3914184570312,963.5651643576057,954.1442648120197,956.3538620568477,1985028
2015-11-18,944.6831665039062,959.7284956383121,942.4936760885254,959.7284956383121,1520352
2015-11-19,949.1422729492188,956.795531619226,944.9038453529785,950.2671780958477,1866906
2015-11-20,963.5249633789062,973.6489156966929,948.9013895134317,950.729348506898,2012126
2015-11-23,960.592529296875,969.5714723886397,957.0571532114235,966.3173963063252,1088082
2015-11-24,951.31201171875,961.1547637902518,950.3277561280541,956.1731652400329,998640
2015-11-26,942.31298828125,957.1172324291775,939.2195714505094,955.3093799600374,2915292
2015-11-27,945.4465942382812,947.8971797833065,937.0701721163583,943.2972193479998,1737206
2015-11-30,953.5618896484375,960.6727567205143,944.1609975498244,950.1269501909111,4100048
2015-12-01,948.8814086914062,955.3696488287039,946.9330044295293,949.2831536627955,1721994
2015-12-02,950.2071533203125,955.3897221184641,942.6945422358026,955.349508389831,1640296
2015-12-03,944.4021606445312,953.3409878589696,942.8956167319856,948.1183022954775,2283358
2015-12-04,935.4229736328125,943.0160126158127,932.4903137401341,940.0832546408635,1246092
2015-12-07,931.9678955078125,941.6498893392851,930.139936484815,936.9494933389036,1382604
2015-12-08,935.6640625,943.6989621350365,930.9636658299579,931.8072714422741,1139964
2015-12-09,951.1914672851562,953.2605127915704,932.0483581280637,939.2395540720916,5282806
2015-12-10,957.9808959960938,960.6524605575853,944.9040788597085,951.733742695004,1723988
2015-12-11,958.5634155273438,960.9537782756813,949.4237182502075,957.3581807215675,1652378
2015-12-14,955.5303344726562,958.9652736911462,936.3068959000996,938.1548639711305,2718532
2015-12-15,954.4857788085938,958.1617058686436,949.3434238315043,955.5302568293652,1135868
2015-12-16,967.5624389648438,970.0131222423431,957.7599020193605,957.7599020193605,1435934
2015-12-17,980.1573486328125,982.2665098502823,961.5164201532258,970.2141600361684,1618844
2015-12-18,970.937255859375,977.9275790522488,964.4490157929826,972.222820137318,3024970
2015-12-21,982.8287353515625,984.2750562998443,966.9398021942413,972.2026018091848,1610104
2015-12-22,966.2164916992188,980.2574548894868,964.1876605470362,980.2574548894868,1560858
2015-12-23,974.552978515625,978.2490126636498,968.4263676560272,970.2141131756526,849834
2015-12-24,977.9474487304688,979.5343213487886,965.7946664262286,972.6243292087767,843160
2015-12-28,989.3773803710938,990.8638172373425,972.3032180697697,975.4368486497617,3704198
2015-12-29,986.6051635742188,990.42174019593,982.567607636905,987.6296327049181,1708524
2015-12-30,971.5402221679688,987.8912285796464,969.12975150043,985.500864784131,1605762
2015-12-31,978.9922485351562,983.672538103108,967.2009946837788,970.515390615717,1240318
2016-01-01,970.776611328125,979.8560878655719,969.1094087551152,979.8560878655719,712262
2016-01-04,951.9749145507812,969.8123518810553,950.5487002992086,968.2655945227373,1870184
2016-01-05,943.6788330078125,958.8045900633099,940.4849800946837,958.1617588747631,2678020
2016-01-06,956.7958374023438,958.6236985072698,944.1809867900853,944.1809867900853,2653228
2016-01-07,952.6376342773438,957.317923326711,948.1180039618476,952.1354531311775,3199580
2016-01-08,963.2237548828125,967.1407682409983,953.1399171585763,958.1617291562505,1907544
2016-01-11,949.0621337890625,957.7598719164762,943.6385774673878,957.1572545474012,2930228
2016-01-12,934.8809204101562,950.1271267815877,924.6565276052238,949.2030934688926,3482594
2016-01-13,915.6572875976562,934.8607203787478,905.9752908556538,930.8432699258955,4746092
2016-01-14,915.4965209960938,923.5715366059752,903.926245438032,913.1663803913985,2742052
2016-01-15,908.3855590820312,920.6788958840737,905.9348756179637,919.5339816090373,3269408
2016-01-18,915.0343627929688,920.759228434691,907.9436035292854,908.7470934439131,2213922
2016-01-19,915.6973876953125,924.0134894842156,911.2781927456053,914.7733545893734,967910
2016-01-20,916.0187377929688,917.9872488968648,901.113960295697,913.4877248863402,1615954
2016-01-21,907.9238891601562,922.1800067080947,904.4001215708232,920.2067361858315,2675536
2016-01-22,924.535888671875,927.0730208691904,910.1387818353207,915.3740934122495,1343178
2016-01-25,928.1201171875,941.9534619526632,922.8244369664505,927.0126473198771,1397560
2016-01-27,934.2013549804688,938.3090425353778,918.9585001398127,927.0531389869766,1626986
2016-01-28,938.812255859375,945.9403149861417,929.4894124750764,932.4896293643202,3106660
2016-01-29,963.0158081054688,966.5194213439527,940.36300916772,949.8872133044375,2235744
2016-02-01,967.606689453125,971.7345326164202,950.0080021671583,962.9352381331545,1495274
2016-02-02,965.7540283203125,979.8087882985982,958.3439891787702,970.1435967987353,1475588
2016-02-03,973.083984375,978.5608702660213,950.5318583874066,961.4857284889158,1308692
2016-02-04,974.59375,982.6279217454685,967.3247000133669,975.338716276882,1250046
2016-02-05,975.3591918945312,982.6080887784684,969.781627450509,969.781627450509,1402996
2016-02-08,951.5986938476562,971.3721083350464,945.1753869576551,966.5193560708872,1063658
2016-02-09,918.7572021484375,939.7790779483113,908.3671971579438,939.7790779483113,2489610
2016-02-10,913.6828002929688,922.1800555957819,909.3737553620298,916.1796217961789,1890732
2016-02-11,885.1505126953125,921.8178614482623,874.5590514603946,918.1934137623582,1962408
2016-02-12,896.6885986328125,903.454157180302,871.478506393642,885.9763004001906,2172568
2016-02-15,913.8238525390625,929.0063390228157,902.0847091561642,906.1118730363256,2479712
2016-02-16,912.3743286132812,918.9989949559754,903.2930524479635,912.5555313629449,1588702
2016-02-17,916.4014892578125,918.0525678044664,904.6622450851248,912.1528108062814,1585178
2016-02-18,932.6307373046875,934.2012918073078,917.3878834947935,920.2068980621613,1529140
2016-02-19,934.1611938476562,937.1211991460946,928.442639799524,929.2078600625197,879012
2016-02-22,932.6510009765625,943.5646562602323,928.2614309346288,934.402856887667,1324884
2016-02-23,911.75,934.2618091704567,908.8303058745582,930.3756349381625,1306852
2016-02-24,890.3859252929688,911.1258226969254,886.4594398621225,911.1258226969254,1659328
2016-02-25,891.1510009765625,897.2521149438527,880.197036537143,893.949860217012,1830556
2016-02-26,890.2044067382812,908.890404267633,885.8148382698699,897.936540256654,1537536
2016-02-29,876.6329956054688,900.8765009101999,851.7451047943999,900.8765009101999,2191718
2016-03-01,916.8441772460938,920.2472092014604,870.6727851152764,883.1569924874195,1999760
2016-03-02,933.8389892578125,938.3292379140473,908.6289025938065,928.2613276359996,1527486
2016-03-03,955.706298828125,962.8948252452413,926.6503525258471,940.745425250056,2648284
2016-03-04,949.4240112304688,958.4649742013819,946.2022802247498,958.4649742013819,1512966
2016-03-08,948.1153564453125,953.2298356885823,927.9392230034666,943.2022354267341,1268152
2016-03-09,949.3031005859375,954.1960648310275,924.2943763302295,942.7589600049548,2017784
2016-03-10,945.6989135742188,950.350307519357,932.2682827070735,948.8199655811195,1661666
2016-03-11,952.5252075195312,962.8347893111135,940.3430333191441,942.3566158316048,1530528
2016-03-14,948.39697265625,965.7137751293791,942.3562276074841,951.2159870123409,1636742
2016-03-15,938.2888793945312,951.8201894502618,934.3423374210885,946.0009572683447,1623356
2016-03-16,937.1414184570312,939.1348453989399,929.0266222720528,932.2886651365977,1918246
2016-03-17,947.2092895507812,951.1357751192842,939.1348046921751,939.9402376293039,2221088
2016-03-18,976.9297485351562,978.6009824902312,950.4108307312533,950.4108307312533,3204070
2016-03-21,985.1449584960938,988.6485713877177,974.5736533717105,976.9899516858553,2336982
2016-03-22,995.9581909179688,1000.7504778220102,981.2187280536531,983.4336687490337,1951984
2016-03-23,996.2398681640625,1001.9181105160235,989.5950474428026,1001.9181105160235,2278434
2016-03-28,996.0786743164062,1013.6975162837116,991.3065441123489,1003.1665220698831,3320882
2016-03-29,994.4675903320312,1001.5352810498247,988.6685149488931,997.9309898343613,1838796
2016-03-30,1002.5628051757812,1008.804911414072,990.6826674964539,995.0722383620463,2136504
2016-03-31,1014.9659423828125,1026.926597204012,995.5750929380777,998.0518572523935,4363964
2016-04-01,988.2255249023438,1015.1874608157923,980.2518205301401,1008.8043679026948,3041400
2016-04-04,995.2133178710938,1001.9588203796787,985.4474411049332,989.0718902140237,1752352
2016-04-05,991.78955078125,1000.7096773451952,983.4533431783882,995.0314366044205,1491794
2016-04-06,999.5017700195312,1002.3610957191826,990.4205940714332,994.7094843014788,1763150
2016-04-07,995.0317993164062,1000.629518502944,989.4742927821902,998.7367708994025,2390942
2016-04-08,979.4263916015625,996.1994895000834,977.3926542187626,993.0985930380999,1399500
2016-04-11,1009.4688720703125,1013.6370255077364,971.7545262416241,979.8088530235688,2400648
2016-04-12,1014.1002807617188,1016.8589274769054,1001.9987313892744,1005.9855844900236,1303628
2016-04-13,1017.3422241210938,1024.9133126564718,1011.8250287030984,1018.8725662164533,1601468
2016-04-18,1014.744873046875,1028.33655454914,982.6282330526342,987.8635474090621,7121504
2016-04-20,986.7960815429688,1020.8456714528563,982.6279278491174,1020.8456714528563,6405024
2016-04-21,976.3458251953125,993.6626343746943,971.4327036501699,987.058123224759,2525724
2016-04-22,973.3858032226562,980.7755909980416,968.2108575757165,974.1710806266557,1964126
2016-04-25,987.1586303710938,989.4944052848143,967.4456811592386,967.4456811592386,2267654
2016-04-26,1002.683349609375,1004.173380680807,983.4334853108204,986.2525002154788,2554368
2016-04-27,1011.2612915039062,1012.6707990434771,997.0855941646672,998.7367708959418,1848670
2016-04-28,1017.9666137695312,1022.8998908019422,1006.026109096417,1007.3147822083394,4992744
2016-04-29,1021.0873413085938,1023.7049976755849,1010.8180740227058,1013.6370885717731,2372178
2016-05-02,1017.5437622070312,1018.872746322648,1006.7912513069645,1018.4700298221253,1116692
2016-05-03,997.9715576171875,1018.8724996054303,995.5149482310766,1016.8589175903999,2153118
2016-05-04,997.9310913085938,1004.3947082345853,989.4740481619108,996.2799149855214,1364892
2016-05-05,994.8302612304688,1002.7435985155729,992.1119257527639,997.9311575930026,1246566
2016-05-06,996.0786743164062,1000.4683419353476,979.0035388004359,992.695895986456,885598
2016-05-09,1011.8453979492188,1014.0401832888706,989.2328066733202,996.0789874183205,1821276
2016-05-10,1016.0131225585938,1020.4631582511944,1005.1800911920284,1012.8317024631215,1158534
2016-05-11,1014.1607666015625,1017.1006160921763,1002.7638724039276,1006.7910365501282,1598716
2016-05-12,1033.4505615234375,1034.940592187041,1015.0666015404694,1015.0666015404694,1513082
2016-05-13,1016.21435546875,1033.370110584078,1010.8783640559523,1032.9673942510367,1621730
2016-05-16,1027.3900146484375,1032.8871530892839,1015.8522278795848,1022.0943327486169,1111526
2016-05-17,1035.0615234375,1043.5387221077974,1027.7321056706605,1032.6452253834154,1756698
2016-05-18,1027.3697509765625,1033.309817319246,1017.2816864391712,1033.309817319246,1500740
2016-05-19,1029.725830078125,1030.9541349418478,1017.3020863108267,1028.9405526470393,1038792
2016-05-20,1018.5905151367188,1033.2896623651054,1015.9728587809786,1023.825827848199,1230918
2016-05-23,1003.3479614257812,1025.2758542507354,998.8174009942016,1024.5107322611834,1533016
2016-05-24,993.7833862304688,1002.0592291269754,990.5214419041718,1000.3476841761908,1339158
2016-05-25,1017.44287109375,1020.0605278017492,999.1394296224738,999.1394296224738,1548678
2016-05-26,1026.4031982421875,1032.92718380845,1008.8448234045561,1018.8724217453464,1943248
2016-05-27,1036.0487060546875,1038.9483439067174,1027.1688846711286,1028.1957332309617,1104676
2016-05-30,1061.721435546875,1063.9565311421652,1039.8137035830443,1040.2164199670813,1349464
2016-05-31,1034.7398681640625,1065.990711890297,1031.7598050105557,1063.1716960296123,3722608
2016-06-01,1060.573486328125,1065.1845681027228,1035.3835631728166,1035.464086765503,1911942
2016-06-02,1067.2584228515625,1068.9297542685513,1047.0622423886325,1047.0622423886325,1408756
2016-06-03,1058.963134765625,1070.4203989049115,1055.3185309745375,1067.7624308213847,1554922
2016-06-06,1063.011474609375,1073.7941747345992,1059.2273373390499,1066.2666293641598,1322026
2016-06-07,1070.599853515625,1073.794013374544,1063.2147620112478,1063.6216562944514,1202194
2016-06-08,1063.255615234375,1069.542112775486,1060.1631785854363,1064.9441869709206,938266
2016-06-09,1048.66845703125,1067.0396970839931,1039.696416801527,1067.0396970839931,1562138
2016-06-10,1039.9202880859375,1059.2477706973361,1038.8826875725943,1044.090955386292,1396832
2016-06-13,1036.3597412109375,1038.9435596497658,1024.559806976498,1033.5114812233141,1029978
2016-06-14,1031.4163818359375,1041.2224779592723,1024.6618945869425,1041.2224779592723,977570
2016-06-15,1040.3682861328125,1043.6437075249837,1026.1879724713158,1029.4431286092106,1270844
2016-06-16,1040.9580078125,1043.5620923478523,1023.9294367099963,1035.7701039910976,1145070
2016-06-17,1058.9832763671875,1061.9942548251684,1041.242642949274,1041.242642949274,1878988
2016-06-20,1082.0540771484375,1085.5940378387206,1054.5887107488447,1058.9831892406662,1872838
2016-06-21,1078.758056640625,1084.3732173714457,1074.7704729715251,1083.7628759733004,1027690
2016-06-22,1085.45166015625,1089.5409681930937,1070.8441929004327,1078.2700146997802,1761712
2016-06-23,1076.378173828125,1082.1356900291398,1068.219920989719,1080.3046651729146,1397014
2016-06-24,1047.32568359375,1055.1583997660287,1022.9933817984718,1043.7449934756773,3766586
2016-06-27,1015.547119140625,1036.3597216355822,1010.1760352224476,1036.3597216355822,4272566
2016-06-28,1002.5673217773438,1018.4158369678299,1000.3090382490195,1015.5473112490998,4499524
2016-06-29,1018.4161376953125,1022.3223643755808,1003.1169650997825,1007.0638216237064,2531264
2016-06-30,1038.8419189453125,1042.8294037745197,1017.3782437550328,1026.1874659693935,5121812
2016-07-01,1017.5820922851562,1043.5216151873785,1014.9372781853219,1042.4636498116558,2197296
2016-07-04,1014.8760986328125,1027.754367341834,1009.9120063021211,1023.7464173473556,1883484
2016-07-05,1011.2543334960938,1016.0353410948269,1007.9380856431078,1014.8756527074513,1559748
2016-07-07,988.6717529296875,1013.9195631657035,986.7186404950494,1012.2308922803766,3316800
2016-07-08,987.3699951171875,993.6564937569383,977.9706947000782,990.7878683564345,2456356
2016-07-11,1002.6487426757812,1005.7615442738287,987.5326562558516,988.7533393909022,1543632
2016-07-12,1002.9740600585938,1007.0633675401268,991.1334958257172,1005.7205965155214,1465536
2016-07-13,1014.4285888671875,1016.9309499886307,997.400016468793,1008.2844429616192,2102300
2016-07-14,1026.1470947265625,1029.0360851164921,1005.4362065333539,1011.5396234083036,2699988
2016-07-15,994.9989013671875,1028.5473126611053,987.3492695424591,1024.1528348605661,8336366
2016-07-18,990.1569213867188,1004.6220337206923,988.9973322272723,995.6703590581345,2598850
2016-07-19,1003.4830932617188,1006.1686364224734,987.7362975923013,987.7362975923013,2362896
2016-07-20,1015.1810913085938,1018.2531636782896,996.1384148732145,996.8912091955283,2815252
2016-07-21,1019.6976318359375,1025.1703411158992,1002.7707867060655,1012.9635103028501,2527148
2016-07-22,1023.3800659179688,1027.0013860617266,1013.9807662701359,1016.7882976769195,1517216
2016-07-25,1043.919921875,1045.6537032121212,1022.2374962859641,1024.7667573760484,1688796
2016-07-26,1041.3299560546875,1047.6123265856563,1033.3341211999482,1043.9203707022662,2311290
2016-07-27,1051.50830078125,1052.6708949388503,1038.2295492981625,1042.309036721731,1750510
2016-07-28,1068.519287109375,1072.7211772806147,1051.3038774530908,1052.7112800938216,4632080
2016-07-29,1068.5399169921875,1074.9038561629343,1060.2585394923294,1066.377769231608,2488084
2016-08-01,1104.8272705078125,1111.6604124928604,1073.7211763967737,1073.7211763967737,3961704
2016-08-02,1101.1351318359375,1107.8662855125685,1097.3004538225373,1102.6445221349632,2578162
2016-08-03,1083.6341552734375,1101.0535449010383,1080.6765271887646,1095.7502117836934,2294702
2016-08-04,1081.8798828125,1094.5058743460145,1075.4546912007743,1089.2229589401866,1415416
2016-08-05,1080.696533203125,1095.0563021050327,1073.7205732267942,1090.813577467933,1868484
2016-08-08,1080.860107421875,1088.4071585588083,1072.5175762196086,1076.9845946758821,2058244
2016-08-09,1081.145751953125,1085.0620997723906,1052.0386685435183,1084.3277721066706,2261914
2016-08-10,1091.425537109375,1094.1180374429275,1080.2477864089753,1081.4716320884418,2062078
2016-08-11,1105.5001220703125,1107.5807002409963,1087.4076573143561,1087.4076573143561,2233138
2016-08-12,1117.1470947265625,1119.7376088036497,1102.2978019234388,1103.501230665978,2327358
2016-08-16,1098.075439453125,1117.7793805701356,1090.7936152903649,1116.963483212055,3183754
2016-08-17,1070.681640625,1101.053397452707,1068.0095570697247,1101.053397452707,1848566
2016-08-18,1076.392578125,1084.143599938461,1072.9454330799535,1074.9443409720711,1292064
2016-08-19,1062.09375,1079.6151153552732,1060.6659304782024,1076.983867870175,2416244
2016-08-22,1039.7386474609375,1058.402297177518,1034.6801243163789,1055.7710484483175,2265274
2016-08-23,1061.0948486328125,1062.6858085180284,1036.271133613972,1038.2088896880148,1503374
2016-08-24,1049.26416015625,1061.4822001502214,1048.040314422026,1056.505247417075,1116878
2016-08-25,1040.697509765625,1056.4646865563361,1030.47837531669,1052.5076042427,1939690
2016-08-26,1030.0499267578125,1049.4683223904583,1026.888324711535,1044.266977088518,1250314
2016-08-29,1020.095703125,1034.1290925327523,1006.3070230739272,1034.1290925327523,1488728
2016-08-30,1037.882568359375,1040.1875381016876,1020.3816102649326,1023.9511611254296,1444026
2016-08-31,1024.48193359375,1040.2695336557367,1020.218888169322,1040.2695336557367,3231668
2016-09-01,1022.930908203125,1034.1290750953992,1014.5883809349473,1030.029172572871,1345736
2016-09-02,1025.90966796875,1027.786172701251,1018.2606279254361,1024.7673914029067,1742330
2016-09-06,1013.36474609375,1028.091630887855,1011.7125343340407,1027.9896437372165,2239066
2016-09-07,995.6189575195312,1019.7490769314007,988.4594398005381,1019.7490769314007,3854040
2016-09-08,947.2978515625,962.7590696645535,932.0609256000375,962.7590696645535,7021516
2016-09-09,959.6787719726562,965.4716228241306,946.461275686372,950.3979402799345,2742438
2016-09-12,962.3712768554688,964.3701853895901,948.0726568404651,953.3759892582474,2024454
2016-09-14,949.887939453125,969.9386737814988,942.361307372052,963.5746355033709,2069858
2016-09-15,949.2763671875,955.4568507899957,945.115309667096,954.5797011793732,2818964
2016-09-16,963.4520874023438,969.2857716883498,946.4406524903078,953.2533734746464,4358004
2016-09-19,983.747802734375,990.0914244876054,958.679376821538,964.7986068863563,2802546
2016-09-20,981.7283935546875,985.9710195347645,973.1206374874042,983.5641624185961,1184552
2016-09-21,984.5431518554688,988.8674470318815,979.3622243419533,982.2178646592895,1678020
2016-09-22,970.1019897460938,990.4994243496701,967.2871836095396,989.3775654464735,2857574
2016-09-23,978.3014526367188,980.6471567873332,967.3071595924752,971.733441176273,1800726
2016-09-26,979.5254516601562,986.8685266727695,977.0369252893723,979.5254516601562,1753476
2016-09-27,993.8038940429688,998.6584438618894,979.5256891674924,979.5256891674924,2038792
2016-09-28,988.47998046875,994.3748184474609,985.2775437788101,991.7231522649344,1731328
2016-09-29,994.4969482421875,1002.1255658483145,987.0723049014479,993.3546724366562,3603958
2016-09-30,991.6417236328125,999.3927489621508,988.500538550293,994.1914030174632,2175364
2016-10-03,983.849609375,1002.5948274479541,979.5254140140836,999.4740605262655,1818880
2016-10-04,981.1778564453125,989.2960959993044,978.2610628398088,987.2359349759539,1780718
2016-10-05,973.508056640625,985.358882273835,969.3265840267086,982.3401028595865,1176354
2016-10-06,974.4871215820312,980.0555795809164,967.9599446295196,977.0368000791062,2267572
2016-10-07,965.940673828125,974.1812152775236,962.0243275963207,974.1812152775236,1816512
2016-10-10,971.0399780273438,973.7323787673056,960.739276879494,966.7972532420207,1202142
2016-10-13,950.0715942382812,966.7974892948133,946.8080049589579,964.1050878974761,5173334
2016-10-14,965.2881469726562,973.7734994384518,934.6104261472531,944.4011944700528,7741214
2016-10-17,963.758056640625,969.2042097609345,956.3945652057131,966.3893049359591,2728346
2016-10-18,979.1580810546875,985.4812835232725,960.637256888654,969.2857461521303,2128632
2016-10-19,977.0776977539062,983.1560918440052,966.9605529060225,979.4845545715588,1985058
2016-10-20,979.5458374023438,982.8910959288544,973.3654553431533,977.8120556818037,1265854
2016-10-21,990.764404296875,992.0902373495753,978.3628057349651,979.0767158402654,1259660
2016-10-24,993.034912109375,995.9800054170153,982.7475077489516,993.2394338649631,1253190
2016-10-25,981.0699462890625,987.6760559292678,973.9321602157806,983.7492000499591,1772466
2016-10-26,980.170166015625,982.828947895271,970.4553860707649,981.1314578715998,1437130
2016-10-27,989.1074829101562,993.770535826608,967.5917688815975,973.4001628247075,2941602
2016-10-28,981.1724853515625,987.8808577256657,976.7957404905306,985.794696223693,1752102
2016-11-01,961.2520141601562,981.5814516782951,954.7686361615582,981.5814516782951,2934776
2016-11-02,942.4563598632812,958.7976218846125,938.7544975363419,957.5704918224734,2325076
2016-11-03,948.7557373046875,955.1163824367792,934.4596897973541,938.3456022740777,1463310
2016-11-04,953.2960815429688,955.5866645820862,938.3455258380716,948.9806538554168,1183752
2016-11-07,931.4120483398438,959.1655757930811,924.4583123734665,956.3022727481022,2048052
2016-11-08,933.9280395507812,943.6632942015425,924.4382509299895,932.8031699976585,1933634
2016-11-09,887.5631713867188,930.5740599711556,876.5189957299183,891.7149234009316,4500226
2016-11-10,881.672607421875,907.0537712532152,875.6801613477421,901.8589398641822,2172426
2016-11-11,859.4615478515625,878.2367008761374,853.3463686536612,878.2367008761374,2398424
2016-11-15,867.7036743164062,882.5314956853568,839.3160060391835,865.9038236662675,6290324
2016-11-16,895.6414794921875,903.535937317032,874.5347998495195,877.43904797053,4019958
2016-11-17,874.2075805664062,903.4133407836321,871.323804471647,893.759876089377,2504688
2016-11-18,869.2581176757812,879.4432577854215,860.7090512048923,876.1709107797083,2140534
2016-11-21,872.448486328125,875.3527339424506,861.0362172658217,869.7079159657036,1793366
2016-11-22,873.3076782226562,890.6715509620358,868.0105860488825,872.0805479956455,1318860
2016-11-23,882.0408935546875,884.7405204374368,870.1172169308061,879.0343842167653,1275808
2016-11-24,895.1708984375,903.0041385006086,874.1256380739123,881.4474740859343,3026234
2016-11-25,940.9429931640625,943.7653525825192,896.7048910387283,904.8039700563583,4276148
2016-11-28,933.682373046875,948.755560291643,921.1246625474275,938.3454272032925,1924296
2016-11-29,924.3767700195312,937.5274754206465,921.3907332183622,930.5737376012089,1442296
2016-11-30,931.0031127929688,938.6522032683982,917.1979000855677,926.4831639189115,3445832
2016-12-01,925.8493041992188,936.7094269164223,922.0043360169112,931.3918624841457,1123052
2016-12-02,908.8330078125,928.855659836927,902.0223761115244,923.619884980251,1998032
2016-12-05,894.1689453125,915.3778872775682,887.6242503788312,911.7578129467349,2249526
2016-12-06,892.6759033203125,901.5111808357555,887.5832331025339,895.805045382511,1593444
2016-12-07,881.3046875,893.535048129437,877.6641404538162,892.614700260074,2065706
2016-12-08,898.1572265625,899.4866178804224,883.5339220653534,883.7384438065723,3239546
2016-12-09,897.9524536132812,908.0353326889666,888.9739716583892,901.9406264513315,1588718
2016-12-12,903.2498168945312,907.0948856285866,884.7610710733155,897.7686740605349,1311758
2016-12-13,900.0181884765625,907.2582364865232,892.9417178765015,907.2582364865232,2147534
2016-12-14,903.00439453125,909.9989778739684,895.3961461260537,905.6222327652275,1870366
2016-12-15,924.15185546875,929.3876314254397,900.713646599402,900.713646599402,4295410
2016-12-16,933.7030029296875,936.7095122706164,921.1658609752961,931.3919473537964,1987230
2016-12-19,936.2597045898438,939.8593076601921,924.9701629752008,932.619257084601,1334210
2016-12-20,956.875244140625,959.2067715442643,935.5027265230609,937.5274713771657,2922760
2016-12-21,946.36279296875,958.7158829290626,943.0904459665954,958.7158829290626,2034902
2016-12-22,943.9495849609375,951.0260568839099,935.1551504564196,943.254231042708,1868300
2016-12-23,935.932373046875,948.0604715901245,932.1282489274473,940.7999502350497,1118954
2016-12-26,937.9774169921875,941.4542857309671,926.8923014205532,926.8923014205532,897408
2016-12-27,950.371337890625,953.0710641122934,933.2324604172521,933.2324604172521,1294692
2016-12-28,946.2809448242188,961.2110286593099,942.0882500486109,951.7212419205123,1350418
2016-12-29,961.94775390625,965.3018912433688,942.0273518065752,942.0273518065752,1963516
2016-12-30,967.612548828125,972.9505846964294,959.4725259732553,963.2561770869124,1405748
2017-01-02,965.8945922851562,971.5189385678625,962.2335742680397,968.042069956735,823132
2017-01-03,968.717041015625,970.1282207858635,958.5114280639928,965.8537371891247,1475324
2017-01-04,973.3189697265625,977.1435662458413,964.6472678426109,969.3103236123953,1420066
2017-01-05,954.8704223632812,977.5927924822814,949.1438174659523,975.1590053737295,2216404
2017-01-06,933.1914672851562,952.805175988445,923.2517936804652,949.3896240390453,3009896
2017-01-09,942.31298828125,945.4217571684687,923.2106869945862,930.5734660667628,1854578
2017-01-10,947.0787963867188,952.9894542943756,937.3230701123847,942.4361132615903,1533914
2017-01-11,950.7803955078125,952.9075009817678,932.7006980279396,946.9354276693981,1931296
2017-01-12,958.9408569335938,965.3423456785753,942.4359171370497,950.7803618743927,2570374
2017-01-13,920.0614013671875,964.5039298154841,915.3778740955505,960.4339676850427,10235580
2017-01-16,923.8447265625,930.1234810365373,911.348434297144,920.3473865209039,3364808
2017-01-17,932.107421875,935.8092837207604,921.4927681900417,922.3516992034326,3009956
2017-01-18,938.79541015625,939.9815958973398,926.6672151993428,931.8007290923151,3136574
2017-01-19,937.118408203125,938.8158983290846,933.8255889347837,938.754581766116,2251676
2017-01-20,934.8074340820312,940.7998803306642,926.4833604125889,935.4823157896649,2037246
2017-01-23,946.2313842773438,949.0208322991905,926.9925753916656,929.12564735581,2318546
2017-01-24,951.0106811523438,952.9181181695967,939.3811840759262,945.1241258126349,2282638
2017-01-25,965.224365234375,968.0958359341797,950.8875422701398,952.7540182548029,4111648
2017-01-27,967.1934204101562,975.7873022117205,961.9632414913125,961.9632414913125,2871658
2017-01-30,956.9791870117188,964.7937101388179,950.9285875006802,960.3019291756693,2577956
2017-01-31,914.6863403320312,956.6303156889711,902.4825920007945,951.6872648224988,4666804
2017-02-01,889.2945556640625,918.8502173848414,884.2285203352078,910.6665448159503,4864152
2017-02-02,905.6002807617188,910.2562054231701,883.1823390158113,890.1764412008355,6009482
2017-02-03,915.8148193359375,920.101495977101,898.7705651742435,906.441476029322,2153372
2017-02-06,919.178466796875,926.4596975391017,908.595024054436,926.2545924477714,2408910
2017-02-07,920.7578125,924.0394939485981,913.1278630724214,920.5116463317671,1814638
2017-02-08,931.5665283203125,936.3455356732803,920.5319176167206,920.880536083069,2212584
2017-02-09,950.5799560546875,954.9691844240962,931.2590188360087,933.2280474934788,4033202
2017-02-10,983.66357421875,994.5341450178018,947.9958157210906,947.9958157210906,5782160
2017-02-13,990.349609375,996.4002075890545,977.2639488902807,982.8632759915087,3819812
2017-02-14,987.0681762695312,992.5649522357172,983.6839425223213,992.5649522357172,2033328
2017-02-15,990.1242065429688,995.9902316438097,974.290155041962,983.2737171541235,1924972
2017-02-16,1004.0919799804688,1016.5008380723527,999.1079662940607,1009.1170547449507,4175680
2017-02-17,987.7448120117188,1015.5161145592261,985.3246125982205,1014.0393182109913,2723324
2017-02-20,1026.427490234375,1048.0865992826039,987.8267875086675,994.7592967750742,3973948
2017-02-21,1011.311279296875,1036.1494150642477,1007.1270571126225,1031.2679560478564,5501112
2017-02-22,989.2215576171875,1013.2188460769037,984.5656333863674,1011.5369447748518,4505496
2017-02-23,1018.0596313476562,1022.7565178170122,990.6575716547014,990.6575716547014,4853352
2017-02-27,1021.362060546875,1026.3460751688544,1013.2398773322876,1016.952300231901,2139892
2017-02-28,1011.6807861328125,1021.4232772308984,1005.0148711709643,1021.2181721551492,2354828
2017-03-01,1017.1363525390625,1026.304487094527,1013.2188265200979,1017.2798659676274,1130374
2017-03-02,1026.120361328125,1029.6276788296318,1013.2398001465822,1020.0697604266361,1544942
2017-03-03,1023.0847778320312,1025.4024254216793,1015.4342974491427,1022.2438268852559,1013970
2017-03-06,1014.24462890625,1018.9620457848837,1006.8813765037409,1017.3212051314458,1400694
2017-03-07,1025.443359375,1027.5764321384688,1015.2906580993804,1018.5107477075223,1511672
2017-03-08,1030.530517578125,1033.7301786370438,1022.3263098111644,1026.3463916467792,1791510
2017-03-09,1033.6268310546875,1035.3702238642848,1027.186552940788,1031.3296145871705,858468
2017-03-10,1042.8568115234375,1045.8513658138747,1031.2478436064914,1033.5655911715758,1171420
2017-03-14,1053.2147216796875,1061.2753123040325,1046.4667837069005,1048.8254924312075,3402294
2017-03-15,1024.8280029296875,1055.1219613877872,1023.0025878540458,1055.0604699269632,3022496
2017-03-16,1034.0986328125,1036.6009545589868,1027.9865421942307,1027.9865421942307,1571818
2017-03-17,1036.088623046875,1044.3953812837153,1029.525258514063,1044.3953812837153,2593152
2017-03-20,1017.3212280273438,1036.1703654281375,1011.5782856110603,1036.1703654281375,3487540
2017-03-21,1020.0697021484375,1022.2438362762522,1011.1681606825688,1018.1417342045175,3373700
2017-03-22,1016.890869140625,1023.884975239268,1013.1989762010603,1017.3831015027658,1888716
2017-03-23,1009.2606201171875,1019.3927911689163,1003.8662963548518,1018.1416301351295,2620638
2017-03-24,995.6620483398438,1013.1370406541031,994.0622688268173,1013.1370406541031,5099814
2017-03-27,989.4473266601562,1000.9126793300686,986.9655354377644,995.5594173063199,2181270
2017-03-28,996.7898559570312,1002.307160905957,988.6061857767575,988.6061857767575,1153158
2017-03-29,1002.7993774414062,1005.3426593390402,995.0053876638333,999.2715314825145,1717764
2017-03-30,1001.3231811523438,1011.1682267679342,998.8619197484462,1002.922961005284,2986086
2017-03-31,997.549072265625,1001.261494188145,990.657521650438,1000.2563991919377,1867044
2017-04-03,989.3036499023438,998.8615649893205,987.8679145933241,998.8615649893205,1196888
2017-04-05,985.0169067382812,992.6672842989732,982.4530938628562,992.6672842989732,2905568
2017-04-06,984.5250244140625,988.6065959317865,981.4484478707063,984.5044938739783,1720704
2017-04-07,996.4208984375,998.1437608882314,981.2840851263974,982.4121629410249,2277012
2017-04-10,993.6317138671875,1004.6048373457496,986.555587511853,997.6312635462896,2543264
2017-04-11,992.42138671875,1002.1844078344742,986.9655719644666,991.6009664594278,1557784
2017-04-12,981.7352905273438,995.9900910479017,977.5306371363879,993.7339355698277,1050538
2017-04-13,955.23583984375,988.1962659425569,952.1183027470912,984.5043745380393,2500472
2017-04-17,949.574951171875,956.9791638343487,941.4937315625,955.9536385183322,2270882
2017-04-18,947.0933227539062,957.5126216969121,944.3244039244763,955.7897588995061,1730620
2017-04-19,943.1343994140625,963.4603274863522,924.1212236251213,928.5104511443703,5626812
2017-04-20,953.9437866210938,956.6101528275169,939.7710046786963,945.6575609016959,1268842
2017-04-21,947.9133911132812,958.1070506324638,943.8933126463214,955.4202549594214,1161154
2017-04-24,955.0101928710938,959.748039501201,936.3045718793343,943.483248772166,2000020
2017-04-25,948.2007446289062,961.7171487979125,944.5908753441998,954.9692119818706,3148710
2017-04-26,947.7288208007812,961.5118182710547,944.7342674321444,959.8915086174921,2187438
2017-04-27,944.5701293945312,954.8869722176009,934.3148781681821,945.9649036506773,5773186
2017-04-28,932.468994140625,942.970412145136,930.3564523089368,941.0219142842598,2540510
2017-05-02,939.3401489257812,944.3037316233502,935.2791086451948,941.0220505403846,2382696
2017-05-03,958.7840576171875,961.9426552613907,930.5615835652302,941.4321508848152,3514406
2017-05-04,955.8306274414062,963.9937686568337,947.0931319765557,963.9732381213269,2708208
2017-05-05,951.8928833007812,956.8154062913476,944.5090988149316,946.7652551856079,1682474
2017-05-08,960.896728515625,962.9272486917283,950.7440274861476,952.0977409865368,1071782
2017-05-09,965.0398559570312,968.5061115063286,956.835653402975,961.5120087992043,1790270
2017-05-10,956.7949829101562,966.5169468755878,950.0470435846161,966.045245095756,1206388
2017-05-11,963.7681884765625,968.0959254612766,952.8155978242289,962.8862767396455,2071302
2017-05-12,968.3623046875,972.1567476116566,951.7078369151583,961.2452204812818,2314446
2017-05-15,970.1879272460938,975.4590668313039,960.547990098031,974.2900281601629,1817604
2017-05-16,996.4617309570312,998.8614998766809,973.6130505584288,976.299946491376,3601026
2017-05-17,1007.20947265625,1009.4245672764573,993.9391350242227,998.2463413460363,2876198
2017-05-18,1040.374755859375,1055.0602963437143,1001.8355399476814,1005.0146679790437,5138594
2017-05-19,1028.4581298828125,1042.1592062161503,1019.7822270214307,1040.3747523643196,1786044
2017-05-22,1038.385498046875,1047.5741653011407,1029.6274713287767,1029.6274713287767,1663940
2017-05-23,1034.426513671875,1051.8399077498889,1031.267916772801,1039.143928565625,2748596
2017-05-24,1049.78955078125,1054.240372178643,1037.6883480655808,1039.8009910019473,2534548
2017-05-25,1076.6376953125,1081.9498971967212,1053.419758702079,1057.1116503797732,4094094
2017-05-26,1057.624267578125,1077.560519953929,1052.04536975104,1076.8015911539137,1362550
2017-05-29,1055.4091796875,1065.1106092636126,1051.7787799545167,1057.9319319433303,1749290
2017-05-30,1046.4871826171875,1056.6808450367482,1035.7806573470045,1050.1380129933987,927634
2017-05-31,1044.64111328125,1055.2655151428346,1037.011165123843,1039.0622156877746,2502730
2017-06-01,1047.5128173828125,1051.7789634464057,1037.8318165052287,1037.8318165052287,1080064
2017-06-02,1052.14794921875,1063.2031926234463,1047.0613835365698,1048.599671563313,1355648
2017-06-05,1068.1668701171875,1074.7097030215282,1050.1996426569735,1052.1892022608006,1500188
2017-06-06,1105.92626953125,1111.2384695275866,1078.852406849847,1079.2626168904744,5946720
2017-06-07,1072.80224609375,1107.5675612094924,1056.9271310795425,1106.3369305859262,4927776
2017-06-08,1034.3856201171875,1068.576564984128,1031.8832989510358,1065.725625392483,3330714
2017-06-09,1028.39697265625,1044.9694246969043,1019.782558445727,1033.7297052627641,3148034
2017-06-12,1020.27490234375,1030.8172856208844,1013.3833501911338,1024.294982778525,1626506
2017-06-13,1016.8936157226562,1029.1508633411486,1015.006272812093,1022.4726042018019,1175414
2017-06-14,1024.6302490234375,1027.036088871459,1018.3253627542131,1018.3253627542131,1489142
2017-06-15,1000.1571655273438,1024.4227575015445,997.585447828255,1024.1324202444748,2997198
2017-06-16,995.3865966796875,1010.028925379363,989.9113061264271,1001.7122398468478,2450426
2017-06-19,1008.6604614257812,1014.7372899036384,997.6475959244484,1002.5214539907124,1644742
2017-06-20,1014.1770629882812,1015.8362483674031,987.3397597347117,1008.3699141613545,1670958
2017-06-21,998.12451171875,1012.9949006184627,994.3498242959737,1012.1031289426305,1657818
2017-06-22,993.3754272460938,1008.3702800432568,989.2896412600443,999.2447571469378,5775882
2017-06-23,979.6245727539062,1001.297683218677,976.4306609391429,995.2623757446146,1424756
2017-06-27,971.8057861328125,989.1649547095732,967.139326633363,975.0204582324333,1974330
2017-06-28,974.7926025390625,978.0902146885377,968.5498945283018,974.7303222985463,1789726
2017-06-29,967.8235473632812,983.9176653937985,963.6134050760343,978.504552975455,2471826
2017-06-30,979.89404296875,985.9707680278159,963.6132888059011,964.1524429607267,1753848
2017-07-03,984.560546875,988.4803516908619,971.9092596133677,977.8407657408037,1475956
2017-07-04,981.7608642578125,987.402034332124,974.7922647366995,984.436280687096,1215134
2017-07-05,977.26025390625,980.9934212598816,972.6974938073668,979.2512967485826,815856
2017-07-06,973.755126953125,979.7073934186863,970.6649146048153,978.5045245911188,1026788
2017-07-07,967.2843017578125,977.4468120557532,964.6088856269802,974.7713959249207,1232090
2017-07-10,1010.0086669921875,1014.1358717073836,986.7800641519766,998.0003291704913,783608
2017-07-11,1026.953125,1043.1301873980549,1006.2962404533652,1006.2962404533652,3537504
2017-07-12,1011.8746337890625,1030.063488816081,1007.9963498351082,1029.7316315813862,2646450
2017-07-13,1014.7575073242188,1025.3763318508322,1006.5446225742868,1014.1768330806169,3131960
2017-07-14,994.4537963867188,1005.8814596146316,985.1416357050515,988.4600075305843,4508432
2017-07-17,993.6238403320312,1004.6782231974555,988.1277890044054,994.5571320669111,2211822
2017-07-18,998.9750366210938,1013.3476926134475,993.9144390896344,993.9144390896344,1908002
2017-07-19,1016.0851440429688,1020.3989854251162,1001.7746704668848,1001.9405484936456,3915576
2017-07-20,1014.052734375,1019.1132301790561,1008.1626457745855,1015.9400782404458,1182504
2017-07-21,1033.34033203125,1036.9905590528379,1009.8421664705564,1009.9872843876583,2148416
2017-07-24,1052.682861328125,1056.5513570801988,1032.4253812098636,1032.4253812098636,2271402
2017-07-25,1069.654296875,1073.1900003645733,1047.5665085714845,1050.6238927987677,2678832
2017-07-26,1063.20703125,1071.110369901702,1059.4633445202464,1064.8708920187794,1459826
2017-07-27,1032.3009033203125,1075.1869596675765,1025.9782520595338,1057.4668000361455,4255304
2017-07-28,1033.3824462890625,1037.0221420694875,1015.7870966626057,1032.0097407125,1382752
2017-07-31,1036.5018310546875,1047.8160611862365,1024.5220161578804,1027.8497368762169,2019662
2017-08-01,1040.599365234375,1048.5443416590888,1036.169376206601,1039.9130632342444,1747460
2017-08-02,1029.014892578125,1043.2408843263163,1024.1064821417028,1039.913162207253,1251024
2017-08-03,1035.5242919921875,1040.74467427828,1025.9570947466239,1031.5934421303496,1882548
2017-08-04,1049.3968505859375,1051.6846588016158,1034.9212437468482,1036.0859664219909,1387890
2017-08-07,1041.3480224609375,1048.232266586023,1032.0927970912792,1046.7763884379867,1885520
2017-08-08,1041.181640625,1051.809571045077,1038.3738757233316,1044.9045085912276,1073958
2017-08-09,1044.9049072265625,1049.4181716711894,1037.1263758792738,1039.9133232748432,992946
2017-08-10,1044.6759033203125,1048.4820462775383,1034.2352365125157,1043.6568087720118,1526172
2017-08-11,1038.2696533203125,1054.4714727986727,1032.8412887412642,1039.8710579383323,1394736
2017-08-14,1027.184326171875,1044.0309151631827,1024.5221897676856,1041.160796178854,786504
2017-08-16,1036.730712890625,1058.1320981160657,1025.4371988910068,1033.2573634988157,1373340
2017-08-17,1033.943603515625,1041.992568770232,1024.147706717076,1040.2038985409886,1752374
2017-08-18,1045.6531982421875,1060.6694789930311,1028.0162152220016,1029.0977652169056,2837356
2017-08-21,1051.8927001953125,1060.2951759829273,1037.5419024034684,1042.200691810602,2304834
2017-08-22,1038.8939208984375,1056.3436409850865,1036.5852936935757,1049.4802150838248,1131326
2017-08-23,1035.5242919921875,1046.9009780340473,1028.7440405899704,1041.9925695711797,1562272
2017-08-24,1038.4986572265625,1047.3794524443367,1034.1517400691152,1038.9561579693507,1623908
2017-08-28,1034.6300048828125,1042.1589121974214,1023.6901025335637,1041.826221363389,2036796
2017-08-29,1027.7877197265625,1038.249204543366,1024.9174987335196,1032.4256913768568,1312602
2017-08-30,1033.486328125,1035.7533180887312,1023.3159995895072,1032.0096313968443,970782
2017-08-31,1038.3946533203125,1041.7430915684656,1026.040406997241,1033.673408198493,1784664
2017-09-01,1021.7973022460938,1039.1014885325076,1013.5196385712836,1031.5932992493554,1702330
2017-09-04,1021.6939697265625,1023.6906235168,1014.1234214278579,1020.4045382035146,1062544
2017-09-05,1033.4029541015625,1035.7531163343028,1013.7277842314841,1023.2741631254559,1165994
2017-09-06,1020.445556640625,1029.4512619318082,1019.114488639728,1026.6642145360186,1228764
2017-09-07,1023.3161010742188,1026.7685312336996,1019.5515954387971,1022.4425334712109,870636
2017-09-08,1027.6839599609375,1029.0982014269764,1020.1757656259769,1020.6749036990475,1021134
2017-09-11,1020.9658813476562,1032.8208909006178,1019.1148563072076,1027.9332992428178,732764
2017-09-12,1035.108154296875,1038.6646755994075,1022.0260744684598,1029.0558428247004,1396460
2017-09-13,1035.4207763671875,1053.078482562481,1029.597262325129,1039.913221796152,1278980
2017-09-14,1034.4842529296875,1038.914341610921,1028.2239586639416,1032.4252462586194,1081510
2017-09-15,1042.42919921875,1046.9839960540805,1033.67311489646,1039.4966254029189,2944072
2017-09-18,1039.5177001953125,1047.7953658339766,1035.441221525191,1041.9718538920854,726600
2017-09-19,1039.1846923828125,1041.9924564871192,1036.3769282785058,1041.9924564871192,782754
2017-09-20,1037.2298583984375,1045.736324899171,1029.2225297372167,1045.736324899171,1334642
2017-09-21,1050.270751953125,1056.9678339468517,1031.5939504872854,1036.1903873919962,2438740
2017-09-22,1041.4102783203125,1051.102184031266,1036.5850424769176,1048.1904282939713,2435396
2017-09-25,1044.384521484375,1054.0557114174674,1036.8971486329485,1038.4778365457153,1599558
2017-09-26,1029.367919921875,1050.8941122957963,1025.7698626877263,1044.0723257689347,1449230
2017-09-27,1037.833251953125,1044.987833619715,1028.9939907891955,1035.7534257969062,2010356
2017-09-28,1030.1171875,1045.7367039255234,1019.9468568120061,1037.7085537874466,4332866
2017-09-29,1013.2703857421875,1033.257533461533,1007.259709048753,1031.1777075085108,1985014
2017-10-03,1018.4697875976562,1020.9032241947714,1009.5681745652076,1014.9549026104785,1923006
2017-10-04,1015.9119262695312,1020.7786992681979,1008.7157073045557,1018.9484928332507,1300778
2017-10-05,1010.6289672851562,1016.3900236701346,1008.465867265765,1015.3709293652244,1684686
2017-10-06,1017.721435546875,1021.1947863379035,1009.9845420899279,1010.7956540941366,1389188
2017-10-09,1020.8202514648438,1026.5813086287606,1015.3918852221311,1015.3918852221311,1773616
2017-10-10,1022.962158203125,1027.4129644015388,1019.6344374485758,1021.1943065522707,1222010
2017-10-11,1040.05859375,1045.9236419419665,1021.9224710133366,1023.2743578682438,1527746
2017-10-12,1059.9622802734375,1062.790863351667,1042.8245379344928,1045.3203286116395,5006356
2017-10-13,1064.2884521484375,1085.2322361001118,1049.4800524826942,1059.9623537424725,4066320
2017-10-16,1075.02001953125,1077.349464400188,1062.8115064172412,1062.8115064172412,1218590
2017-10-17,1079.242431640625,1087.7280803258927,1072.1710238849034,1075.269944031759,1443016
2017-10-18,1075.9354248046875,1087.1872001076038,1073.1900143788685,1079.4294912066528,1514144
2017-10-19,1074.8126220703125,1079.7626697228127,1069.4467107012379,1078.181981383745,86822
2017-10-23,1076.476318359375,1093.5725289852735,1059.650546050376,1074.8540946740002,1886088
2017-10-24,1072.5247802734375,1090.2033037329627,1068.635566044753,1089.8289756224858,1339020
2017-10-25,1067.7279052734375,1090.2929219339364,1065.6841681488934,1075.4859599107326,1105106
2017-10-26,1058.9481201171875,1071.5860939949546,1050.2098452727057,1057.384004357023,3007552
2017-10-27,1077.9053955078125,1081.5966483320624,1055.3821241160806,1058.5937554113996,1409270
2017-10-30,1091.2109375,1092.795929060919,1076.821067441755,1078.614607844098,1137252
2017-10-31,1094.463623046875,1101.1371817239901,1084.9955320398028,1084.9955320398028,1592634
2017-11-01,1085.6424560546875,1095.6527977830776,1075.6321143262974,1094.4640289706465,741882
2017-11-02,1095.360595703125,1115.3187524810094,1087.2689446633774,1087.998865312907,1468422
2017-11-03,1092.837158203125,1099.760915336996,1085.6213513661971,1097.9673757902947,666886
2017-11-06,1111.79443359375,1114.4012933722845,1089.3545642540323,1092.795619161698,1377000
2017-11-07,1130.3555908203125,1154.5263810694514,1112.0032928553358,1113.6508083292756,2696892
2017-11-08,1140.761962890625,1150.772305526594,1133.7755779259385,1135.7567915726406,1402252
2017-11-09,1141.345458984375,1147.018025223107,1134.2131534530672,1147.018025223107,1152432
2017-11-10,1129.8131103515625,1137.008043864646,1123.3898481213448,1135.4230526376994,1356566
2017-11-13,1150.7513427734375,1158.4467727235608,1127.0185313108968,1127.0185313108968,1496996
2017-11-14,1132.253173828125,1149.7503975986904,1129.291740166968,1149.7503975986904,1657252
2017-11-15,1128.374267578125,1149.1039999516286,1126.7267522637094,1128.6662155604745,6670834
2017-11-16,1145.62109375,1152.4406803103,1120.7203871473914,1130.3345072895088,1653482
2017-11-17,1129.2080078125,1146.2256050588053,1127.6647675301363,1146.2256050588053,1325464
2017-11-20,1127.6024169921875,1137.3833347444443,1124.203112493475,1132.4199143419446,1014498
2017-11-21,1114.8809814453125,1126.5805891964335,1111.9821735644916,1126.5805891964335,1527740
2017-11-22,1118.0927734375,1130.2094805219779,1114.6517178290096,1114.9020171509103,1822624
2017-11-23,1118.3431396484375,1123.2440373233537,1113.2336931362906,1118.2388652298223,793470
2017-11-24,1121.1790771484375,1127.3729145986354,1114.9434892115223,1118.6556166329692,2287512
2017-11-27,1120.2613525390625,1124.4531009176471,1110.3969356412422,1121.1580714250265,1856786
2017-11-28,1120.032470703125,1127.1647802527134,1113.6508555468142,1120.324418726121,911716
2017-11-29,1108.7078857421875,1123.2437770612967,1105.308581215164,1116.7787646051327,1447532
2017-11-30,1099.8865966796875,1112.3786519944986,1094.0472290826017,1106.831232411169,4299962
2017-12-01,1096.945556640625,1112.8161369812783,1093.421103109603,1099.0519193949283,1031144
2017-12-04,1097.94677734375,1108.8538375527007,1085.6840482657697,1093.6297769656503,1259104
2017-12-05,1099.281494140625,1106.017578999479,1096.194911099707,1097.383679877368,1167914
2017-12-06,1098.3431396484375,1103.2231612432304,1089.8135140230668,1099.4692828117788,1407518
2017-12-07,1091.6485595703125,1103.6192388544907,1090.7100900855353,1097.9258980456914,1326300
2017-12-08,1085.078857421875,1103.2225938423446,1083.2019191714817,1091.9609643399842,1385548
2017-12-11,1109.9383544921875,1114.7557498321225,1087.9364582647477,1087.9364582647477,1008002
2017-12-12,1089.521484375,1110.3138410257206,1087.5402707217797,1109.8967434145163,1882246
2017-12-13,1096.29931640625,1105.9134366742014,1084.8708826347126,1089.2086570426245,2961458
2017-12-14,1066.8519287109375,1097.800540606633,1055.7154466324212,1097.800540606633,5504150
2017-12-15,1061.763427734375,1077.9676043737877,1058.1138246403032,1069.3337065630437,2718138
2017-12-18,1076.3197021484375,1079.8441543586607,1040.3868064961446,1058.1759675840285,2180664
2017-12-19,1074.1510009765625,1083.535692881869,1069.7297276134484,1074.4429488030871,1801952
2017-12-20,1079.844482421875,1081.4294731854573,1063.8696288389315,1076.9456753504392,1577570
2017-12-21,1082.66015625,1087.7904767942248,1076.1326199262687,1079.0314277096086,1293648
2017-12-22,1103.9527587890625,1111.1059398622072,1080.3658758520776,1086.121841460931,3665664
2017-12-26,1105.0787353515625,1121.8877816873473,1097.633607527754,1120.3236663675862,2175786
2017-12-27,1092.7535400390625,1108.853541921572,1088.832864843432,1105.0787897313785,739284
2017-12-28,1095.6942138671875,1106.768172419725,1086.810017102931,1088.1239352741636,2605088
2017-12-29,1126.663818359375,1129.8754489477444,1092.1907485219344,1094.0885626338415,2609542
2018-01-01,1103.473388671875,1123.9945690612378,1099.0521136305877,1118.7808493571079,1351760
2018-01-02,1097.466796875,1113.4834001525153,1092.8787248965673,1109.4792238755283,1920290
2018-01-03,1100.5743408203125,1113.233291404166,1097.4669846330264,1097.800683018271,1257120
2018-01-04,1108.27001953125,1110.3137569391854,1101.137610187622,1105.3085859837872,913082
2018-01-05,1121.658447265625,1125.9545713862135,1105.3082475174906,1105.3082475174906,1153706
2018-01-08,1132.169189453125,1137.362133765905,1118.592749976361,1126.1630273726407,1242220
2018-01-09,1129.917236328125,1134.9224068101985,1116.3824415156082,1132.4198215691617,2149396
2018-01-10,1170.625732421875,1174.5464076812523,1123.9315918879577,1130.751175860751,3365850
2018-01-11,1163.9105224609375,1177.0073426516333,1160.4485929974026,1172.0439233525296,2520744
2018-01-12,1158.009033203125,1169.9588394406226,1143.0769178452388,1169.9588394406226,3360314
2018-01-15,1145.3917236328125,1171.2100235187934,1140.7827749334278,1158.342522236196,1457214
2018-01-16,1189.08251953125,1193.5870913355745,1147.2476174198746,1149.5207785643709,4267752
2018-01-17,1204.9736328125,1220.010015939135,1193.795401018322,1197.0696566650658,4280806
2018-01-18,1217.17431640625,1223.3473818632342,1196.2569104284378,1208.3318667772894,2209478
2018-01-19,1234.3162841796875,1243.7843742412629,1211.1047541255282,1222.3247346292394,1820000
2018-01-22,1302.9248046875,1310.5758085035457,1221.6488251182511,1237.9541995808152,4367110
2018-01-23,1296.9044189453125,1313.7742512971067,1291.9083053150787,1302.3186191064765,3239610
2018-01-24,1327.2574462890625,1362.564830867791,1288.8143108823854,1291.887287492073,5621538
2018-01-25,1304.8687744140625,1329.431354089967,1288.1243911738127,1327.4245186552596,3833844
2018-01-29,1337.39599609375,1348.3289168699996,1305.2660088273299,1309.1959809655723,3141060
2018-01-30,1318.1640625,1339.4655492629834,1314.338509781436,1329.5150701474995,1574758
2018-01-31,1301.231689453125,1316.9726069261933,1295.4829995022567,1311.537481881736,3043214
2018-02-01,1312.206298828125,1333.6959035933148,1291.3855712040443,1306.1021952431083,2400630
2018-02-02,1318.4981689453125,1333.6956508107314,1297.510251531883,1304.4296020468596,2456490
2018-02-05,1297.406005859375,1332.8597614593743,1286.3894878319832,1300.2490144726019,2757742
2018-02-06,1253.1097412109375,1286.5148111746562,1247.9881816714148,1258.440343996971,2657306
2018-02-07,1235.4666748046875,1267.2203277294852,1232.2891762092638,1265.5479815365068,2180324
2018-02-08,1243.4727783203125,1265.7986574144447,1237.117884290213,1245.793178679879,2755004
2018-02-09,1242.4278564453125,1251.7512074966955,1211.0504385283816,1233.3553981680868,2102458
2018-02-12,1240.5882568359375,1264.022028691505,1235.6757398076784,1245.1872089474991,1974562
2018-02-14,1217.384521484375,1243.5776048372254,1209.3154300930523,1241.717139974543,2847532
2018-02-15,1223.25830078125,1230.428442688515,1214.5830068003509,1225.8085669252728,2465236
2018-02-16,1226.2686767578125,1254.0923548253718,1222.0668868556115,1222.0668868556115,2515756
2018-02-19,1222.317626953125,1234.7347745192824,1210.4439101326434,1231.2646364537782,1568224
2018-02-20,1231.16015625,1248.0090617299618,1224.1153582660297,1224.1572077425928,1889068
2018-02-21,1271.9447021484375,1280.4318793321063,1237.5570842039133,1243.3893710275388,3089228
2018-02-22,1275.247314453125,1287.2882250531252,1263.6663397931377,1275.9998905041045,3463010
2018-02-23,1285.949951171875,1291.4686703003863,1250.956145848421,1275.1633034691415,3362500
2018-02-26,1267.5128173828125,1291.8663559261006,1263.1229091475416,1285.615983186452,1363882
2018-02-27,1271.965576171875,1287.1002879150105,1267.6383398229389,1271.4011185361337,1717800
2018-02-28,1268.9136962890625,1280.9963576341563,1263.227677966713,1268.8927715456582,2706864
2018-03-01,1270.0213623046875,1279.846395222322,1262.621251542807,1274.745760249675,1718124
2018-03-05,1298.513916015625,1301.7749088550945,1268.0353508199084,1274.7456591415425,2858168
2018-03-06,1272.1536865234375,1307.3565511775405,1266.8648307896021,1305.2661185725235,1906764
2018-03-07,1265.736083984375,1291.4693311162068,1261.9942298395179,1283.5256868005033,1917772
2018-03-08,1255.9107666015625,1277.2122507390127,1249.033264937872,1277.2122507390127,1951826
2018-03-09,1268.5162353515625,1280.6824907297016,1244.7270532922535,1256.3498779015285,1872436
2018-03-12,1276.0623779296875,1289.336621264904,1269.1012801275292,1272.2369281594702,2091340
2018-03-13,1206.9322509765625,1229.0489882400598,1200.744549734856,1222.8612869983533,88067154
2018-03-14,1206.9739990234375,1222.0878887818271,1202.0197347366902,1209.503443020592,3668668
2018-03-15,1199.782958984375,1213.5171430592106,1193.887999838798,1210.36056917427,2348906
2018-03-16,1181.38720703125,1200.7446357447213,1172.732835398309,1199.4067791276343,7197482
2018-03-19,1183.6029052734375,1190.7103759161957,1179.0039536810646,1182.7667322566424,3489940
2018-03-20,1197.7552490234375,1201.246210342879,1178.5859405905326,1179.004027124974,4024984
2018-03-21,1194.3682861328125,1205.8865865097173,1191.5462030203958,1200.9531467284514,3907678
2018-03-22,1183.7490234375,1202.3956164844988,1180.069842535386,1195.7062337795207,2326094
2018-03-23,1178.2301025390625,1184.8986620230473,1169.8266274616583,1171.478048264502,3654122
2018-03-26,1177.749755859375,1182.097814945748,1162.9286087745675,1178.585928919978,2964210
2018-03-27,1190.5849609375,1196.9817050990043,1180.2791690625627,1181.0944173610505,2494574
2018-03-28,1191.1910400390625,1201.998616252209,1181.0942924913013,1185.651394242422,6865654
2018-04-02,1216.4854736328125,1218.3041909305362,1187.3657866309961,1187.3657866309961,1662988
2018-04-03,1217.1544189453125,1224.9516919553919,1209.1481026687761,1209.1481026687761,1937290
2018-04-04,1217.008056640625,1226.6658964496153,1209.1062619401116,1224.763582296704,2841820
2018-04-05,1236.6785888671875,1239.1035102886215,1220.9586022024725,1223.5507173473695,1809424
2018-04-06,1233.4805908203125,1237.5360093555103,1223.551036691193,1235.0274904176274,1129018
2018-04-09,1222.443115234375,1238.9993819874496,1218.722186095298,1229.0489025579514,1235866
2018-04-10,1228.1710205078125,1236.38637992098,1223.1957296016174,1223.1957296016174,1184532
2018-04-11,1260.1756591796875,1264.7119395270904,1231.5159049844704,1233.6063379423665,3124416
2018-04-12,1312.4779052734375,1316.9723346695318,1257.58313325839,1258.4402309064417,6114360
2018-04-13,1318.3525390625,1354.9351177520348,1309.489123268678,1316.972832823252,8179118
2018-04-16,1332.7135009765625,1337.8559857657046,1300.5626872997088,1302.757641606009,6270274
2018-04-17,1323.9127197265625,1335.7654104719145,1315.801780579484,1332.71335868131,3301724
2018-04-18,1320.77734375,1335.1385563998392,1315.2376966151494,1323.6621002971171,2433066
2018-04-19,1334.1767578125,1345.067932075683,1323.5574010305297,1329.47328446129,4820952
2018-04-20,1422.5181884765625,1430.8381698822027,1354.600066659802,1358.780931063073,18465662
2018-04-23,1425.1107177734375,1487.510137109943,1417.1253256877603,1431.5283873245842,15185910
2018-04-24,1415.494384765625,1439.5343562546086,1397.4539948161264,1425.6748309118896,8314336
2018-04-25,1450.8648681640625,1456.1954717427936,1406.8821829719732,1415.2229893337228,8196574
2018-04-26,1479.712646484375,1488.3879413673449,1449.5058968316248,1449.5058968316248,12135034
2018-04-27,1443.2137451171875,1481.698629772702,1429.8559011914901,1473.7549858771936,4501330
2018-04-30,1476.7232666015625,1483.7888871401397,1437.2140950504938,1443.2135746725205,3458558
2018-05-02,1463.1983642578125,1476.7652520283486,1451.3038226425822,1476.0545253267253,3158046
2018-05-03,1455.714599609375,1474.1730787542374,1450.9274272678647,1467.4000975021922,3761550
2018-05-04,1455.2542724609375,1462.0481766274218,1450.7598435508019,1459.9577445761959,2347244
2018-05-07,1430.2530517578125,1459.1219462082036,1426.051261842173,1459.1219462082036,3484426
2018-05-08,1438.7193603515625,1457.6587007556852,1420.1145095890133,1436.0017978806284,2992820
2018-05-09,1458.8291015625,1461.1076523492964,1438.3010156002294,1438.3010156002294,2615050
2018-05-10,1442.9210205078125,1467.964360810069,1438.3011443088296,1464.5360719544262,3858678
2018-05-11,1445.3040771484375,1457.031423655655,1439.2627477574154,1444.1543392961985,2627876
2018-05-14,1435.5208740234375,1451.1781925054365,1426.009406469563,1445.3249817030521,2433894
2018-05-15,1455.944580078125,1461.5470011651025,1435.5837852391865,1442.3986165083768,1952890
2018-05-16,1460.7525634765625,1467.065711241705,1452.9552901090726,1454.9202764894567,1648450
2018-05-17,1459.8746337890625,1477.1624513657343,1453.2688458933467,1468.7171234811967,2968048
2018-05-18,1464.1602783203125,1470.7032931407255,1445.7435421649302,1455.2759375826015,1874996
2018-05-21,1487.029052734375,1501.7666008074436,1470.84912675364,1475.3017068320655,3446178
2018-05-22,1467.0235595703125,1494.6381910611985,1460.6686657021332,1487.5516458775933,1857416
2018-05-23,1461.254150390625,1482.1166256750348,1455.359089978786,1473.754895769957,1507298
2018-05-24,1506.6580810546875,1511.3824782336676,1464.2850816701607,1467.4834021023992,2962316
2018-05-25,1499.174560546875,1536.3842582633658,1493.6349145385211,1515.5635305873993,3769772
2018-05-28,1464.1602783203125,1512.0102719026809,1457.4499676075613,1512.0102719026809,3716798
2018-05-29,1473.127685546875,1481.6984582313396,1458.285615776217,1475.8033981415606,3525312
2018-05-30,1469.197998046875,1477.0997930769138,1455.9864221314328,1467.0866405379443,3779106
2018-05-31,1467.9329833984375,1483.1093384486308,1455.3281156456692,1461.9888698352806,5049371
2018-06-01,1460.6822509765625,1481.802723567755,1447.0657677456538,1478.8517650855433,1603856
2018-06-04,1470.630859375,1474.6357305700874,1443.9457496698014,1471.2632074584349,1681483
2018-06-05,1451.533935546875,1477.0808394423527,1442.723260032302,1470.4200856718621,2449568
2018-06-06,1455.0330810546875,1462.747749004807,1446.1380093167973,1452.714471190628,2236512
2018-06-07,1463.2957763671875,1474.6358450419218,1453.388988957672,1454.4007048012093,2414762
2018-06-08,1473.0338134765625,1481.6338094674277,1462.8319512881383,1462.8319512881383,2582138
2018-06-11,1475.22607421875,1486.439756202619,1469.5771384351474,1473.0339544932287,2179378
2018-06-12,1501.615966796875,1504.9884900238192,1478.008304208266,1481.3808274352102,4608875
2018-06-13,1537.9549560546875,1544.32063511235,1515.9492615518932,1531.1256167843371,5370983
2018-06-14,1507.1387939453125,1544.8689045362119,1504.1456378584242,1542.92966215298,3819998
2018-06-15,1551.4031982421875,1557.34720988818,1508.0240476432352,1517.6357613829127,9183574
2018-06-18,1542.0863037109375,1574.9262087040256,1536.3108780511077,1574.9262087040256,4674987
2018-06-19,1538.29248046875,1550.5178797380277,1535.3415220244417,1536.3111432403955,3245034
2018-06-20,1536.5638427734375,1548.2412878872472,1533.3178094450006,1544.6157839071745,3107695
2018-06-21,1533.9500732421875,1544.6156989529402,1532.4745942721179,1544.6156989529402,2910659
2018-06-22,1525.898193359375,1540.4000022393273,1517.2561024874794,1540.4000022393273,2949458
2018-06-25,1533.8658447265625,1536.479529855465,1522.6943606300244,1527.668853378016,2083217
2018-06-26,1561.4781494140625,1569.0663261660748,1535.3410961571317,1537.0273576575787,4679712
2018-06-27,1566.537353515625,1589.42838009985,1560.846219427234,1568.223615467741,4081208
2018-06-28,1553.6370849609375,1577.497727784322,1539.809822169302,1572.4389429811656,4888125
2018-06-29,1557.894775390625,1574.462314490052,1553.2997541719546,1555.4918734421349,3506276
2018-07-02,1560.930419921875,1566.368676149614,1552.288327926743,1561.4784756082565,2650290
2018-07-03,1580.069580078125,1585.001875495379,1565.736354090844,1568.1813514810804,3242233
2018-07-04,1573.4085693359375,1585.0016178825902,1565.8203921054012,1585.0016178825902,2700614
2018-07-05,1585.339111328125,1591.4096127885382,1569.9940668189474,1579.1842144386396,2472571
2018-07-06,1612.8670654296875,1619.6543097180338,1586.477132443144,1587.4888482614567,3713781
2018-07-09,1587.6156005859375,1622.5212429780802,1582.1352493359066,1622.1839700092107,6151747
2018-07-10,1580.9544677734375,1601.0210210335072,1577.2868695510313,1600.2621827651249,5303302
2018-07-11,1669.31494140625,1684.575590586572,1597.0164644829274,1601.9487598170604,22903802
2018-07-12,1662.1058349609375,1678.589082802985,1652.9578866240572,1672.771459863366,6921701
2018-07-13,1670.3265380859375,1684.4911778035557,1664.3403295214525,1665.1834603874715,4148185
2018-07-16,1677.1561279296875,1682.8894598431496,1667.249338774799,1677.8306738917172,2582159
2018-07-17,1691.4759521484375,1697.2630154729293,1673.6077818078015,1680.366419997838,3315492
2018-07-18,1689.8707275390625,1699.5439870401765,1683.787994518159,1693.8836688992976,2013869
2018-07-19,1673.94580078125,1698.4880448057113,1664.3147203524675,1691.4337365406047,1746318
2018-07-20,1686.7867431640625,1689.6591844032705,1676.1419109280444,1676.9022781867482,1934995
2018-07-23,1694.432861328125,1698.0655674887475,1677.831935599413,1690.5043822429132,2086201
2018-07-24,1688.8148193359375,1702.3320965292216,1676.2691170666487,1702.3320965292216,2038423
2018-07-25,1674.0302734375,1691.3492845934268,1662.9630235196846,1691.2648222379062,1535492
2018-07-26,1659.8370361328125,1676.987122007314,1651.7266908284287,1668.4965414227747,3503036
2018-07-27,1642.1376953125,1659.7946563019705,1639.2230741594074,1656.5842622571129,2033977
2018-07-30,1642.85595703125,1651.3887171184385,1631.830990363525,1641.5042500192872,1579251
2018-07-31,1639.138671875,1644.8835555392252,1628.8317899741276,1640.6594067063047,2204803
2018-08-01,1669.8057861328125,1674.072217073089,1647.2488759601536,1647.3755179034617,2425180
2018-08-02,1646.0662841796875,1676.9870320029838,1643.1938424412108,1672.7628833077622,1509287
2018-08-03,1672.2979736328125,1674.4946131786724,1652.909174831925,1652.909174831925,1505131
2018-08-06,1669.0032958984375,1688.7722276744698,1666.2153167358576,1687.124851069341,1532249
2018-08-07,1662.07568359375,1672.0447152687595,1656.288620795629,1671.2420651795182,1353521
2018-08-08,1667.69384765625,1671.326656660954,1657.5558911355433,1666.0041882361322,1315062
2018-08-09,1667.989501953125,1673.438715409622,1660.93519456531,1672.7628103963955,2060297
2018-08-10,1683.83056640625,1686.7030088853296,1666.04695769139,1673.5658618045823,2784105
2018-08-13,1689.786376953125,1693.2501585726998,1681.211333695733,1687.8010475114233,3559575
2018-08-14,1692.65869140625,1710.4422958142939,1674.790521520074,1682.900866516112,3311765
2018-08-16,1696.840576171875,1706.5984011697983,1685.4353743902866,1689.9130133782153,2152065
2018-08-17,1700.430908203125,1708.1611202634826,1693.0386486344864,1701.3602002088867,1213731
2018-08-20,1698.0655517578125,1709.9354512553816,1692.78536570527,1709.9354512553816,1587032
2018-08-21,1704.570556640625,1709.9352042694024,1693.0386113418392,1698.2343342927886,1376866
2018-08-23,1719.3123779296875,1721.7624039388324,1706.8089640569447,1708.9210376633464,3046791
2018-08-24,1725.9871826171875,1728.521671872132,1715.8492255974095,1719.3130069534407,1570533
2018-08-27,1732.6610107421875,1739.5042132681372,1719.2283020887126,1725.9869391485208,1532702
2018-08-28,1748.1214599609375,1750.4870242180853,1733.5904313202273,1736.1249202549059,1987983
2018-08-29,1750.4869384765625,1754.3732371556082,1728.183416318127,1750.9093532783186,1525867
2018-08-30,1759.2734375,1761.470077413591,1744.995896833464,1747.1079712668136,2408020
2018-08-31,1755.8939208984375,1767.3836870263638,1752.1767528167677,1759.1888803981972,2504554
2018-09-03,1734.3507080078125,1765.6939705623167,1730.5489745783723,1761.3008976286335,1439711
2018-09-04,1773.2130126953125,1778.15534904876,1737.7724472749046,1740.1802944742262,4420803
2018-09-05,1756.612548828125,1780.2677857487392,1753.0643045414922,1774.1427690460803,1681106
2018-09-06,1753.2755126953125,1758.5134167640244,1740.6030643400588,1753.022022476748,2238097
2018-09-07,1757.118896484375,1760.6248567624666,1744.9109439640965,1756.6541989607522,1312182
2018-09-10,1757.879638671875,1768.5666533354656,1752.3882448709057,1760.9631849956615,1530539
2018-09-11,1728.7325439453125,1764.849008821873,1725.3109428634568,1764.849008821873,3679745
2018-09-12,1726.7896728515625,1747.8681332106546,1723.4526366937293,1733.88636628642,2307661
2018-09-14,1744.9111328125,1750.106959081706,1704.993033692816,1726.8318602230433,3642038
2018-09-17,1752.303466796875,1755.3872190038198,1735.7449281756637,1748.797505990665,1033857
2018-09-18,1749.4307861328125,1756.2317052441463,1738.3213600819631,1751.3316526153908,1456507
2018-09-19,1755.4718017578125,1764.849495269577,1746.1365972458154,1750.4028228341085,1301268
2018-09-21,1776.8033447265625,1791.8836360476787,1732.0273745660124,1754.7111325181654,4508530
2018-09-24,1857.316162109375,1867.4964031609186,1772.5796860074126,1786.8151516332698,3032226
2018-09-25,1844.4324951171875,1868.6790706639067,1819.5945799244093,1862.7652616887417,2868778
2018-09-26,1809.7520751953125,1857.7807318714338,1803.7961901057743,1847.6427742623125,1970951
2018-09-27,1849.205810546875,1866.82038831601,1804.3875479130807,1809.5408859953259,3311802
2018-09-28,1844.8543701171875,1850.1768378885865,1823.8604781539302,1840.0388826124847,2904371
2018-10-01,1905.5557861328125,1922.7902305504276,1850.4729276186806,1850.937418975923,3772208
2018-10-03,1827.2401123046875,1905.0910914779195,1821.1150966003793,1901.120432893476,3902322
2018-10-04,1744.404296875,1822.0017762197579,1737.2655276072596,1821.9596997431863,4762419
2018-10-05,1776.381103515625,1791.0389814563887,1707.31637799611,1731.9009018799984,3417624
2018-10-08,1755.17626953125,1792.8978392594222,1730.3381485631296,1776.381374690659,2010154
2018-10-09,1767.2147216796875,1780.6051480184624,1734.6042143443358,1757.5414633370524,1867130
2018-10-10,1726.4942626953125,1779.1693832738638,1714.1597674977456,1774.142686912403,2749573
2018-10-11,1672.7205810546875,1700.6422448558085,1639.8145043542595,1676.9870124385395,4700256
2018-10-12,1620.6373291015625,1671.0736357021833,1607.7113896568526,1671.0736357021833,9373289
2018-10-15,1646.99560546875,1652.1068667320449,1622.0731277250577,1638.9697228055272,2638151
2018-10-16,1657.8095703125,1665.919915828028,1634.7456753468489,1654.1767608936073,2815425
2018-10-17,1630.01416015625,1680.3659808884738,1622.0727417324633,1664.3142193817462,2779207
2018-10-19,1616.3282470703125,1629.6765984594845,1579.8739256211568,1629.6765984594845,3428776
2018-10-22,1607.7110595703125,1618.69384662991,1594.1515004491248,1617.0041870822795,1778496
2018-10-23,1560.8511962890625,1606.864389296533,1555.2212239924822,1598.3982966237377,2752811
2018-10-24,1564.9571533203125,1586.5456885703356,1533.2939476177744,1567.962657409147,2735913
2018-10-25,1568.76708984375,1589.001073517384,1545.1044003881768,1561.147605867175,2507233
2018-10-26,1523.1348876953125,1569.529122229355,1516.362012776233,1569.529122229355,2285970
2018-10-29,1584.006103515625,1589.8899971956814,1510.6473822213156,1531.2622993504344,2609483
2018-10-30,1604.1556396484375,1616.516117045193,1561.9944473728663,1580.6198554174207,2404883
2018-10-31,1640.855712890625,1645.7237160019804,1587.7732517384204,1608.5575498391574,2769190
2018-11-01,1638.8238525390625,1646.1046714059037,1609.6582052709366,1645.5120862703845,2769759
2018-11-02,1619.944580078125,1654.7825746537433,1612.7907725827054,1637.5117236639996,1818635
2018-11-05,1600.8111572265625,1631.7123963482243,1595.6468612206074,1617.0237458184695,1713366
2018-11-06,1636.2415771484375,1640.305342690605,1600.9380144660304,1603.4778420934222,1398710
2018-11-07,1644.2421875,1650.041440235453,1639.8821291616584,1642.4219569301072,144530
2018-11-09,1616.3468017578125,1661.0054524876064,1612.7910832276332,1660.201214808078,2570479
2018-11-12,1621.1297607421875,1647.586300768354,1615.7538124780424,1615.7538124780424,2552008
2018-11-13,1638.146484375,1641.5752930867302,1611.097360878828,1621.2566716147956,1418432
2018-11-14,1592.1754150390625,1633.8709129640977,1583.1590075089484,1629.7225077297999,2422318
2018-11-15,1585.5721435546875,1607.710996535285,1572.661352244965,1578.079672217889,1829123
2018-11-16,1597.2132568359375,1608.3885628077712,1583.3712139584097,1599.2451400440775,1829729
2018-11-19,1610.6319580078125,1614.7803645987171,1578.3338931510357,1607.7111970135138,1740628
2018-11-20,1590.143798828125,1610.2507681997038,1586.7149900811562,1610.2507681997038,1190182
2018-11-21,1534.0560302734375,1584.0483500817852,1522.6691766850831,1584.0059782790295,3840461
2018-11-22,1534.5218505859375,1564.1954469128768,1532.3205835534754,1540.8290490362267,3194219
2018-11-26,1562.92529296875,1574.693182041348,1510.7741845982719,1539.982203297426,4333177
2018-11-27,1600.303466796875,1606.780049572119,1553.8245886606192,1569.6138751177918,3344839
2018-11-28,1679.588134765625,1683.9058213306346,1593.7419349697936,1599.2448951702206,5313249
2018-11-29,1659.8197021484375,1690.6785660339015,1644.5807366058184,1690.6785660339015,4035441
2018-11-30,1666.3387451171875,1685.5991065811356,1659.2272063690189,1664.4338742031705,5268901
2018-12-03,1678.3184814453125,1684.7526921632943,1666.3813096725262,1679.673035805013,1610576
2018-12-04,1702.4041748046875,1709.642725167224,1668.666817156414,1678.8261280675642,3270615
2018-12-05,1698.933349609375,1708.4577050014796,1680.5195958513066,1698.2983925832348,2501539
2018-12-06,1687.03857421875,1707.6112247597096,1675.9480113260256,1691.5256455477936,2321216
2018-12-07,1689.1549072265625,1696.5204704632897,1670.3602212903797,1680.561905135847,1680420
2018-12-10,1672.7305908203125,1702.5311949631755,1659.354123385293,1672.0532620846702,2010786
2018-12-11,1693.2186279296875,1701.6847210693359,1660.2008646850586,1667.8203485107422,2942014
2018-12-12,1707.4417724609375,1711.8440997272303,1680.4771820808248,1694.149943704793,2219993
2018-12-13,1678.487548828125,1718.362825507547,1671.6300342844813,1713.5371939183542,3748429
2018-12-14,1684.5408935546875,1692.3296579561097,1672.2650584213577,1678.8262806477926,2473761
2018-12-17,1688.3929443359375,1697.366982119242,1680.519436619477,1692.37196665105,1227921
2018-12-18,1682.93212890625,1694.911670120981,1673.2384946087843,1686.3609376092215,1768742
2018-12-19,1666.508056640625,1680.3502015500144,1659.3966211060208,1680.3502015500144,2498833
2018-12-20,1654.3167724609375,1671.9685538663846,1647.5015269642915,1654.1051201578846,1940277
2018-12-21,1605.0018310546875,1650.8880103106208,1597.1706956211628,1649.1947918385072,3729956
2018-12-24,1624.219970703125,1641.4908213969752,1612.7907449515,1613.4680737417937,1864116
2018-12-26,1599.414306640625,1627.013853505394,1583.371101157988,1627.013853505394,2446614
2018-12-27,1616.1346435546875,1643.861095756289,1584.9371141893848,1616.1770153544053,4968201
2018-12-28,1605.213623046875,1625.4898746764998,1602.6314233138614,1621.256828127863,2239130
2018-12-31,1602.67333984375,1616.1767131596314,1596.8317165968979,1615.3301040904016,1879740
2019-01-01,1610.9278564453125,1617.0234007012434,1595.8581729433738,1605.1708731568365,1094883
2019-01-02,1628.2835693359375,1637.7231795502098,1608.5575329877986,1612.79057912724,2100463
2019-01-03,1608.5152587890625,1646.6126763557002,1602.7160058953127,1624.6432068972827,2611668
2019-01-04,1588.958740234375,1609.5736572682683,1558.6078156610454,1608.5577673851092,4280862
2019-01-07,1606.779541015625,1616.007601503423,1592.4718255817925,1601.6152458229922,1856423
2019-01-08,1603.096923828125,1613.975831594958,1594.4191793558268,1613.1292223781484,1691756
2019-01-09,1597.509521484375,1624.6433933367637,1580.3656816120094,1614.8227452395458,2414376
2019-01-10,1598.8641357421875,1612.790818267621,1584.9373498708858,1600.0916779663012,3053461
2019-01-11,1559.920166015625,1587.3925992618342,1553.528223810915,1583.1595523304693,9209862
2019-01-14,1535.1143798828125,1567.0738823455597,1532.3628995383376,1566.2272730087982,3615370
2019-01-15,1581.296630859375,1582.6088130502606,1530.6693617378921,1532.3625800583986,7711653
2019-01-16,1583.2861328125,1587.3921665474672,1563.6871101936918,1583.1591207700073,2359280
2019-01-17,1607.1693115234375,1610.30843828493,1587.6555633250427,1593.3399615906735,2625816
2019-01-18,1612.5567626953125,1615.5686051317696,1591.6430947086167,1595.8852138309744,1683728
2019-01-21,1619.3870849609375,1639.1554084881943,1608.1454653116266,1613.7026847539055,2409803
2019-01-22,1613.6175537109375,1627.489264773322,1603.5212878517289,1618.029316885483,2457093
2019-01-23,1591.3035888671875,1617.1805136337744,1586.5524365087604,1612.8535731567665,2578169
2019-01-24,1613.3203125,1616.4594391217383,1590.7946192642746,1599.1092139012392,1962927
2019-01-25,1629.652587890625,1641.7001652474066,1612.8537540751008,1613.7021779331099,2327080
2019-01-28,1658.668701171875,1664.6076683883473,1633.6401964738852,1640.003375634391,2769033
2019-01-29,1682.212646484375,1687.5577589857699,1643.1003217166106,1664.6078488979163,2557626
2019-01-30,1681.0672607421875,1687.9394741279511,1658.3719197354408,1679.540056182072,2429575
2019-01-31,1708.81103515625,1713.6046522480945,1684.1219134608082,1685.8187617363355,4094319
2019-02-01,1722.2579345703125,1726.3304104339618,1695.2356559485738,1704.9077084492178,3064163
2019-02-04,1739.4810791015625,1743.8928418991377,1716.3615281172836,1722.2580327211886,1590764
2019-02-05,1734.6448974609375,1743.5108846200185,1720.6034423403394,1739.2687656793373,1111404
2019-02-06,1760.3096923828125,1770.533240313523,1731.6753899344992,1739.1838160734526,1789812
2019-02-07,1767.1822509765625,1779.9510734895723,1753.6923923508461,1760.2676782921712,1339945
2019-02-08,1748.9407958984375,1772.7815883152164,1740.1172709425744,1760.4794428112343,1684474
2019-02-11,1752.759033203125,1778.296678084871,1738.3358254133145,1747.7534145299783,1778730
2019-02-12,1740.6265869140625,1756.2375040965785,1712.1194605154085,1756.2375040965785,2422903
2019-02-14,1734.6873779296875,1760.4794836078245,1724.8881446312287,1747.7955885143185,1724085
2019-02-15,1722.0458984375,1740.965792285483,1706.1379507740726,1738.420520659335,1930065
2019-02-18,1671.6495361328125,1732.439021515066,1665.1590730326475,1728.7483985184588,2942184
2019-02-19,1616.0782470703125,1672.2438803669954,1605.2183772979986,1671.3954562775145,4408554
2019-02-20,1624.51953125,1640.6820466658794,1596.1397955152722,1624.73163720786,4645778
2019-02-21,1624.05322265625,1645.9426038665845,1609.5028335223687,1624.5198972956407,4683919
2019-02-22,1633.767333984375,1637.4579568524096,1616.332183224106,1626.5980906339057,2271955
2019-02-25,1684.2490234375,1688.363859366196,1637.882628395197,1639.5794764950624,2934880
2019-02-26,1729.681884765625,1735.1542814447,1673.3041540851073,1683.2731356090014,6453309
2019-02-27,1746.1412353515625,1760.437053162743,1715.5130510423635,1730.7846805768652,4732082
2019-02-28,1682.8065185546875,1757.3831114243103,1677.8432589354643,1747.7534163009798,8454295
2019-03-01,1692.9451904296875,1701.0900397318858,1680.1763684052476,1692.648262757175,4148548
2019-03-05,1686.75146484375,1702.7866966014521,1676.9945903988487,1701.089848871904,2449622
2019-03-06,1696.50830078125,1709.5740487156763,1684.1637959694037,1687.7695973128486,2635047
2019-03-07,1708.1318359375,1717.2523926309827,1697.017400275734,1701.0898763193059,2539884
2019-03-08,1716.107177734375,1724.8459863326148,1705.3746970235452,1718.0585943549163,2031071
2019-03-11,1709.4044189453125,1724.8456916293624,1699.944472279224,1721.3671745486001,3111689
2019-03-12,1707.4107666015625,1717.888885421155,1699.3932015608405,1708.7683277991985,2658550
2019-03-13,1697.2720947265625,1710.337844137258,1678.6915896969106,1707.8773939937867,1833163
2019-03-14,1686.1575927734375,1703.465460155937,1680.7276593794854,1701.047369311519,1905495
2019-03-15,1730.7423095703125,1755.3466029005024,1689.2120007037167,1695.914570289898,5184318
2019-03-18,1716.192138671875,1751.65630391969,1706.180693869654,1733.3302623449545,2349915
2019-03-19,1716.192138671875,1722.3007501518637,1692.6907313200122,1722.3007501518637,2373993
2019-03-20,1709.6170654296875,1734.8576830144032,1696.8482409892842,1720.6041163631342,3091165
2019-03-22,1701.6416015625,1710.4227691729025,1682.6793460403542,1709.574345180257,3148149
2019-03-25,1683.4853515625,1703.4657785403153,1677.5039208305113,1703.4657785403153,2429205
2019-03-26,1682.1275634765625,1692.5631146698065,1661.2563575227105,1683.2729149582478,2316539
2019-03-27,1669.6134033203125,1695.150941840776,1663.7592577326136,1691.7572462615153,2266166
2019-03-28,1697.1021728515625,1709.2345710817776,1673.7705182926577,1679.8791282411366,4054489
2019-04-01,1723.7003173828125,1730.74217312311,1703.8471787887686,1705.3319205106063,2095740
2019-04-02,1764.128173828125,1769.8125735530416,1728.239794979648,1728.3246166714218,3719663
2019-04-03,1764.128173828125,1772.8669829960186,1746.1416253416942,1768.9641495005233,2939886
2019-04-04,1709.150146484375,1764.4673498083682,1703.1263568031934,1763.1522511825813,4397518
2019-04-05,1737.82666015625,1743.001921499707,1712.7981559075977,1721.1551103415557,3152103
2019-04-08,1756.8736572265625,1760.4794585271604,1724.5910888613241,1746.9046771602038,2194294
2019-04-09,1774.478759765625,1779.9935156530153,1745.7595250981578,1756.2376441381036,2690970
2019-04-10,1730.9970703125,1769.3882564081455,1727.3912683035169,1767.2671964028614,3313062
2019-04-11,1713.3919677734375,1743.5110144958724,1708.4287089565937,1735.0267759825103,3422442
2019-04-12,1709.150146484375,1729.9365344659423,1702.7869664900177,1729.0881104666946,3198471
2019-04-15,1792.974365234375,1798.4891208794554,1731.6332725552234,1756.2375669717358,9189201
2019-04-16,1808.670166015625,1829.1595209649047,1794.8832772246662,1798.6587222666253,5771952
2019-04-18,1824.1541748046875,1828.3538324359954,1793.738089680321,1824.026786915994,3413728
2019-04-22,1833.82568359375,1846.170292000756,1820.378289892872,1822.414424272805,2007135
2019-04-23,1828.396240234375,1837.2622298867634,1810.5793356730164,1835.141169819935,2163524
2019-04-24,1852.4913330078125,1862.290671590515,1829.2870609934546,1830.8989837322695,3003071
2019-04-25,1862.2904052734375,1870.774644021836,1839.4254232734509,1845.3219277766407,4211526
2019-04-26,1899.2398681640625,1903.821275589289,1860.7212885733347,1869.0783490660642,2716958
2019-04-30,1917.7349853515625,1923.334458635915,1892.0701631777602,1899.2393034820075,3488395
2019-05-02,1879.5980224609375,1916.9286700342209,1875.9499657922324,1913.1956881307801,2457699
2019-05-03,1808.840087890625,1854.6974495570219,1802.9011194969878,1853.8065628710203,3780886
2019-05-06,1830.771728515625,1836.8378769875706,1788.9019231539457,1790.1745590964313,2891422
2019-05-07,1825.7659912109375,1853.2550531796933,1814.6092984291702,1832.638308486818,2201698
2019-05-08,1826.52978515625,1839.3833265631474,1807.4824996692118,1824.960117821647,1824895
2019-05-09,1843.2431640625,1853.0425003578885,1812.3181580474668,1819.8690469969708,2264162
2019-05-10,1812.06396484375,1859.7453507489565,1803.6221877305777,1845.3221431929655,2039633
2019-05-13,1806.082275390625,1838.5344877376322,1800.058383186047,1809.6880767625146,1701744
2019-05-14,1775.1998291015625,1832.4259797000425,1758.231351110331,1811.3850255639672,2456110
2019-05-15,1777.7872314453125,1802.0522361227008,1768.5394944433945,1779.144792443175,2346876
2019-05-16,1789.11376953125,1802.0522330690576,1762.2187752763266,1778.2963655898043,1946529
2019-05-17,1777.82958984375,1811.3847921749168,1773.205721613853,1792.3801821272953,1947908
2019-05-20,1818.978759765625,1825.2994777168647,1739.269359101095,1802.901164921867,2625116
2019-05-21,1789.96240234375,1823.008473286175,1783.853791420007,1822.4570805806377,1863157
2019-05-22,1766.206298828125,1800.312895188086,1760.479438005697,1790.1742718997689,2595795
2019-05-23,1742.7052001953125,1794.7136280941104,1739.269041880745,1779.9933901784404,2541294
2019-05-24,1737.5723876953125,1756.2377160787582,1724.2097094208002,1756.2377160787582,2274208
2019-05-27,1743.638427734375,1755.3467198710644,1730.8697092094717,1743.3416036276633,2329820
2019-05-28,1759.419189453125,1779.5692585306474,1735.0270005698087,1747.7533599871913,5872979
2019-05-29,1788.0958251953125,1801.7977882752539,1762.2613589637251,1764.7217054106418,3281320
2019-05-30,1820.9722900390625,1829.6686351670846,1793.9074428719805,1801.203971394268,4971725
2019-05-31,1863.605712890625,1870.732391385334,1826.0204895894428,1832.595775357508,4265370
2019-06-03,1902.421142578125,1906.9600866160295,1854.3577995574856,1867.381190578304,3682419
2019-06-04,1867.1832275390625,1902.1644964905975,1860.25529670281,1902.1644964905975,2408658
2019-06-06,1852.6434326171875,1880.782385233849,1840.5837621751903,1880.782385233849,3735467
2019-06-07,1866.02880859375,1872.9139343065344,1832.1166463243028,1859.4003116226938,2659446
2019-06-10,1908.579345703125,1912.2999401635823,1869.2360116666725,1878.8152164524777,2080593
2019-06-11,1926.79736328125,1936.333763303949,1908.1519994269283,1913.283739452281,3048937
2019-06-12,1933.724853515625,1938.8565929212775,1897.8882901905547,1920.1258276150497,2404448
2019-06-13,1927.9090576171875,1954.3374321467584,1918.4580624084986,1936.376344148911,3320916
2019-06-14,1928.2508544921875,1935.606430298078,1910.7174135886214,1930.6029014426658,2131408
2019-06-17,1923.7176513671875,1934.6654018578438,1917.0891558480018,1929.5336633913773,1489497
2019-06-18,1925.129150390625,1932.954968619712,1908.3225803547498,1919.2703316737318,1877447
2019-06-19,1932.8692626953125,1946.6395114810593,1918.543159084896,1928.678426357552,1652817
2019-06-20,1948.3072509765625,1953.4817957441219,1891.9009335315225,1907.2961490846724,2199377
2019-06-21,1924.2735595703125,1960.7515806988442,1917.559452094573,1954.3369081338535,3871804
2019-06-24,1946.2115478515625,1950.0603511762524,1925.085935809342,1927.9510307756,1382424
2019-06-25,1939.6259765625,1945.3135694057078,1924.8294233477795,1941.5075720948498,1386077
2019-06-26,1927.9942626953125,1938.7709979081856,1924.4020872280184,1937.231434476205,1762224
2019-06-27,1926.5823974609375,1936.3754204354982,1916.960390623526,1928.677814965569,2813464
2019-06-28,1904.9012451171875,1934.622563238173,1900.88142514791,1932.9547900266712,2372928
2019-07-01,1915.4642333984375,1928.6784184946644,1887.282477426975,1911.5726232086809,2769940
2019-07-02,1926.197998046875,1930.3888340114838,1895.706795253649,1920.039745218363,1771746
2019-07-03,1913.8394775390625,1931.9289853101993,1909.007172834746,1926.2839881026764,1656881
2019-07-04,1918.1156005859375,1926.1126437992862,1907.3818805655976,1910.7174272857928,984140
2019-07-05,1850.077392578125,1924.4019903707176,1830.3201152859272,1921.8361210502235,4088470
2019-07-08,1860.5970458984375,1872.0580526478507,1823.5631706083157,1838.0174823616976,2788062
2019-07-09,1824.632080078125,1859.7415497315317,1799.999698802616,1859.3995174293293,3977224
2019-07-10,1803.12158203125,1819.9281487880498,1771.5614777565693,1779.002455881963,6343581
2019-07-11,1798.2896728515625,1820.9120470805715,1784.1773906642306,1820.056757251036,2400346
2019-07-12,1802.608642578125,1813.0003288357216,1790.206942015267,1797.9045492611788,1560725
2019-07-15,1835.1953125,1841.952227318528,1794.3980301263416,1817.4908551089018,2900415
2019-07-16,1805.44775390625,1828.165876165754,1800.3040281116453,1822.5935065549322,2735399
2019-07-17,1815.091796875,1821.7357744051835,1793.53110189975,1807.1618882099422,1802969
2019-07-18,1771.113037109375,1814.1917332144103,1766.0122184352854,1814.1917332144103,3072096
2019-07-19,1780.5433349609375,1797.7319921967157,1768.1555717242375,1780.5862411981775,1953177
2019-07-22,1808.7904052734375,1815.2629663008531,1773.5560225358367,1780.5857365933246,1920167
2019-07-23,1810.9769287109375,1826.0223661225332,1802.3611475180833,1824.2219786618036,3538588
2019-07-24,1797.5604248046875,1818.1353242660948,1780.157447150507,1808.8765776487214,2413196
2019-07-25,1824.22216796875,1830.308993540295,1793.9171774254335,1807.9337038576184,2544464
2019-07-26,1808.0618896484375,1825.8506017897407,1796.016960772545,1825.8506017897407,1720592
2019-07-29,1826.0224609375,1836.3099114216548,1803.1329254699983,1809.5625820225953,1647090
2019-07-30,1868.15771484375,1873.1729297481302,1817.8349873779866,1826.0221237361634,2851672
2019-07-31,1890.9190673828125,1896.062792574568,1840.7248405268547,1861.8141975325382,3000677
2019-08-01,1868.9295654296875,1901.0349388850534,1857.098956644756,1886.0324083639762,2375236
2019-08-02,1890.5760498046875,1894.6052589481417,1856.4559675349324,1862.8856233910913,2500816
2019-08-05,1927.6966552734375,1930.8256707651005,1882.260420152758,1885.9465887707627,3039682
2019-08-06,1898.805908203125,1930.5684504018107,1895.8483083308977,1914.1514792902276,2885467
2019-08-07,1897.5626220703125,1919.0377118107062,1892.2474824186647,1911.7507694160709,2165362
2019-08-08,1935.84130859375,1955.4731118808613,1902.235465580128,1910.8083420022274,2073298
2019-08-09,1925.681884765625,1944.2420738586932,1921.481260088728,1937.4695868983029,1744550
2019-08-13,1885.5604248046875,1925.6815104889615,1881.145479128924,1924.6099014124513,1647281
2019-08-14,1889.80419921875,1901.3348818117086,1858.0845664530477,1869.8295708890178,1945002
2019-08-16,1856.1129150390625,1921.5237720468904,1837.3811028246837,1921.5237720468904,3755507
2019-08-19,1854.3128662109375,1874.0304787503974,1849.7692005921033,1868.8867537401036,974884
2019-08-20,1874.6732177734375,1890.3187127885813,1857.3131479621138,1862.0282286516092,1843611
2019-08-21,1874.2015380859375,1887.746719897707,1870.8152949576618,1873.1299289125168,1214408
2019-08-22,1899.748779296875,1916.5943921086268,1860.3135609540698,1874.8874459938022,2131601
2019-08-23,1926.9246826171875,1937.38354614457,1897.9483291111853,1898.8485226640714,2826425
2019-08-26,1951.4432373046875,1956.3297333415562,1907.4643543755312,1926.3246760817165,2345475
2019-08-27,1917.32373046875,1950.2007938723368,1910.8940734249245,1946.0428652645037,3432106
2019-08-28,1919.680908203125,1930.7398325067898,1899.74897513816,1920.3238737858658,1294621
2019-08-29,1914.7088623046875,1927.353853836365,1905.0643772381538,1905.0643772381538,1670652
2019-08-30,1937.1273193359375,1942.6138767511277,1901.4640682409536,1921.1816848187455,2583625
2019-09-03,1930.268310546875,1968.5032013633465,1917.7089250977915,1946.0423143090297,2545060
2019-09-04,1924.9530029296875,1946.0423562365677,1914.3227231172932,1941.7559193285576,2228092
2019-09-05,1899.1492919921875,1932.0261463897357,1892.290991084383,1922.210245075187,2055943
2019-09-06,1883.888916015625,1914.7512600322632,1879.6882917994933,1899.7487316908419,1890550
2019-09-09,1871.330322265625,1888.476074273744,1868.7155532246406,1886.0327208930948,1703945
2019-09-11,1846.5972900390625,1881.7460778253212,1840.2105399717886,1874.030490262484,2627440
2019-09-12,1829.108642578125,1856.027385606002,1817.749583520721,1847.4545108456973,2118859
2019-09-13,1836.266845703125,1849.9834451573633,1813.6345403231107,1830.3087396749297,2291174
2019-09-16,1843.1680908203125,1863.2285342288294,1822.9360224760132,1851.6980594273916,2597948
2019-09-17,1819.720703125,1848.7828665691334,1805.1041229061784,1847.4111232454297,2796530
2019-09-18,1833.3521728515625,1837.1241540248202,1811.576945391539,1822.936004443533,1454663
2019-09-19,1801.97509765625,1830.9943580795477,1792.5878430637845,1830.3084863420277,1652691
2019-09-20,1770.68408203125,1825.5075651771226,1763.4400459191713,1804.504025495538,6941979
2019-09-23,1728.1201171875,1799.4463925552977,1693.1427466873333,1799.4463925552977,6323401
2019-09-24,1752.8955078125,1766.8693343152927,1725.7195390473964,1727.4341138502255,4620978
2019-09-25,1790.4017333984375,1793.4451453662261,1766.0548562534693,1770.298386797924,4002232
2019-09-26,1789.6734619140625,1806.3047556313377,1768.5841057747746,1798.503355691521,4234281
2019-09-27,1762.71142578125,1787.6156669216793,1758.6393105804482,1787.444251299277,2046795
2019-09-30,1799.7034912109375,1803.7327001547787,1766.0120543340513,1767.5981197528051,2620039
2019-10-01,1765.969482421875,1796.8318348450591,1748.6094091838338,1796.8318348450591,3342877
2019-10-03,1766.2265625,1784.1437874354144,1754.1388297440315,1774.5851155806336,2317618
2019-10-04,1782.600830078125,1789.9733769295583,1761.6828896956463,1766.5266896043113,2163251
2019-10-07,1755.4677734375,1795.5888749035903,1749.7239883877908,1783.158204726411,2177916
2019-10-09,1731.806640625,1766.0124364155429,1727.8631386386053,1766.0124364155429,2066920
2019-10-10,1718.39013671875,1748.0523722398939,1712.089093609834,1738.579302131354,2881452
2019-10-11,1703.3016357421875,1710.2885497449508,1650.2784251924966,1655.4221501541356,12593069
2019-10-14,1732.5777587890625,1742.6508852936502,1687.1415285981568,1710.288287374656,3510704
2019-10-15,1746.551513671875,1754.8671588864945,1734.0350349745186,1742.0078489777025,2261310
2019-10-16,1754.353515625,1762.5834563590586,1728.291949426003,1747.1522782391835,3034082
2019-10-17,1780.25537109375,1786.4351823123873,1752.5122410330896,1765.397672805274,3818774
2019-10-18,1803.3970947265625,1809.1384115583066,1775.0401941709092,1785.9972324065322,3087901
2019-10-22,1798.180908203125,1850.8624200152003,1788.232048461355,1823.2506908035125,5552505
2019-10-23,1814.572998046875,1826.6257382749409,1799.1454049531026,1805.7196268956839,2348134
2019-10-24,1825.0037841796875,1839.9053520620384,1806.8589766768025,1826.7569098129052,2798671
2019-10-25,1862.652099609375,1867.0787845991317,1818.9117010086313,1835.5225234509774,3954245
2019-10-27,1854.5439453125,1866.2022738070004,1848.4957473590232,1866.2022738070004,224405
2019-10-29,1923.9241943359375,1929.928521884521,1859.6282190944135,1859.6282190944135,5064173
2019-10-30,1974.721435546875,1981.0326471971894,1908.1465095183278,1950.3529380591797,5195136
2019-10-31,1989.490966796875,2002.9024224155028,1960.8712727583304,1972.266590838732,4879261
2019-11-01,1929.2275390625,1994.18094693599,1924.055902648131,1984.5387533464095,4172620
2019-11-04,1923.1348876953125,1954.0337260006486,1911.6957005005047,1934.5740748901203,2646411
2019-11-05,1930.0601806640625,1938.0806459034693,1901.2650026977046,1925.808764834881,2693475
2019-11-06,1918.3580322265625,1937.9054289770665,1910.0306841314507,1928.4385062364347,2540719
2019-11-07,1915.596923828125,1932.3830186788489,1906.699681504011,1932.3830186788489,1915598
2019-11-08,1867.0352783203125,1919.3223885324696,1861.819771385015,1919.3223885324696,2788759
2019-11-11,1841.614501953125,1874.9677580279847,1832.8927452251128,1871.4615069610788,2983768
2019-11-13,1909.6800537109375,1914.2381380715706,1856.5602554186419,1856.5602554186419,3823365
2019-11-14,1925.6334228515625,1928.438381332578,1881.7175359293703,1917.4813450750066,2995915
2019-11-15,1906.0419921875,1938.5186876575176,1901.0456268854812,1924.931963868826,2724180
2019-11-18,1886.889404296875,1917.7005049591417,1883.5145514939804,1909.50455615475,1611089
2019-11-19,1848.49609375,1888.686378822186,1845.1651115552907,1887.2401354767417,2975313
2019-11-20,1848.277099609375,1871.4621499542473,1835.9613457045295,1860.022959117296,2894129
2019-11-21,1856.6480712890625,1864.0988563692483,1847.2686765138335,1851.3009516884904,2052574
2019-11-22,1815.975341796875,1846.9180553881165,1806.1578799844397,1838.1524262690461,3742049
2019-11-25,1824.565673828125,1827.5897730280224,1798.882338092701,1818.4736044824683,2737010
2019-11-26,1794.0174560546875,1838.9411970606045,1783.8493479547508,1831.8850370161726,6561580
2019-11-27,1800.723388671875,1815.9754990580236,1793.9300255162989,1798.7072509989705,2907521
2019-11-28,1820.9281005859375,1835.873327440091,1805.7196480454531,1811.8994595447857,2924429
2019-11-29,1799.802978515625,1827.6338537465376,1793.2726269710315,1827.6338537465376,2064271
2019-12-02,1771.577880859375,1812.4694635217425,1767.1511944414144,1805.7199705105722,3809860
2019-12-03,1797.83056640625,1807.472758620033,1761.8914863366956,1777.4066073706765,4664774
2019-12-04,1821.9359130859375,1825.0038831103786,1793.0093385697787,1799.583560050724,3334301
2019-12-05,1859.45263671875,1864.273731927607,1813.0386810998534,1825.880240008885,3902721
2019-12-06,1861.4691162109375,1865.3259074854689,1841.6587084713206,1861.8196557796691,1829461
2019-12-09,1806.114013671875,1865.2820103774072,1800.021944219414,1865.2820103774072,2244747
2019-12-10,1764.3896484375,1806.4647755119568,1755.9746658235322,1805.719611429665,4520045
2019-12-11,1789.853759765625,1795.200771914323,1759.0425532417323,1775.3904722965888,4943024
2019-12-12,1771.4461669921875,1826.4503875844466,1739.100971277144,1797.9184334781398,7137306
2019-12-13,1815.5811767578125,1820.9719537930382,1759.2620020533157,1773.2870105400386,5711133
2019-12-16,1864.2301025390625,1872.338309168185,1823.513799618607,1837.2757940152228,5574177
2019-12-17,1897.71484375,1901.264966363636,1857.436820527683,1864.011042403076,6059673
2019-12-18,1900.168701171875,1931.4619452499105,1887.23940197119,1905.6472177823348,8251081
2019-12-19,1953.902587890625,1960.4329387376317,1899.9939691862367,1910.7318647818263,6251505
2019-12-20,1948.511474609375,1969.3737132504264,1935.6699144524798,1945.9695279449813,5548338
2019-12-23,1956.22509765625,1965.2098660792844,1937.2037282835229,1937.2037282835229,2247329
2019-12-24,1942.11328125,1966.6131769841666,1938.2124042687678,1962.6247720961248,1805896
2019-12-26,1930.1478271484375,1953.8588987566172,1924.2310269839659,1942.8141195144162,1880367
2019-12-27,1927.1236572265625,1951.5796780775752,1907.4009907323175,1935.4510053019103,2720261
2019-12-30,1913.71240234375,1950.352780527168,1908.3654961572297,1934.574645673465,2288830
2019-12-31,1894.865966796875,1925.8086797827457,1891.1405744941546,1918.7961766246838,1909289
2020-01-01,1900.037841796875,1914.3256459696258,1888.116500666217,1900.3883813576408,1354908
2020-01-02,1891.316162109375,1910.8635607483511,1883.909247204857,1910.8635607483511,2380752
2020-01-03,1929.0084228515625,1948.5996929507019,1896.882472130148,1896.882472130148,4655761
2020-01-06,1928.8330078125,1951.185364280787,1917.8320993771802,1932.8214122577692,3023209
2020-01-07,1933.566162109375,1941.279743641955,1914.237909327274,1928.8764654690196,2429317
2020-01-08,1976.8685302734375,1981.0322041538493,1930.2354256137487,1932.821243433291,5197454
2020-01-09,1941.016845703125,1973.9754772885483,1937.203712070746,1971.1705192394072,3734173
2020-01-10,1940.3160400390625,1958.2417102979352,1935.451072666894,1952.9823323830797,1915807
2020-01-13,1919.979736328125,1945.0493082064788,1915.0270272754062,1944.0852173676722,2843893
2020-01-14,1934.48681640625,1954.5602376886327,1924.0558022147777,1924.0558022147777,2948452
2020-01-15,1952.0177001953125,1955.6116934363677,1923.3541381663943,1939.833562337374,2620681
2020-01-16,1962.44921875,1971.3901182372106,1941.5869772767546,1952.0618619604593,3117214
2020-01-17,1945.1806640625,1975.3782107924576,1939.8335451910425,1964.1581637536506,3281059
2020-01-20,1902.4483642578125,1965.429279844001,1890.0448708941021,1923.967812120634,5817599
2020-01-21,1903.06201171875,1916.6487372746913,1891.6666935105413,1902.0977068838984,1902980
2020-01-22,1934.48681640625,1937.2042473324186,1905.3849673467996,1911.7839201049796,1773686
2020-01-23,1924.8673095703125,1948.4125931385447,1918.4977948367969,1941.4281336737185,2069866
2020-01-24,1918.2337646484375,1924.8668869506357,1906.461232694405,1924.8668869506357,1319430
2020-01-27,1905.802001953125,1927.062951770125,1902.06814992671,1923.7683764527,1549101
2020-01-28,1918.540771484375,1922.098955252325,1890.6467041714368,1909.9748767977248,1743024
2020-01-29,1892.930908203125,1921.351976995511,1888.8894774783512,1919.638841065208,2306761
2020-01-30,1878.2154541015625,1902.0680928882032,1866.9259572228323,1897.675325930032,2098567
2020-01-31,1826.5567626953125,1883.9263512045336,1820.0115817832857,1879.5773396308075,3287223
2020-02-03,1847.1585693359375,1928.1611519278442,1838.987979615075,1890.6469637150715,4728073
2020-02-04,1851.7708740234375,1877.2049513022794,1833.189555959817,1870.4401332206849,3509339
2020-02-05,1885.8590087890625,1894.776240783602,1848.7401243890288,1858.1406036939954,2439322
2020-02-06,1869.869384765625,1910.1509331252046,1858.5798867525255,1884.4972144099113,2640065
2020-02-07,1877.072998046875,1889.7680496711976,1861.6543455384788,1879.2254106214282,2083442
2020-02-10,1899.3885498046875,1903.8252875353162,1861.6547227906483,1880.8949571591695,2383032
2020-02-11,1891.876708984375,1910.6778794769423,1886.7812711174943,1900.310906989152,1335820
2020-02-12,1907.119873046875,1919.6392595220186,1888.8898892321922,1889.8563838089638,1620407
2020-02-13,1925.7451171875,1930.1818548361498,1907.3394660215208,1909.052602284502,1645948
2020-02-14,1918.9359130859375,1943.3597356637238,1907.3390534023256,1922.2744582424175,1500115
2020-02-17,1935.672607421875,1947.7527156039018,1924.2074436673672,1930.1376785930895,1774724
2020-02-18,1946.6549072265625,1951.2673130769244,1920.5619113140635,1932.7737191025915,2486223
2020-02-19,1929.61083984375,1959.174075864944,1924.471216673614,1946.6546899541477,1760463
2020-02-20,1894.8638916015625,1945.468435424528,1889.9878776536057,1936.7708431318415,2317278
2020-02-24,1858.4481201171875,1914.3239906583337,1850.8485041054282,1894.1612319455285,3092877
2020-02-25,1894.2928466796875,1912.3031915609604,1854.6262460666767,1858.579736406468,2674567
2020-02-26,1865.6962890625,1901.101823342892,1856.3395656399496,1892.4042295326446,2686842
2020-02-27,1849.7943115234375,1862.4893661325689,1832.8381868336298,1862.4893661325689,2349001
2020-02-28,1757.238525390625,1818.166179490076,1748.3211873328105,1816.848349449373,4298076
2020-03-02,1758.2489013671875,1804.504650477469,1744.5433830060683,1787.8561070227177,2667076
2020-03-03,1788.9105224609375,1809.8201378251915,1767.6495715069348,1774.6779992266443,2757585
2020-03-04,1830.202392578125,1840.0861182881422,1779.0706278030848,1806.3057830929097,3237002
2020-03-05,1866.9698486328125,1886.9129668792266,1830.9491611030494,1832.3986883415578,3937056
2020-03-06,1859.41455078125,1865.740093214458,1820.011554182542,1843.20528126784,2595027
2020-03-09,1732.814697265625,1827.3030467383978,1700.000750735371,1822.9982210728137,4940975
2020-03-11,1716.4298095703125,1745.9492908944883,1686.822601596655,1698.2437962949657,6796449
2020-03-12,1554.9078369140625,1676.6314630402574,1544.8044720124178,1672.7658063244817,8728786
2020-03-13,1586.93115234375,1598.9672918070366,1323.1454768684407,1482.9104015815299,8029720
2020-03-16,1490.377685546875,1618.5146496605828,1472.3233741995766,1541.86088215732,7844271
2020-03-17,1456.6414794921875,1520.7758751513732,1426.023916164222,1519.8973217861787,5713248
2020-03-18,1453.478515625,1505.4449617177359,1430.065050105716,1473.1581298385252,7258778
2020-03-19,1448.124755859375,1491.5768848164626,1368.8312399818008,1380.2915908596424,5135111
2020-03-20,1590.693603515625,1654.013422199826,1439.850100545274,1442.5050177558676,8547498
2020-03-23,1477.6385498046875,1548.701885235918,1431.664271337375,1433.6554594755355,7003490
2020-03-24,1507.24072265625,1566.4011043415717,1445.0271214587124,1462.9036282577763,6350865
2020-03-25,1548.96728515625,1601.8000959377919,1486.7536802074533,1504.4531287813516,2765520
2020-03-26,1584.94140625,1621.3138612891178,1524.4093755602928,1620.915558859214,4556067
2020-03-27,1614.632080078125,1637.1988753875205,1549.0556494318873,1610.6497044352905,4331250
2020-03-30,1573.9234619140625,1685.8724739647394,1560.6931673377997,1562.8613065730865,8513547
2020-03-31,1616.048095703125,1641.623819948526,1575.2508892228445,1626.0483271440046,3927593
2020-04-01,1512.1966552734375,1623.7031825971849,1506.2230913096655,1615.8711981171227,4941878
2020-04-03,1463.921142578125,1539.8518094994645,1460.2043021115612,1539.8518094994645,5735369
2020-04-07,1571.003173828125,1580.4281527691137,1508.8781461540354,1513.3030087527277,5427577
2020-04-08,1509.2763671875,1598.2603988276899,1505.3382826167776,1557.5516622019568,6285615
2020-04-09,1562.9940185546875,1574.1889409680934,1532.064168502051,1549.0998871223644,5307397
2020-04-13,1556.8875732421875,1581.4455554263402,1545.1616898569614,1558.4362748213684,2990438
2020-04-15,1535.5599365234375,1603.5700462961759,1529.0554107559885,1579.6757906394446,4761399
2020-04-16,1518.6571044921875,1561.8879895870102,1482.3732319287387,1513.2586858096518,6245533
2020-04-17,1598.4371337890625,1638.9246218013411,1551.356644492339,1592.950348024079,9895823
2020-04-20,1609.455078125,1619.4994932670872,1595.1627522480462,1619.4994932670872,3244282
2020-04-21,1537.7725830078125,1588.1717268430468,1528.9670412613293,1561.9765608002738,5122541
2020-04-22,1565.9591064453125,1584.1010457966145,1521.4007550589897,1537.7727491077258,3829836
2020-04-23,1662.1998291015625,1681.4479836512544,1558.3040215585975,1575.2512688943332,5934366
2020-04-24,1609.3668212890625,1638.9248170676028,1599.8533666882358,1628.9688762062726,2987102
2020-04-27,1625.34033203125,1659.323294712739,1615.0746735203993,1621.535015426025,3374741
2020-04-28,1645.2081298828125,1653.1285903563241,1621.8005430018281,1650.4736729199917,2678505
2020-04-29,1686.44775390625,1692.5540853553166,1637.2433077892472,1658.43835454102,4241510
2020-04-30,1782.7325439453125,1798.2638522190807,1718.7932903415583,1752.245289071742,5915544
2020-05-04,1708.395263671875,1739.8560819150025,1693.527789233774,1739.8560819150025,3729348
2020-05-05,1710.4307861328125,1749.5908235336026,1705.3421937022013,1730.2099020616724,2905528
2020-05-06,1684.633544921875,1728.970643342912,1675.7838203656254,1716.6696126328166,3517431
2020-05-07,1674.058349609375,1711.935110017939,1666.7130342161686,1690.2975743329241,3166754
2020-05-08,1675.60693359375,1716.4041437629028,1669.279358686659,1716.050133161251,2686530
2020-05-11,1712.6876220703125,1726.9356602070172,1689.4127980371866,1689.4127980371866,2449841
2020-05-12,1725.253662109375,1731.4484687955846,1690.518496047414,1711.005628336864,3256595
2020-05-13,1725.3865966796875,1764.6351040942657,1704.1472574127554,1764.6351040942657,2656665
2020-05-14,1683.5274658203125,1701.8906457630628,1673.571524887496,1690.2975272604021,2263146
2020-05-15,1675.1640625,1696.8458835163815,1650.650265349887,1695.6069007096767,3173682
2020-05-18,1721.80224609375,1728.3067715005157,1656.7567759683827,1687.64233372892,3727694
2020-05-19,1724.50146484375,1740.2539085270066,1684.10245374073,1684.10245374073,3198693
2020-05-20,1728.882080078125,1737.1123667098468,1709.5011626764497,1725.696201005118,2778505
2020-05-21,1762.1573486328125,1768.1752053560865,1717.8645360587122,1722.156631442915,3400908
2020-05-22,1787.9539794921875,1798.2639296315256,1735.6521318847588,1749.6789229190754,3663418
2020-05-26,1719.50146484375,1791.1842330642048,1703.5719607947601,1783.21948103971,4575317
2020-05-27,1774.63525390625,1778.7945811082423,1717.952726654913,1733.660987259227,3482160
2020-05-28,1773.7503662109375,1782.3345559650618,1744.5462746782428,1759.7677579625251,3475681
2020-05-29,1745.475341796875,1772.2900495005733,1736.6699093748568,1754.015347308564,7237735
2020-06-01,1809.989990234375,1823.0433344983803,1753.2189832363338,1761.0952600251344,3747773
2020-06-02,1811.67138671875,1841.6276827785484,1805.3881038806364,1823.220212463786,2443886
2020-06-03,1816.109375,1831.7306541242153,1792.899295617645,1821.1686112875677,3699799
2020-06-04,1856.4052734375,1863.9052297137303,1816.6419185317036,1816.6419185317036,4048593
2020-06-05,1817.972900390625,1862.1296936504486,1810.9167325449532,1856.44930843083,3573289
2020-06-08,1838.8309326171875,1859.4670224848596,1830.2659325320312,1844.6001620425582,2957841
2020-06-09,1839.0972900390625,1859.9108517945492,1828.6238761201241,1831.1535480645448,2909439
2020-06-10,1871.6715087890625,1892.3076024840693,1840.384528025665,1843.5354587886343,5168397
2020-06-11,1835.1917724609375,1868.3427386093483,1829.9995960534095,1863.904869871559,2269513
2020-06-12,1810.2069091796875,1818.8163323863723,1784.911053866316,1785.088525301877,2842642
2020-06-15,1801.6861572265625,1827.514534268899,1775.9908295829264,1809.8517932057591,2399022
2020-06-16,1815.7987060546875,1840.7838243611548,1802.6625691545787,1832.8400813905491,2146528
2020-06-17,1817.5738525390625,1827.381587347338,1798.712907405011,1815.9761762009034,2703527
2020-06-18,1808.96435546875,1827.6921432090196,1797.514630416373,1815.0886370871308,1944389
2020-06-19,1814.7333984375,1855.0292712624355,1803.5499900503678,1812.4257281903795,5681758
2020-06-22,1799.955322265625,1821.523409877562,1792.1447374954637,1819.5263687411386,3196138
2020-06-23,1806.4788818359375,1814.2007300587807,1784.0232228073137,1799.1119764330472,4205944
2020-06-24,1812.6033935546875,1832.174441585989,1803.1951317889177,1805.3253308397245,2560937
2020-06-25,1789.4376220703125,1828.4021358581258,1783.3577628509415,1806.212789549168,3043931
2020-06-26,1880.6358642578125,1892.3073732458713,1792.8546839541168,1797.3369750576405,6300722
2020-06-29,1865.3695068359375,1888.4022217416846,1856.1832474467142,1871.0056874958036,3076341
2020-06-30,1848.0618896484375,1874.4672128939703,1841.7602450408406,1863.905170272895,3071725
2020-07-01,1856.8489990234375,1876.2867805279868,1845.7099033707054,1845.8873748100516,2503466
2020-07-02,1914.629638671875,1921.5971793248425,1862.129737747584,1865.680032767122,3758699
2020-07-03,1952.3511962890625,1957.0998017595573,1917.38088288031,1920.3985464644165,4185208
2020-07-06,2008.7567138671875,2014.703414198335,1957.0999689106886,1957.0999689106886,5190366
2020-07-07,2014.7034912109375,2043.8159524334258,1981.197583432941,2019.2302038395226,5630055
2020-07-08,1969.437744140625,2018.6980981946094,1959.408331894731,2014.7928595053108,2793358
2020-07-09,1956.523193359375,1992.159191121338,1944.7184196835844,1978.4017986230617,3443998
2020-07-10,1972.4998779296875,1996.908159370255,1931.3607423518133,1957.3222780658716,9610320
2020-07-13,1970.4140625,1992.5589880170048,1961.5383234797298,1970.4140625,2963503
2020-07-14,1927.76611328125,1987.277987371614,1921.5975179363752,1961.5383439442908,2976738
2020-07-15,1982.7508544921875,2005.9166153554943,1935.887135239895,1939.3485860848473,5569321
2020-07-16,1987.955322265625,2075.355080812486,1974.923282290268,1996.1837982611312,8582118
2020-07-17,1957.7095947265625,1996.0942262521212,1948.1912954775403,1989.9563164390868,4509135
2020-07-20,1964.0704345703125,1980.9721692083829,1948.8590037034191,1957.9325230733302,2952646
2020-07-21,1979.326171875,1991.4241226655092,1958.0654431677583,1983.7294741329224,2665286
2020-07-22,1948.992431640625,1984.6195540270137,1942.9878677725467,1984.6195540270137,2861534
2020-07-23,1931.423095703125,1948.9920009159075,1924.1287076075241,1948.9920009159075,2265766
2020-07-24,1919.1473388671875,1924.1289894655363,1890.4145646862842,1916.567687380258,3665100
2020-07-27,1963.0916748046875,1970.3860628430878,1924.5734749259686,1925.9078221468556,4248480
2020-07-28,2054.672119140625,2063.790157552224,1970.3858616285245,1970.3858616285245,8092319
2020-07-29,2024.6943359375,2083.3611006080746,1998.007387594954,2038.8828533704984,6090431
2020-07-30,2027.763427734375,2097.59428058682,2021.3140814518242,2033.4565568915268,7098496
2020-07-31,2029.4530029296875,2076.9558925056294,2008.1479698770222,2048.801036901449,4723290
2020-08-03,2005.2122802734375,2049.423821781388,1984.3520304680608,2037.503523907678,4012337
2020-08-04,2001.254150390625,2019.000927049445,1979.3264620575846,2010.3721907901097,2927928
2020-08-05,2009.9715576171875,2045.998930081669,2004.1893867278263,2010.4163399932922,3800641
2020-08-06,2053.205322265625,2063.3462776727424,2015.1764137204602,2023.7606301812846,4748047
2020-08-07,2041.8623046875,2070.90650361624,2034.434352994133,2053.1152106298464,3165491
2020-08-10,2030.6990966796875,2068.2386975609147,2024.694532719027,2062.0117423424517,2929353
2020-08-11,2028.1187744140625,2056.673892404216,2024.2938193780685,2030.876512265928,2774423
2020-08-12,2008.0594482421875,2042.7967844383593,1998.4521037220306,2035.6359606139902,3415751
2020-08-13,2005.4794921875,2045.999215743776,2001.9657543614642,2021.9809640806968,2695682
2020-08-14,1994.537353515625,2029.36394092491,1986.4869669324748,2025.5387693783193,2270405
2020-08-17,2004.54541015625,2019.3122740095641,1991.068589119783,2013.085319860636,2625630
2020-08-18,2019.08984375,2036.2139673284503,2000.008720912654,2012.9074114003179,3493374
2020-08-19,2007.3922119140625,2032.3000287629457,2003.744909003905,2024.9611184413998,2843005
2020-08-20,2004.0562744140625,2025.1389180833928,1992.669800811803,2007.7478816980313,2895164
2020-08-21,2000.275634765625,2020.2018007948957,1993.5593766244242,2010.4165873168051,1975294
2020-08-24,1999.8306884765625,2010.371900915993,1983.7294789284963,2002.0546004484556,2167966
2020-08-25,1994.982421875,2001.5208100594236,1986.8875124616595,1997.0729860370693,1663419
2020-08-26,2004.6346435546875,2010.3277724447023,1971.6762182490509,1994.404646483075,2618149
2020-08-27,2000.09765625,2034.7463832285964,1994.1821364716184,2015.754085533484,3579393
2020-08-28,1991.33544921875,2028.1633473372044,1988.2664939053652,2017.8888298281172,2941136
2020-08-31,2007.970458984375,2024.8276711462186,1981.9506845130968,1992.625463783365,6018154
2020-09-01,1998.2744140625,2026.4290592921461,1993.782067400447,2018.422974334451,3610908
2020-09-02,2014.997802734375,2018.2003231766057,1994.0930280370085,1998.8522870205325,2084137
2020-09-03,2045.5540771484375,2067.3484128258183,2017.5327884203766,2017.5327884203766,4654146
2020-09-04,2036.036376953125,2067.5714121712977,2013.041035266173,2023.7603367493607,5231303
2020-09-07,2070.061767578125,2084.695064793444,2031.1878300745097,2036.2137842168524,4620401
2020-09-08,2088.876220703125,2126.4603371156404,2070.0620102463004,2077.9790508557094,7453998
2020-09-09,2070.595458984375,2098.483402863042,2063.790375007316,2068.238199091383,3866535
2020-09-10,2073.708984375,2089.143021179487,2067.615595544568,2077.1338958714505,2308813
2020-09-11,2111.916259765625,2119.833301043138,2072.819706005328,2073.5314014095748,4145424
2020-09-14,2216.26220703125,2229.027551957545,2118.810532698214,2120.812053995991,7512131
2020-09-15,2216.26220703125,2257.716023892347,2192.4220382053422,2216.26220703125,7318770
2020-09-16,2226.5810546875,2230.673140301211,2203.719279063972,2214.082623789323,3074003
2020-09-17,2189.174560546875,2220.1314605699913,2179.967694714027,2206.1208142696896,4828176
2020-09-18,2179.344482421875,2224.2674999937426,2167.335358912564,2210.568290417637,4183256
2020-09-21,2193.043701171875,2228.2703298173624,2181.3457961112904,2192.7767883500965,4598809
2020-09-22,2244.32763671875,2272.8382341286333,2186.5504420697384,2210.568693467575,7499613
2020-09-23,2194.956787109375,2241.5701164361885,2142.961764081659,2232.807815626801,7502280
2020-09-24,2074.6875,2179.433754957659,2048.311990612585,2179.433754957659,8424708
2020-09-25,2154.793212890625,2170.538469004583,2092.345797095216,2106.4897928700216,8228267
2020-09-28,2158.351806640625,2174.0970651908688,2104.710988642224,2170.538804855041,4347166
2020-09-29,2213.59375,2233.7425302049714,2158.3518865484584,2165.9577117336735,6995811
2020-09-30,2217.062744140625,2228.360175446622,2188.32975313321,2214.1271364018535,3917166
2020-10-01,2244.7724609375,2259.494803189342,2217.062601699091,2232.8078566949794,2610337
2020-10-05,2406.98486328125,2426.8222049218402,2315.5820654990334,2330.660147828779,17412105
2020-10-06,2414.545166015625,2433.8486738306315,2357.435163815457,2433.8486738306315,9846367
2020-10-07,2433.8046875,2464.094411335043,2404.4935717828953,2439.186597790862,9656101
2020-10-08,2513.643798828125,2566.395047220653,2490.7820215659717,2490.7820215659717,19839329
2020-10-09,2502.30126953125,2517.3350450115063,2472.9901527038687,2499.6770967977955,7739245
2020-10-12,2517.46875,2538.8183083038866,2491.4489758171376,2504.570058524735,4623203
2020-10-13,2514.39990234375,2539.6189388652156,2501.63455818844,2530.8123325584716,4209878
2020-10-14,2509.9775390625,2538.9222373554953,2490.2789608413523,2538.9222373554953,4395936
2020-10-15,2448.336669921875,2526.192721182615,2436.1869156272624,2511.2289768347027,6629355
2020-10-16,2468.615234375,2476.0746398790143,2440.027789615427,2456.8229570326553,5273773
2020-10-19,2422.383544921875,2478.1736765350843,2417.96146896864,2478.1736765350843,3331194
2020-10-20,2446.906494140625,2465.5775809503466,2428.101272826453,2434.399487598833,3406273
2020-10-21,2390.087890625,2455.839071225297,2379.055059490922,2446.905498758126,4570143
2020-10-22,2386.292236328125,2400.139280116507,2356.7669400245586,2377.2247432828535,5262294
2020-10-23,2400.273193359375,2413.8521849758654,2385.354165370766,2401.166550940787,3499091
2020-10-26,2401.52392578125,2420.9544541401883,2385.7115394273674,2403.087301626222,2672752
2020-10-27,2349.664306640625,2428.2797721698407,2344.2596678693903,2411.8420802556816,3537502
2020-10-28,2342.561767578125,2372.712580303306,2328.0894210910055,2367.3971473105007,3569445
2020-10-29,2351.897705078125,2371.864333887831,2322.953007228562,2329.8765283538464,3105968
2020-10-30,2380.66357421875,2389.1504695885756,2342.02586635086,2354.9795487574356,3427003
2020-11-02,2326.83935546875,2380.6641523322473,2322.774534657251,2376.331280612483,2571196
2020-11-03,2352.7470703125,2380.7984165716007,2323.6682317724144,2326.3035935281227,2879269
2020-11-04,2370.2119140625,2431.585763042636,2331.663616231517,2331.663616231517,4893928
2020-11-05,2399.2900390625,2420.9986685304393,2382.5842985131667,2398.6647324738856,2816502
2020-11-06,2418.72119140625,2423.9027095376214,2395.359975467741,2411.172362680195,3884421
2020-11-09,2435.828857421875,2451.3731920243936,2407.6880937379215,2439.8489665195825,3646592
2020-11-10,2367.040283203125,2423.8129817767945,2356.9900106319583,2409.5639722857595,4760020
2020-11-11,2401.167236328125,2405.634025510183,2361.502017528485,2383.433996033378,3242441
2020-11-12,2386.203125,2423.679436843667,2377.894854780181,2399.558778976075,2437505
2020-11-13,2373.51708984375,2380.708443624884,2354.8904977166003,2372.534309298506,2548093
2020-11-14,2385.577392578125,2402.2384234459832,2376.3757663013334,2392.3667790146424,298819
2020-11-17,2381.73583984375,2407.5984962098933,2367.442119643617,2407.5984962098933,2827273
2020-11-18,2346.537841796875,2380.08346599974,2329.0281622895104,2377.224765070466,2893762
2020-11-19,2355.694580078125,2390.7588660549586,2350.2899410547748,2355.784003080529,4167501
2020-11-20,2376.55419921875,2390.62457930998,2347.3414536979276,2371.8640725216733,2711471
2020-11-23,2433.72900390625,2438.8658091819993,2380.797575630047,2403.1315116115675,3706418
2020-11-24,2431.76416015625,2450.479958728257,2416.532369070337,2442.796995932141,3120516
2020-11-25,2413.22705078125,2441.5017330119995,2401.523978386292,2437.9730139341727,3302249
2020-11-26,2430.46875,2439.714870206522,2394.1983445532487,2399.558490100756,2341099
2020-11-27,2393.885498046875,2427.877796820664,2384.416038775243,2416.5321994313695,6086808
2020-12-01,2436.007568359375,2444.136991726721,2344.5723299669976,2393.3050310892504,3605017
2020-12-02,2456.33154296875,2460.9322475733284,2414.2543108778978,2429.039423442596,2509032
2020-12-03,2420.508056640625,2478.0849186875307,2412.7805995221993,2478.0849186875307,2852548
2020-12-04,2436.677734375,2446.7727195756097,2411.1723295063707,2421.7139935379373,2686527
2020-12-07,2445.7451171875,2451.373313824912,2417.559640603266,2425.4659427968795,1996400
2020-12-08,2498.9892578125,2506.359458011649,2441.054930217235,2447.799823717433,4277818
2020-12-09,2511.04931640625,2537.1353119077094,2495.2814255943304,2514.8013743028882,3659996
2020-12-10,2487.375732421875,2525.790111123322,2483.7575903418065,2517.4818414111,2127801
2020-12-11,2486.750244140625,2508.2800309315485,2469.7317386397385,2494.8796672465796,1795408
2020-12-14,2499.34619140625,2504.9743871810156,2462.3165672851906,2503.187672211557,2483658
2020-12-15,2467.051513671875,2496.6662283463124,2461.1999782695357,2488.894061509592,2365509
2020-12-16,2514.0869140625,2519.0898038639825,2466.0689430670172,2482.640770166435,2565149
2020-12-17,2535.52783203125,2549.374876662569,2505.8683994096655,2511.228545718563,2863460
2020-12-18,2555.895751953125,2588.9499787347627,2542.674017619499,2562.1492543172185,6076692
2020-12-21,2519.402587890625,2578.6769575271564,2488.00115250758,2555.8963365616473,2705195
2020-12-22,2566.169921875,2576.130772710988,2518.0625238260877,2531.775651381636,2881737
2020-12-23,2598.553955078125,2607.710870605259,2559.8715268400847,2569.341204773514,2790988
2020-12-24,2599.08984375,2609.8101342197256,2575.7284132384684,2598.7770813693523,1807144
2020-12-28,2617.00146484375,2635.136666349389,2592.5235557290544,2599.670415979169,2108994
2020-12-29,2617.98486328125,2637.19205473682,2608.6046069889953,2608.6046069889953,1994151
2020-12-30,2599.045654296875,2633.350503448529,2592.524099330231,2621.4688021703814,2637968
2020-12-31,2557.45947265625,2595.203831304307,2541.60237523606,2590.73704329862,4040956
2021-01-01,2615.974609375,2626.471562046444,2571.9767439223515,2572.8701015965166,2681440
2021-01-04,2715.315673828125,2725.4106581808696,2627.319951520228,2635.404881302488,5113293
2021-01-05,2763.15478515625,2782.1386322899616,2715.4495812480673,2715.4495812480673,5801309
2021-01-06,2726.080810546875,2781.4689836597395,2713.305752804704,2769.4086556432285,3726716
2021-01-07,2709.375,2752.300876730319,2680.2961662081784,2747.0746474760936,3717827
2021-01-08,2788.079833984375,2794.422760612635,2733.6744397297516,2760.4751695310238,5879039
2021-01-11,2837.70556640625,2885.544907172452,2810.994262711835,2885.544907172452,9508039
2021-01-12,2836.276123046875,2867.6775516745147,2814.076102110505,2837.7053641723346,3611458
2021-01-13,2822.07177734375,2838.196924675898,2792.8590291998826,2836.4102095832473,3572801
2021-01-14,2909.5634765625,2923.7054292769126,2792.9374363990723,2823.906514424815,6931542
2021-01-15,2894.03466796875,2930.4186731272484,2873.1349849537164,2895.5114256465026,4131692
2021-01-18,2883.65185546875,2914.978871823652,2852.906539152469,2908.9372329552066,4160906
2021-01-19,2918.513916015625,2934.8935117982587,2892.8258097383264,2893.720867228963,2975735
2021-01-20,2961.56689453125,2978.707161690894,2924.243032988775,2926.8386128521356,3453446
2021-01-21,2930.28466796875,2961.880029201729,2919.76774024708,2958.165627244179,2778546
2021-01-22,2956.465087890625,2976.066763526629,2901.6873834723183,2901.6873834723183,3052459
2021-01-25,2945.90283203125,2989.3131213497177,2934.5802233960394,2961.700509705165,2272887
2021-01-27,2918.827880859375,2959.4634119812754,2888.3511232579795,2953.690333669455,2786662
2021-01-28,2861.096435546875,2931.3136610675465,2849.684451064856,2891.0360687780685,3083938
2021-01-29,2784.837890625,2879.266478935346,2774.678898218704,2873.1800428094575,5445659
2021-02-01,2809.899169921875,2832.8573100025524,2724.6449333412297,2774.6785658792774,3985846
2021-02-02,2867.2724609375,2885.6659398349148,2819.431671985106,2840.9130561526113,2881837
2021-02-03,2864.22900390625,2896.4062796564235,2830.7537198712025,2875.8199556662817,2505866
2021-02-04,2853.846435546875,2898.0624132535695,2842.7030118398384,2878.5501133600033,2057261
2021-02-05,2826.54736328125,2869.420757362734,2800.635487090299,2863.2447282447215,2366135
2021-02-08,2876.804443359375,2887.45554036877,2824.0406280894126,2854.7859411054533,2526592
2021-02-09,2843.508544921875,2905.1781477728023,2831.962388709635,2859.7091757039457,2658751
2021-02-10,2876.0888671875,2881.5485878862137,2825.9656374501346,2850.758691312665,2127983
2021-02-11,2869.554443359375,2881.458752221397,2850.8030317956145,2877.609961135493,1165882
2021-02-12,2855.9501953125,2904.9098085262062,2848.07364373144,2850.0427269967176,2777404
2021-02-15,2810.346923828125,2872.2400745488662,2802.9179014333436,2872.2400745488662,2630853
2021-02-16,2782.555419921875,2835.229434425715,2774.678868462251,2819.4317534374486,3435770
2021-02-17,2750.601806640625,2804.081502297828,2725.94292418591,2779.24365201352,3678426
2021-02-18,2736.50439453125,2772.7988047820722,2712.9195397617773,2743.351497647591,4189909
2021-02-19,2749.482666015625,2763.1768719320535,2699.627784873394,2737.0860313434,3725028
2021-02-22,2647.982666015625,2771.097861816792,2634.2882433433674,2771.097861816792,5366696
2021-02-23,2667.45068359375,2710.2344816648356,2656.531024300275,2658.32113954576,3832829
2021-02-24,2638.71923828125,2688.1711676885798,2614.597262605096,2660.1110262187194,3774549
2021-02-25,2680.966064453125,2711.9349262026285,2656.9336805616276,2661.901293929805,4224073
2021-02-26,2590.564697265625,2660.4239715989356,2577.7653326391705,2649.369925212481,5553153
2021-03-01,2617.3271484375,2653.8455388480575,2597.277947457536,2618.9382956726527,3265871
2021-03-02,2690.8564453125,2707.5491817856246,2638.6297480674452,2649.370439036512,3306469
2021-03-03,2738.07080078125,2742.4564956280387,2682.3980430579804,2716.4998251406973,3509857
2021-03-04,2729.657470703125,2758.0755531644904,2699.5388659906343,2705.7594734081085,3916760
2021-03-05,2692.378173828125,2741.740515195055,2682.1298075688724,2699.5834315237335,3203686
2021-03-08,2691.39306640625,2714.709357642902,2681.592230629124,2699.493380366301,2003125
2021-03-09,2730.776123046875,2745.052249014523,2678.10211088763,2691.3935860216734,1942397
2021-03-10,2748.677490234375,2768.5925247123473,2738.876651802015,2752.3025177422214,3053778
2021-03-12,2737.040771484375,2789.8939554087174,2722.182949545359,2752.30154407501,2938317
2021-03-15,2744.38037109375,2773.783096357578,2721.869763156952,2721.869763156952,3097083
2021-03-16,2783.67431640625,2811.3763092419085,2738.8766336454123,2738.8766336454123,4894756
2021-03-17,2786.26953125,2823.9067472910974,2761.5212758489047,2779.153866985375,3838390
2021-03-18,2717.842529296875,2816.254073307755,2673.581972614321,2797.9053916510493,3656306
2021-03-19,2730.10498046875,2773.7838403748347,2689.6484157232585,2712.0248584497413,5776626
2021-03-22,2801.216552734375,2809.9881597356534,2701.865172530263,2728.761693487697,2821646
2021-03-23,2812.80859375,2836.4380311200434,2795.1312030543163,2810.4813561744827,3305973
2021-03-24,2793.564453125,2821.490207444266,2784.658454901001,2784.703251486434,2207104
2021-03-25,2743.217041015625,2802.290835471506,2729.925349855094,2785.5978821383233,3179786
2021-03-26,2744.96240234375,2790.789302934265,2723.7047865821437,2766.3093927439922,3697370
2021-03-30,2827.083984375,2853.8461169179855,2739.681486098845,2759.4623447748977,4694008
2021-03-31,2844.359130859375,2868.659859421223,2803.320648894624,2823.906975498895,3530069
2021-04-01,2832.857177734375,2877.6100557396576,2814.956026532262,2856.218267461097,4285076
2021-04-05,2899.001953125,2920.572928543356,2820.32647803865,2838.22762991449,5317862
2021-04-06,2922.09423828125,2931.3133744300026,2891.035786079056,2931.3133744300026,2291562
2021-04-07,2928.09130859375,2933.596043876824,2895.3323319556057,2916.9926819005923,2491268
2021-04-08,2969.219482421875,2985.0171620032165,2923.3029828226076,2926.838416716797,2578118
2021-04-09,2973.605712890625,3002.3371550683573,2960.851139511532,3002.0237974370248,2911129
2021-04-12,2905.849365234375,2987.791934199363,2875.9991061447613,2973.605183488422,3791828
2021-04-13,2778.3037109375,2876.7152547441287,2750.556924099582,2876.7152547441287,8654596
2021-04-15,2881.145751953125,2897.525350499692,2763.4456720733783,2828.650708677089,6062760
2021-04-16,2859.843017578125,2906.2518385333483,2848.6102202432676,2890.1408027792368,3224657
2021-04-19,2829.992919921875,2854.3384408434645,2806.094927761785,2836.4372903834865,2679106
2021-04-20,2814.553466796875,2886.874165788868,2798.2634619087594,2886.5608082156655,3141893
2021-04-22,2791.505859375,2817.641499208782,2779.3777844403016,2817.641499208782,1988980
2021-04-23,2783.181640625,2791.6846879271184,2766.6678714106597,2779.153881376628,1615309
2021-04-26,2775.394775390625,2822.1167405211468,2763.98279047415,2776.5135974412597,2490260
2021-04-27,2803.32080078125,2806.990624869692,2777.3641266999425,2780.049299880767,1471417
2021-04-28,2796.25,2820.3269660309993,2785.419713833218,2819.3871116909136,1639037
2021-04-29,2788.328369140625,2826.010383951158,2779.6015569749493,2815.4934564694463,1621395
2021-04-30,2717.0810546875,2803.364723788989,2703.0734930338713,2773.7830314278035,3072305
2021-05-03,2718.289794921875,2734.400830914168,2688.7528956026713,2707.4595110968694,1545831
2021-05-04,2729.701416015625,2765.7274778222086,2716.499318831846,2741.38195926186,1990777
2021-05-05,2770.829833984375,2774.141503478518,2732.073795286073,2747.826896825683,1939289
2021-05-06,2784.927001953125,2805.110595088908,2751.40713762071,2779.601452791514,1791671
2021-05-07,2804.126220703125,2828.248200876292,2785.24063407717,2804.2158138823747,1912540
2021-05-10,2815.403076171875,2832.140605993385,2797.0543993123856,2815.805808301401,2137153
2021-05-11,2794.90673828125,2799.829554709804,2766.757004069321,2797.0547889512027,2415625
2021-05-12,2763.57958984375,2792.5793650730893,2748.3636125340568,2792.5793650730893,1978558
2021-05-14,2731.2685546875,2773.3362663277794,2720.9753912010488,2773.3362663277794,2043935
2021-05-17,2747.603271484375,2752.4812920623617,2717.3950752427927,2734.4011709047204,2890462
2021-05-18,2764.65380859375,2796.1597907004775,2754.9871433342096,2774.678409465903,2098538
2021-05-19,2758.5673828125,2790.789454772672,2745.231112659171,2760.3574979213986,1986041
2021-05-20,2738.8759765625,2764.65367651648,2731.8051096518834,2745.230972282092,2329027
2021-05-21,2757.224609375,2764.1165083725914,2734.4902364427135,2739.7709882476465,1685566
2021-05-24,2758.1201171875,2779.1539717238966,2749.6170696089566,2758.1201171875,1652260
2021-05-25,2800.84326171875,2813.660222694823,2772.151345685038,2781.0556728434085,1841613
2021-05-26,2840.8681640625,2846.7144971530197,2791.669066433894,2806.2398834494225,1923753
2021-05-27,2860.205810546875,2894.1595115997507,2843.8361230960995,2843.970950628995,5959785
2021-05-28,2827.46630859375,2876.3955255073206,2820.315618717645,2868.7503216402747,1763701
2021-05-31,2841.452880859375,2851.5267387707327,2813.9752893482573,2833.22313007897,1652799
2021-06-01,2835.921142578125,2851.166535820747,2817.0329903440174,2849.952429216134,1377441
2021-06-02,2814.7392578125,2841.722331212589,2801.74245470922,2833.9873152578516,2240078
2021-06-03,2825.352783203125,2837.315323584591,2808.6231890349004,2837.315323584591,1281706
2021-06-04,2827.60205078125,2839.384750740931,2810.7376250310635,2813.4359331510936,1836060
2021-06-07,2863.083984375,2869.6048939016155,2818.4721006082727,2828.7255808559753,2559821
2021-06-08,2878.3291015625,2906.076781071199,2866.681453027498,2876.3954026201473,2574057
2021-06-09,2878.419677734375,2896.183536381435,2865.782559690471,2879.9936905258864,1710925
2021-06-10,2893.30517578125,2899.781069736346,2871.8985594504197,2887.188968316895,1874324
2021-06-11,2944.572998046875,2976.233094634134,2888.0883852735583,2888.5831188867132,3452954
2021-06-14,2946.866455078125,2975.9630703086164,2941.4698404907167,2949.2498720187064,1847360
2021-06-15,2934.633544921875,2966.338650265066,2924.559909978814,2966.338650265066,1304985
2021-06-16,2945.06787109375,2963.3712589364945,2925.8648278097885,2934.0497819020284,1635552
2021-06-17,2984.103271484375,3000.562991347635,2932.160851492446,2937.1077486345343,2273413
2021-06-18,2965.709716796875,3020.3054261147167,2945.652254474597,3013.9193440786485,3380431
2021-06-21,2943.943115234375,2955.545748077554,2924.6950592544204,2936.657598135488,1130569
2021-06-22,2969.217529296875,2992.468033425753,2954.646712713587,2971.735993548156,1708688
2021-06-23,2933.419677734375,2994.221622487947,2928.922498968247,2994.221622487947,1467104
2021-06-24,3034.3369140625,3042.7915233358513,2948.8004756892074,2953.7473729337676,4155204
2021-06-25,3040.8125,3057.7667325383454,3013.109834321905,3035.820587550749,2722861
2021-06-28,3001.192626953125,3050.4367406343067,2997.8197424544137,3050.4367406343067,1355238
2021-06-29,3004.880615234375,3027.77121574012,2991.9736218005073,3005.914878718562,1497322
2021-06-30,3009.287841796875,3041.892395115305,3002.7669311331892,3009.512700785278,1693146
2021-07-01,3005.46484375,3023.903278374233,2997.2350936922753,3020.305535032919,990310
2021-07-02,2991.028564453125,3003.845523862915,2963.820633074449,2996.0204767725936,1682274
2021-07-05,2987.026611328125,3034.69671382749,2969.937329300051,3005.914765148628,1972858
2021-07-06,2934.230224609375,2993.3231282658385,2928.653765103097,2979.8315877237746,2159420
2021-07-07,2945.608154296875,2952.5787839358504,2915.6120927005504,2945.6531700187747,2640710
2021-07-08,2930.81201171875,2966.339731363645,2906.8869278691786,2966.339731363645,2485811
2021-07-09,2885.525146484375,2951.9485744238727,2879.094267742479,2923.1666261052974,6365067
2021-07-12,2871.98876953125,2910.5744805885615,2867.7164491410163,2909.6750447169334,1892226
2021-07-13,2866.99658203125,2890.7866146403185,2855.708619005293,2890.7866146403185,1809339
2021-07-14,2891.281494140625,2897.9822471630723,2864.703121419735,2866.501993081537,2044279
2021-07-15,2887.134521484375,2913.1850723399903,2879.0670482525607,2909.354128396636,2232968
2021-07-16,2879.788330078125,2902.3684093258335,2877.2643699505293,2896.193740805467,1256526
2021-07-19,2870.594482421875,2884.2956990987127,2862.842365319797,2866.447960238336,1597058
2021-07-20,2889.704345703125,2897.9971707317295,2844.949762798573,2870.5947349672792,1811945
2021-07-22,2899.2138671875,2906.9657641549506,2875.4619228384026,2875.4619228384026,2859334
2021-07-23,2896.058837890625,2921.928936000391,2890.4699900186024,2911.5177372298162,1776193
2021-07-26,2882.267822265625,2906.335126590373,2876.228494224294,2884.47620534673,1259611
2021-07-27,2869.107177734375,2893.4900585340765,2849.4566404883512,2884.4760708127865,1121367
2021-07-28,2882.492919921875,2888.487133484745,2823.541310589031,2873.6591683018164,1660654
2021-07-29,2880.690185546875,2907.416570608226,2875.7324923938513,2884.7013659934373,1731997
2021-07-30,2855.1357421875,2905.6591917218257,2850.5387400953296,2901.602896898575,2999943
2021-08-02,2901.962646484375,2906.9203389239024,2854.7294465422715,2866.447628672063,2608669
2021-08-03,2961.004150390625,2965.601371242554,2901.556957190415,2910.6160570645,3804735
2021-08-04,2951.133544921875,2979.302247759192,2939.64071416425,2974.6150196206604,2929598
2021-08-05,2960.14794921875,2988.136420336867,2940.812992865469,2952.0804755967542,2534521
2021-08-06,2983.4501953125,2996.25001598812,2943.0674796032527,2949.873085476291,2292362
2021-08-09,2995.077880859375,3007.9679282815687,2983.630159608029,2996.1595154534725,1510489
2021-08-10,3005.173095703125,3019.5954751805193,2988.677675230292,2988.677675230292,2040777
2021-08-11,3014.458251953125,3028.700399033629,2999.0444623203302,3019.6864097507905,1929707
2021-08-12,3021.263427734375,3035.9111582335718,2998.052408635647,2998.052408635647,1310205
2021-08-13,3121.90380859375,3136.867113310888,3026.4457853279614,3029.3753307642432,4363584
2021-08-16,3130.512451171875,3149.8025146533923,3097.6565138297146,3118.8393824678633,2083489
2021-08-17,3202.71484375,3209.7006839993514,3121.543843032639,3138.7606470292285,4336019
2021-08-18,3209.47509765625,3240.5282380096614,3187.8866433943826,3221.46374405248,2631309
2021-08-20,3208.528564453125,3222.500243831977,3154.895343611726,3160.3037356293457,2836148
2021-08-23,3278.747314453125,3310.8371939600465,3210.6917173543,3227.0071207124874,3744176
2021-08-24,3256.933349609375,3305.7442154221,3239.987012060924,3296.4146519648043,2511141
2021-08-25,3298.218017578125,3333.147219048787,3251.390396652358,3254.0494789442555,2123263
2021-08-26,3309.80078125,3323.9978102458085,3288.2121071352803,3299.11911902594,1902533
2021-08-27,3353.338134765625,3361.766300258293,3291.0967333879994,3304.5274853859505,3944728
2021-08-30,3336.347900390625,3371.547572586646,3323.9987790752075,3348.6970217060425,2033114
2021-08-31,3413.100830078125,3429.0106480854056,3338.284743097018,3343.6480209814554,3207480
2021-09-01,3348.651123046875,3440.368442593142,3341.485047253184,3421.7095331462333,2643336
2021-09-02,3458.441650390625,3478.632894341966,3355.0061439379438,3365.8229289264596,3403717
2021-09-03,3463.218505859375,3476.6041429153784,3429.4160586452012,3447.8496158457274,1746812
2021-09-06,3472.187744140625,3495.263638567114,3437.934594016704,3470.1144831458328,1723693
2021-09-07,3439.647216796875,3488.3678606233043,3432.7516047580775,3483.004582363346,1585039
2021-09-08,3402.013916015625,3438.836142024946,3385.6536171548355,3434.329148391886,4147175
2021-09-09,3417.563232421875,3433.15747526541,3393.7663927548815,3416.0308985157835,1441148
2021-09-13,3466.19384765625,3472.54853292922,3395.569166011557,3395.569166011557,1691473
2021-09-14,3502.744873046875,3512.2997866196183,3447.8497841190915,3470.3396360829424,1991188
2021-09-15,3564.62646484375,3587.567018979139,3484.807561651596,3499.320169529462,2461369
2021-09-16,3518.43017578125,3589.1448715614424,3508.3345526732514,3542.497481066483,2946666
2021-09-17,3450.4189453125,3556.0177102003627,3429.8218979245576,3533.4827437225404,6477148
2021-09-20,3446.497802734375,3489.314239410165,3432.3910016252494,3433.4275220649233,2002008
2021-09-21,3482.058349609375,3489.8104670921075,3444.830536233843,3477.5964696921997,1568129
2021-09-22,3481.337158203125,3512.61587145685,3472.5936341812035,3481.6527357986406,1744067
2021-09-23,3487.737060546875,3496.5256982260976,3456.8641538275547,3488.413109599123,2003869
2021-09-24,3489.5849609375,3555.4770763141105,3474.8921175681544,3506.4410732399797,2320754
2021-09-27,3458.6220703125,3519.0609036680557,3427.9293972594664,3515.4553084798713,1673362
2021-09-28,3406.521240234375,3470.3854342397553,3381.372301348541,3470.3854342397553,2253075
2021-09-29,3418.013671875,3430.7234816814366,3355.1411120097137,3389.0789053971785,2489161
2021-09-30,3403.27587890625,3429.8220263978765,3380.3353261861325,3429.8220263978765,2252412
2021-10-01,3362.397216796875,3434.3288734351863,3357.7099878073673,3408.864361447117,1578374
2021-10-04,3401.248046875,3410.5773921695504,3341.8908494240823,3357.5302062212545,1356860
2021-10-05,3455.33203125,3461.3713591390515,3372.673806088339,3383.851063075,1877966
2021-10-06,3435.140380859375,3477.1005363497156,3420.8082288762844,3457.7655773305473,1678154
2021-10-07,3509.054931640625,3514.5535517698677,3443.3881680039863,3452.3570411076157,1647233
2021-10-08,3547.58935546875,3596.490230117069,3515.454583012777,3537.9895482885004,2934339
2021-10-11,3322.1953125,3387.0057944314267,3299.1194165320085,3384.752297562211,11845402
2021-10-12,3292.67431640625,3341.4849677925667,3272.618195409923,3340.5835690961026,5752877
2021-10-13,3294.792236328125,3313.0455586297558,3285.5980142935014,3290.1050074543978,3545655
2021-10-14,3261.602783203125,3314.480991345681,3258.667616112696,3273.840216247437,6442299
2021-10-18,3293.84423828125,3298.85664436386,3252.5713197317596,3254.3775763027684,3590107
2021-10-19,3282.103515625,3332.6337187453037,3274.0205617031106,3313.5776240440514,3135441
2021-10-20,3259.254638671875,3278.355713932965,3231.6640251356175,3262.0994046076776,2933693
2021-10-21,3190.30078125,3257.9902045417994,3171.1093045050425,3254.9648569726637,4871211
2021-10-22,3159.910400390625,3216.581698700128,3147.401985794719,3215.136605288149,2691670
2021-10-25,3154.581787109375,3174.08944556962,3115.7924727424233,3163.658270149771,2595594
2021-10-26,3145.234130859375,3187.1391881234345,3138.3702688378958,3155.9812674687846,3878763
2021-10-27,3151.692138671875,3171.109398069094,3145.596022349492,3145.596022349492,2510813
2021-10-28,3090.18896484375,3177.2054677112747,3084.1832496401375,3177.2054677112747,2424942
2021-10-29,3068.60400390625,3125.7268655785538,3057.947046484346,3070.6812429742113,3960501
2021-11-01,3139.634765625,3149.208012678121,3082.3313258101152,3104.90953066155,2020718
2021-11-02,3146.679443359375,3173.231546531015,3133.629284083989,3155.5301444165884,3087414
2021-11-03,3153.94970703125,3178.9211155491143,3130.2877904093675,3164.7420457806443,1537639
2021-11-04,3168.7607421875,3172.9152201972943,3165.464412379283,3172.6442376331274,328991
2021-11-08,3163.43212890625,3204.298677713047,3143.969673166506,3204.298677713047,2526082
2021-11-09,3166.0966796875,3192.5583816589988,3157.336379711417,3168.1739187722114,1782692
2021-11-10,3146.769775390625,3178.740426937858,3143.0668614050232,3159.142588198891,1516489
2021-11-11,3150.292236328125,3170.0256787835583,3103.1489810057865,3142.886628026815,1284514
2021-11-12,3184.475830078125,3191.7910375739043,3148.0345121874943,3166.3680621789513,1747259
2021-11-15,3209.085693359375,3223.8067281092117,3186.2365042619317,3186.2365042619317,1809157
2021-11-16,3211.885009765625,3229.180046914694,3198.880052013405,3223.264513166528,2013204
2021-11-17,3180.727294921875,3217.7105731451347,3166.7288070493264,3206.6472520845723,1632914
2021-11-18,3139.002685546875,3179.7790566543704,3117.2374279096825,3174.631049448499,2136598
2021-11-22,3123.378662109375,3175.3537371697525,3107.032173023571,3141.4412271701285,3167936
2021-11-23,3128.662353515625,3143.7445527036148,3077.680802793466,3111.2771329613415,2153461
2021-11-24,3109.741943359375,3154.672579518946,3092.311521816492,3135.8422649122226,2161746
2021-11-25,3112.089599609375,3127.5331811342253,3101.3876619652233,3110.2833430796986,1849619
2021-11-26,3112.947998046875,3151.917897610604,3081.3834862616445,3093.214555678029,1941251
2021-11-29,3162.7548828125,3187.455526703906,3076.460941212236,3113.218213998952,2981745
2021-11-30,3187.275146484375,3218.5234738088843,3152.820890092407,3152.820890092407,5588446
2021-12-01,3231.212158203125,3242.230278281959,3192.5582266648257,3192.5582266648257,2102118
2021-12-02,3290.00634765625,3294.612390674872,3227.8712903647343,3241.508396858691,3152938
2021-12-03,3287.79345703125,3310.823229251387,3279.1235574307984,3293.2122269654,2486263
2021-12-06,3193.822998046875,3303.6434932351835,3180.81803804656,3287.7935466477056,1849642
2021-12-07,3237.263427734375,3249.455659921406,3182.8951475613785,3217.3946049110646,1484458
2021-12-08,3275.5556640625,3293.211864921609,3252.1647312810596,3252.1647312810596,1428660
2021-12-09,3252.842529296875,3282.645764798172,3220.5556908371364,3260.293338172199,1567957
2021-12-10,3284.496826171875,3289.1930489201604,3228.773857881583,3237.714739258313,1510718
2021-12-13,3259.976806640625,3307.255658829015,3252.796981135273,3296.4181198049987,1883864
2021-12-14,3272.7568359375,3282.871830215888,3230.2193988546605,3255.7779774218093,1747007
2021-12-15,3224.484130859375,3272.033746430734,3213.465789491573,3269.324361600678,1603233
2021-12-16,3234.644287109375,3258.893148767848,3224.167911023096,3235.0054502198122,2072320
2021-12-17,3237.127685546875,3297.6372755764482,3227.50923782263,3253.5193743513096,4333992
2021-12-20,3212.3369140625,3256.680601125865,3170.115666668536,3241.3274202553325,2312310
2021-12-21,3258.758056640625,3288.470891043131,3220.9168466296323,3235.5926822596566,2340989
2021-12-22,3279.033447265625,3284.4974181986313,3256.906801405126,3272.937330548957,1224328
2021-12-23,3307.88818359375,3314.9326288647185,3278.3559304669466,3294.612240865956,1792861
2021-12-24,3315.29345703125,3346.0902190382208,3291.721941628561,3328.027653753264,2209923
2021-12-27,3338.052978515625,3341.5750910911825,3299.2184571867274,3315.3843674042514,1534135
2021-12-28,3347.48974609375,3364.152416649975,3336.020062489401,3350.605494166821,1456218
2021-12-29,3336.78759765625,3359.5915838944547,3328.0272985261627,3334.5749777430733,1456923
2021-12-30,3372.05517578125,3377.699727464848,3323.51203130231,3324.731342662087,1966475
2021-12-31,3376.20947265625,3395.7621104418013,3369.842374601114,3380.2283491410294,1207141
2022-01-03,3447.91796875,3458.981290108703,3382.2153868034184,3386.7310281743175,2346158
2022-01-04,3508.427978515625,3512.4016551963764,3442.454406177501,3459.975229065224,2488606
2022-01-05,3486.933349609375,3495.1067052533153,3443.086424234813,3490.5910635152622,1733031
2022-01-06,3438.615966796875,3463.4971967542815,3406.600111123116,3442.7252448571894,1810293
2022-01-07,3480.205078125,3490.5006530638475,3428.6363614194815,3449.9502785616974,2460591
2022-01-10,3504.001953125,3592.643895688524,3486.9778987565087,3592.643895688524,3937092
2022-01-11,3536.559326171875,3544.7778802814996,3482.4620398383345,3482.4620398383345,1906106
2022-01-12,3485.984619140625,3548.390868967088,3464.8967069475575,3544.7783559928275,3203744
2022-01-13,3520.303466796875,3542.972073741632,3483.3656100997896,3538.456432556644,6684507
2022-01-14,3583.74853515625,3591.7413089405372,3486.1204965938937,3502.1962246997864,3348123
2022-01-17,3629.80810546875,3651.347804134479,3578.465392681304,3605.9204054611096,3442604
2022-01-18,3604.023681640625,3650.1734029085724,3594.4504339971777,3643.1741589730254,2389041
2022-01-19,3541.64306640625,3629.7171744310326,3537.888586892461,3629.7171744310326,3102539
2022-01-20,3461.938232421875,3546.483829539819,3447.869865912309,3537.436676913442,6176776
2022-01-21,3468.226318359375,3484.5564747160656,3411.772168477635,3444.25136141754,3112358
2022-01-24,3411.998291015625,3482.8373255424476,3383.7259365979053,3474.1069108493634,3258414
2022-01-25,3410.685791015625,3446.4220419068915,3367.5309195579216,3410.323993281745,3330501
2022-01-27,3301.532470703125,3377.6641785867687,3279.6836834859705,3375.492950111217,5718297
2022-01-28,3338.444580078125,3374.4070115633695,3298.5918288101216,3298.5918288101216,3143862
2022-01-31,3380.24267578125,3399.9202343488623,3366.8075646839798,3391.7777963208846,2739393
2022-02-01,3438.50634765625,3445.1560939092064,3380.37838572514,3410.776910198978,2105169
2022-02-02,3488.762939453125,3495.819762652663,3438.505962613146,3463.1594534341307,1984212
2022-02-03,3460.174072265625,3512.5569974763753,3452.438712615916,3484.0584667821045,1960538
2022-02-04,3451.397705078125,3460.2639576406796,3409.871368432909,3451.7597236613697,2307366
2022-02-07,3418.9189453125,3466.687954905488,3398.246113404801,3429.7755283619176,1919149
2022-02-08,3386.755859375,3437.646086191097,3366.445048581275,3430.272746123497,2946443
2022-02-09,3402.22705078125,3417.9690081189287,3389.1539593129573,3392.6822605127904,1638721
2022-02-10,3411.093505859375,3428.690174713259,3399.920183271069,3428.690174713259,2112459
2022-02-11,3342.8779296875,3394.9443421213036,3338.3996328921016,3394.9443421213036,3851488
2022-02-14,3377.98046875,3431.8110245961666,3356.4934821727484,3369.159495313023,5951745
2022-02-15,3454.02197265625,3469.583030992583,3390.872803170848,3425.2519831389623,3931683
2022-02-16,3449.77001953125,3486.8633470543637,3443.346452511509,3477.7256341182974,3256906
2022-02-17,3423.623291015625,3469.5828683627046,3418.91881604763,3460.5357161635843,3134372
2022-02-18,3432.3994140625,3452.3484313338704,3399.5584241715997,3409.8720906183303,3688883
2022-02-21,3364.997802734375,3463.06906807644,3352.467629084883,3446.9650924976213,7465922
2022-02-22,3244.67041015625,3318.4046968025664,3229.8331696607206,3302.210383546675,5408531
2022-02-23,3224.223876953125,3277.69240947985,3216.8503159969687,3266.9263876086884,2426203
2022-02-24,3077.52490234375,3151.89268130814,3067.9803320403,3142.9811467005543,5039136
2022-02-25,3185.276123046875,3193.6447388640117,3132.1241036677643,3137.55239500861,2549723
2022-02-28,3215.538818359375,3224.1788929601125,3126.6052672941796,3157.4561449121834,3288942
2022-03-02,3208.255859375,3231.5975567381843,3171.9316308468897,3214.0008894990233,2761341
2022-03-03,3206.672607421875,3237.61404532355,3193.735356195633,3223.3647802974738,1928039
2022-03-04,3188.533203125,3221.871826760319,3154.787280934763,3167.8603718078007,2370257
2022-03-07,3152.841796875,3209.9294122592237,3104.575375246047,3121.2673259003163,3054130
2022-03-08,3256.9296875,3265.117404857584,3130.3148298163596,3130.3148298163596,3300992
2022-03-09,3286.468994140625,3305.829813839922,3254.306320002836,3261.498762696475,2719654
2022-03-10,3275.9287109375,3332.9710528553214,3270.5456992594973,3332.9710528553214,2005441
2022-03-11,3256.206298828125,3293.0283918045234,3250.5067685886465,3259.915720268282,1623423
2022-03-14,3295.877685546875,3300.7180005292334,3238.880624281585,3238.880624281585,1765688
2022-03-15,3251.4560546875,3310.3531059234347,3243.765975048159,3310.3531059234347,3651133
2022-03-16,3307.548583984375,3318.4957274888634,3271.67671061385,3293.616056685716,3090475
2022-03-17,3322.792724609375,3356.4933655437426,3311.529064633703,3344.370270310392,3600452
2022-03-21,3281.130615234375,3360.0670174825664,3270.5454914293628,3343.827423602469,2413831
2022-03-22,3348.305908203125,3357.3983407712244,3279.592828158364,3293.1635571024676,2907611
2022-03-23,3358.6650390625,3374.4072180326966,3338.3995044058297,3354.6843800370775,1596195
2022-03-24,3392.546875,3400.101115493199,3342.9231507040713,3347.446727362669,1879046
2022-03-25,3354.186767578125,3419.371550532853,3322.114653672876,3401.639041917045,1690133
2022-03-28,3354.412353515625,3359.207388037682,3312.3430985886785,3342.9225151627347,1760990
2022-03-29,3352.28662109375,3367.350041121125,3339.3038693654144,3342.696551432637,2689063
2022-03-30,3375.989990234375,3381.8253589977094,3353.055371960706,3381.8253589977094,1583455
2022-03-31,3383.58984375,3396.889114098041,3365.7217170941544,3383.635123689236,2168110
2022-04-01,3400.598388671875,3404.4434284196254,3372.823675140147,3390.8726998981547,1387014
2022-04-04,3411.093505859375,3419.823920373774,3381.0117213746057,3403.5390445624703,1472994
2022-04-05,3451.307861328125,3470.1259831477914,3412.5860035387204,3412.5860035387204,2314947
2022-04-06,3397.522216796875,3446.3315562552516,3375.6279328854075,3446.3315562552516,2051729
2022-04-07,3333.1064453125,3388.610811676233,3328.4472503422403,3388.610811676233,2494829
2022-04-08,3334.46337890625,3351.969705801812,3295.4250076607555,3338.3989782479584,2296773
2022-04-11,3344.189697265625,3358.6200836530975,3307.729845734869,3338.399607435814,2291660
2022-04-12,3339.394287109375,3382.7300558525158,3300.717713189157,3332.066005804979,4483476
2022-04-13,3313.02197265625,3356.357965750695,3307.23188339495,3353.7794389315745,1621672
2022-04-18,3191.880615234375,3266.021984246925,3186.859401526259,3266.021984246925,3820792
2022-04-19,3141.08056640625,3223.9978457425636,3111.451144060185,3211.738910794829,3170014
2022-04-20,3217.89111328125,3229.064213633447,3148.408940757941,3166.5032450151703,2640370
2022-04-21,3282.8955078125,3296.7829778072323,3227.4816885505097,3238.8811911498055,2280996
2022-04-22,3268.3291015625,3272.3550402260457,3231.1904965903573,3239.875851290963,1581465
2022-04-25,3210.111083984375,3242.49993893388,3196.4500142013603,3218.9773389304532,1960694
2022-04-26,3208.39208984375,3246.0281158766556,3182.9242202148794,3234.492995164288,1943469
2022-04-27,3221.87158203125,3228.4307669380228,3172.2028081227777,3208.1199557815607,1727648
2022-04-28,3242.77099609375,3260.9556405482545,3200.9279147316383,3246.118398427169,1703660
2022-04-29,3208.753173828125,3278.0091626390154,3199.8418621397595,3254.260389984831,2051115
2022-05-02,3204.86328125,3209.8844951695896,3159.944256485502,3184.5071876930824,1324161
2022-05-04,3148.182861328125,3207.6226085138114,3135.109770265168,3201.3348817614974,2305825
2022-05-05,3178.626708984375,3196.3592175631156,3153.249621024076,3177.450755773528,1612262
2022-05-06,3105.526123046875,3143.433609377856,3098.1978400674825,3129.4105208916403,2010812
2022-05-09,3116.83447265625,3126.695780139507,3027.9462028649577,3074.222297718184,2481830
2022-05-10,3111.089599609375,3134.6574763025037,3095.9356190078606,3106.7922021253635,1622685
2022-05-11,3086.88818359375,3119.8650076163262,3059.8823472120976,3107.696632662524,1841769
2022-05-12,3083.857421875,3120.996025537377,3030.8865228657683,3056.1279889527377,2807195
2022-05-13,3089.511962890625,3112.1298437307796,3059.882538990023,3107.696827437206,2187823
2022-05-16,3055.042236328125,3103.1730392926283,3045.814185751255,3089.602311715547,1195813
2022-05-17,3122.715087890625,3136.6476136874358,3031.157732502204,3048.8902388597226,1754076
2022-05-18,3120.182373046875,3161.9801784404035,3114.980259734705,3134.8387176812585,1866781
2022-05-19,2951.1357421875,3080.5552974650673,2922.23013533397,3073.317575767646,4642963
2022-05-20,2979.2275390625,2998.1360008378465,2958.4643667116375,2994.607699452437,3065125
2022-05-23,3005.238037109375,3020.753816098206,2955.704874610169,2989.9031570043508,2293690
2022-05-24,2974.70361328125,3008.04245715224,2963.4852330177805,2999.266542904786,1711510
2022-05-25,2885.125732421875,2999.159264010411,2872.738856174577,2999.159264010411,3548046
2022-05-26,2939.136474609375,2952.388796419498,2896.8750055874266,2906.39291975154,2813186
2022-05-27,2970.4228515625,2986.4529641814693,2941.185779785012,2963.045206200903,3103153
2022-05-30,3074.209228515625,3084.5470034832265,2993.2383670389063,3002.9383975752953,2094624
2022-05-31,3064.28173828125,3081.632479710448,3028.441298925182,3054.991304374039,4840965
2022-06-01,3055.947998046875,3085.8225941993755,3042.149323031451,3085.8225941993755,1493835
2022-06-02,3117.700927734375,3125.898213258655,3047.8418833505784,3055.7658815509285,2657939
2022-06-03,3133.321044921875,3167.15774945679,3125.169344805914,3150.8541268592794,1913622
2022-06-06,3124.94189453125,3145.025289025516,3075.940297625585,3113.14695565862,1084210
2022-06-07,3062.7783203125,3113.9203947859546,3056.675942611742,3097.707945134511,2308256
2022-06-08,3100.531982421875,3109.4579597414922,3048.0239051843746,3078.672555042695,2185707
2022-06-09,3121.435302734375,3130.4522277697824,3054.0354002452964,3083.090134128808,1279197
2022-06-10,3060.228515625,3090.3763967112695,3053.033210072554,3080.357492978931,1527582
2022-06-13,2932.4423828125,2999.2957117969904,2907.7137712348363,2996.5632832712113,3030921
2022-06-14,2924.199951171875,2950.021271196579,2891.54733644183,2905.4827684879556,2611493
2022-06-15,2920.32861328125,2945.5579925538746,2915.501278344141,2931.440444970515,1404536
2022-06-16,2861.763427734375,2955.440273059507,2853.61172724307,2951.0227580710934,2032028
2022-06-17,2813.39990234375,2840.5876599552294,2754.1519111685,2816.2235012686397,5240434
2022-06-20,2834.802734375,2858.802648020652,2795.27370028686,2818.0439324495096,1502769
2022-06-21,2925.474609375,2948.973539593317,2846.644000512472,2850.8338132737495,2964461
2022-06-22,2935.4931640625,2960.631592900937,2899.106372351065,2914.498962541727,3336315
2022-06-23,3013.686279296875,3022.0656815598495,2935.4932009709214,2935.4932009709214,3692578
2022-06-24,2999.38671875,3046.657640731709,2985.178002241607,3041.192783977033,2132118
2022-06-27,3019.060302734375,3062.961277579865,3011.591709066156,3051.2119235964383,2037686
2022-06-28,3022.201904296875,3032.995083856824,2980.7147170032335,3012.0464691635184,1400046
2022-06-29,2997.0185546875,3035.727957080516,2979.2577700601164,2979.2577700601164,2133994
2022-06-30,2975.70556640625,3015.598841396386,2964.6846833988416,2980.1684436500796,2719603
2022-07-01,3019.424560546875,3035.7279611006984,2961.997979035833,2969.2388698434675,1502879
2022-07-04,2946.51416015625,3022.020174729321,2937.4060656424617,3016.6009029667343,2622535
2022-07-05,2929.436279296875,2980.168317738813,2920.9201225722663,2964.684558141759,2170627
2022-07-06,2969.922119140625,2976.9808928654857,2916.639762636837,2931.4404172212226,2182144
2022-07-07,2994.604736328125,3023.3405946371045,2973.838237801356,2979.2575091887347,1989921
2022-07-08,2974.202392578125,3010.2249473898983,2960.1304323803843,3005.6709005708517,2136916
2022-07-11,2836.07861328125,2937.360583340684,2828.974254839121,2920.1917356360045,6974600
2022-07-12,2809.573486328125,2856.480166665358,2805.5204292963685,2837.0798835284977,3734815
2022-07-13,2767.72216796875,2832.617340150658,2764.306632590755,2827.152483545866,3863530
2022-07-14,2738.499267578125,2791.693959478559,2709.504735941408,2790.7807458837015,4764908
2022-07-15,2734.70947265625,2766.032520051653,2696.7196985915893,2756.5808932812083,4574806
2022-07-18,2797.63037109375,2809.9130516513364,2752.700298413885,2760.645213584595,3202795
2022-07-19,2807.447265625,2811.739325498482,2767.0832639796427,2767.0832639796427,1865074
2022-07-20,2890.138671875,2896.668060444573,2829.1816593082535,2838.08549260452,3402251
2022-07-21,2901.553955078125,2907.672442322902,2871.1895993283647,2892.147809307987,2420640
2022-07-22,2895.80078125,2919.544338586014,2870.687403298447,2908.5857736617,2075886
2022-07-25,2891.9189453125,2909.9092072579256,2875.800815693551,2890.3208216354506,1797504
2022-07-26,2845.482666015625,2893.882995302644,2827.766408250087,2890.0475421006036,2639367
2022-07-27,2912.1015625,2916.8959343691454,2840.094573912857,2844.6606423596622,1389808
2022-07-28,2977.533203125,2980.729451004447,2923.790488885272,2936.895194372029,2106333
2022-07-29,3015.34033203125,3029.403957273361,2990.7749718253767,3004.4731778032033,2430257
2022-08-01,3012.509033203125,3038.261611832842,2987.1216508281414,3038.261611832842,1306913
2022-08-02,3006.116455078125,3025.385127510291,2987.71506798887,3004.4726260721386,1269114
2022-08-03,3049.677001953125,3058.352531678699,2992.6468537686774,2995.3407894613715,2895824
2022-08-04,3063.786376953125,3093.8767249436814,3020.3175369201476,3059.2660135534634,2150567
2022-08-05,3073.009765625,3083.922624606905,3063.831923469401,3069.4938037449124,1106933
2022-08-08,3081.59375,3085.6575061432177,3046.480729823806,3072.963925616639,1068836
2022-08-10,3063.14697265625,3091.228293192638,3045.567609393633,3091.228293192638,1878359
2022-08-11,3125.47412109375,3131.1360018650403,3082.142172391089,3104.9268113130024,1449248
2022-08-12,3106.34130859375,3122.2768389784387,3087.8030306510223,3122.2768389784387,1472354
2022-08-16,3098.26025390625,3118.488072298217,3093.5115869831675,3114.972110169619,839942
2022-08-17,3105.9306640625,3121.3181784597405,3078.5342578273276,3091.3192474037414,1622326
2022-08-18,3087.803466796875,3097.620512939002,3070.2241051005085,3095.794085749769,1430659
2022-08-19,3091.9130859375,3124.5604736129826,3078.671488139052,3093.05460298909,1398410
2022-08-22,3063.421142578125,3090.406652714102,3056.891530679678,3072.9641814038578,1536532
2022-08-23,2999.5419921875,3051.868962045091,2986.2089821686523,3031.8239646910797,1849256
2022-08-24,2972.830322265625,3020.910934628797,2968.127137915689,3006.2995153561064,1691923
2022-08-25,2938.904296875,2993.6514138253665,2935.753754187514,2991.6880935432914,1946930
2022-08-26,2942.556884765625,2974.3367633644493,2937.625620393628,2953.606858759879,1457962
2022-08-29,2860.687255859375,2869.95628455178,2813.6110510349017,2853.792448712778,2539173
2022-08-30,2932.466064453125,2946.483983837748,2869.4088372413344,2881.189204713496,3431525
2022-09-01,2859.911376953125,2913.1517816917994,2850.1400346896885,2913.1517816917994,3546935
2022-09-02,2858.723876953125,2888.4947306677414,2849.5005530010544,2888.4947306677414,2052900
2022-09-05,2861.46337890625,2874.7506812553165,2842.149000623792,2852.559546387628,2147912
2022-09-06,2855.665283203125,2868.267678345394,2836.761801966016,2863.381895291034,1936453
2022-09-07,2876.257568359375,2887.4899169829637,2832.7885129576066,2832.7885129576066,1291534
2022-09-08,2894.567626953125,2907.2157254943163,2885.8466147455233,2894.8873409194225,1346113
2022-09-09,2938.402099609375,2952.8766265609283,2893.5177334956866,2917.717897591516,1561185
2022-09-12,2961.50634765625,2986.026224879591,2945.114206199852,2958.721001258323,1785928
2022-09-13,2949.08642578125,2980.2268757426973,2945.1138574436827,2980.2268757426973,1972678
2022-09-14,2849.591552734375,2868.7690378261013,2843.564476905638,2862.924560122017,5090269
2022-09-15,2834.93505859375,2865.436307205945,2830.9624897899544,2858.35890098147,2138023
2022-09-16,2747.586181640625,2825.8030735724055,2739.641266558122,2809.0455119775943,5322221
2022-09-19,2765.94140625,2777.9957812229845,2728.4996485149104,2772.5164996032154,2072220
2022-09-20,2776.443603515625,2812.652436845992,2767.037457995294,2785.3017316454284,1544295
2022-09-21,2740.736572265625,2777.4477138665134,2737.951226235223,2765.2107409837295,2253818
2022-09-22,2746.398681640625,2766.9916943371504,2720.7375114751726,2730.5088530813073,2017983
2022-09-23,2723.248779296875,2760.1882264381848,2720.463433104831,2743.2937741010114,2652374
2022-09-26,2734.527099609375,2763.247849734542,2672.154780311004,2702.975743649795,2925489
2022-09-27,2755.576416015625,2762.4712234945255,2717.723755742052,2748.225001722924,2227447
2022-09-28,2772.196533203125,2785.255531131495,2721.376289988871,2721.376289988871,2739767
2022-09-29,2737.175537109375,2790.6442451926923,2730.5090323395707,2788.9547106237624,2493902
2022-09-30,2743.79638671875,2757.6314856967606,2694.07194317331,2731.2854030730373,2817353
2022-10-03,2725.897216796875,2758.5446069021023,2715.8975712712413,2735.0750591652213,1763331
2022-10-04,2822.8798828125,2829.1354846047225,2760.6444706133234,2766.991259986022,2145875
2022-10-06,2832.7431640625,2852.8795705385355,2824.0676339984425,2841.007792556141,1790816
2022-10-07,2798.90869140625,2835.528651415544,2792.699016361021,2828.5881378381355,1939879
2022-10-10,2847.902587890625,2855.619198954467,2744.2071291519583,2748.773197586487,3064063
2022-10-11,2803.15478515625,2872.056705080309,2788.3607697714624,2830.9620940378245,4730645
2022-10-12,2831.647705078125,2840.0035222105507,2796.3063754248233,2817.173177091804,1665247
2022-10-13,2833.975830078125,2840.094316652109,2787.4476414102974,2831.6470907906837,2054781
2022-10-14,2830.18603515625,2876.6230391115005,2804.47915971791,2872.05697079545,2245977
2022-10-17,2849.04736328125,2864.291634309241,2812.1495572705244,2813.2482052089185,1517005
2022-10-18,2879.215087890625,2888.966117534846,2864.428608029881,2884.0676909336617,1793722
2022-10-19,2858.29443359375,2892.3080331440333,2849.2759098272336,2892.3080331440333,1194289
2022-10-20,2890.75146484375,2893.223478172987,2842.8667404199764,2842.8667404199764,1587601
2022-10-21,2872.531494140625,2893.589767367407,2863.009581745558,2891.2094010334226,1021913
2022-10-24,2894.780029296875,2909.7039805107565,2888.645707524052,2902.4710109401917,260949
2022-10-25,2895.14599609375,2915.425936356206,2885.1202495530483,2911.9925227544677,2069643
2022-10-27,2890.84326171875,2906.0419321240483,2869.7393868135377,2893.864711079994,2438421
2022-10-28,2896.199462890625,2910.162014636166,2879.490179654158,2884.0680654723683,1355739
2022-10-31,2923.574951171875,2928.9311666621556,2909.5209766905955,2928.9311666621556,1919414
2022-11-01,2984.506591796875,2987.1618994722585,2933.0053805494344,2943.122552087066,2991060
2022-11-02,2968.026611328125,2993.937491202555,2950.035608476314,2993.937491202555,1405955
2022-11-03,2936.02685546875,2955.528692338531,2925.268824580231,2955.528692338531,1422652
2022-11-04,2945.777587890625,2948.2040012539787,2898.854262857446,2945.4114464729214,1464013
2022-11-07,2960.70166015625,2969.033501281052,2925.3605177771983,2956.3984924389792,1474498
2022-11-09,2944.5419921875,2975.4427215690407,2931.3575468669605,2975.4427215690407,1162267
2022-11-10,2935.01953125,2952.7360368831214,2902.379298269611,2902.379298269611,1573092
2022-11-11,3036.008056640625,3059.4927450488603,2980.249496684402,2993.5711891457404,3265394
2022-11-14,3053.90771484375,3066.268006899031,3029.644919327827,3043.3785771670287,1342074
2022-11-15,3051.251953125,3057.9813098547515,3014.0794380795187,3040.631170674995,1400708
2022-11-16,3072.081787109375,3083.572101172035,3041.04358854174,3057.0203646219798,1748235
2022-11-17,3066.266845703125,3076.3381909711857,3037.655069373408,3058.0266541201668,1417986
2022-11-18,3061.186279296875,3078.856962431135,3040.631617644428,3067.183354142979,1164540
2022-11-21,3006.29736328125,3052.2592883139455,2996.6838038737724,3042.0048696518816,1304194
2022-11-22,3035.092041015625,3038.75434914784,2980.432136848226,3003.0926684163064,1149739
2022-11-23,3029.00390625,3048.8718855429684,3013.1643769735465,3048.8718855429684,1150011
2022-11-24,3094.787841796875,3106.507273370078,3029.003761350957,3036.28255458215,1296591
2022-11-25,3103.4853515625,3116.028934732104,3065.351660608617,3097.396854193235,1588981
2022-11-28,3108.61328125,3128.5270840236362,3081.420684927088,3081.832649933731,2195437
2022-11-29,3110.5361328125,3139.5140603178634,3097.3975112438993,3097.3975112438993,1576028
2022-11-30,3104.538818359375,3126.604091946324,3090.0726557391877,3097.3972724046434,3410702
2022-12-01,3182.22509765625,3186.2079470018184,3131.2733272259247,3135.8512122072493,2180856
2022-12-02,3148.806884765625,3176.045303410284,3124.8646330830697,3166.1572495831015,2411749
2022-12-05,3136.67529296875,3148.8066887527903,3119.3709763188076,3143.175979366735,1475065
2022-12-06,3099.54931640625,3120.2412266945635,3083.6639628154226,3113.008256336136,1166999
2022-12-07,3095.199951171875,3107.1938767444476,3070.8455115491956,3083.9383084361316,1167505
2022-12-08,3067.68701171875,3095.2001493075454,3057.5240161172374,3076.3391709310786,1285619
2022-12-09,3014.766357421875,3089.248640494397,2999.7509830840295,3089.248640494397,1797896
2022-12-12,3008.998779296875,3017.74258665527,2962.8995993254075,2980.661708390847,1527610
2022-12-13,3050.794189453125,3054.776815257126,2991.922544065168,3000.528878392252,1378016
2022-12-14,3081.2373046875,3091.903687873763,3058.851267063588,3066.084459852981,1213311
2022-12-15,3026.073974609375,3080.688059428898,3020.443041304329,3075.240420368231,1415694
2022-12-16,2966.698974609375,3014.0800939477085,2952.9194932649666,2998.515281797918,2703680
2022-12-19,2931.7236328125,2971.505412220275,2924.8109811547274,2954.5672362455175,2120965
2022-12-20,2970.0859375,2974.709646013963,2896.56506036106,2928.8391493182753,1529971
2022-12-21,2992.609619140625,3005.885487286838,2966.469847843375,2974.7100418651626,1432566
2022-12-22,2984.506591796875,3015.9109306501155,2971.139300417499,3015.9109306501155,1384101
2022-12-23,2955.8037109375,2991.0534327547557,2945.4118204185,2945.4118204185,1360281
2022-12-26,2978.280517578125,2995.7681287685164,2952.7818306731797,2955.80327966544,870157
2022-12-27,2984.32373046875,2997.4165284637297,2958.6875701824715,2993.204784147724,835883
2022-12-28,2982.12646484375,2990.366659304739,2953.651925683389,2975.4427068528094,910795
2022-12-29,2992.79296875,2995.310806046845,2955.4831978967495,2958.3215766250287,1037927
2022-12-30,2981.759765625,3020.488719956298,2972.146206498131,3008.6320417390707,1163131
2023-01-02,2986.109375,2991.053626263942,2962.0754722060647,2985.697409943739,709547
2023-01-03,3031.79638671875,3039.716039397521,2971.322473216991,2977.4567952170896,1245178
2023-01-04,3034.817138671875,3046.445145108272,3008.769018371226,3027.538346407585,1231668
2023-01-05,3031.567626953125,3055.555703863464,3004.878418594391,3049.055016609059,1826057
2023-01-06,2940.421875,3022.82381945874,2929.8469140885454,3021.4046301538124,2488376
2023-01-09,3039.669921875,3046.124784654795,2949.210866431521,2956.398235542631,2885060
2023-01-10,3008.952392578125,3019.5731759989194,2957.4055823754707,3007.6706740923137,3864655
2023-01-11,3047.681396484375,3066.725444547982,2994.9898905652262,3012.3402551402364,2720512
2023-01-12,3052.854736328125,3067.1834292049684,3035.64184133294,3047.956309200997,2250391
2023-01-13,3089.6611328125,3093.735406709676,3025.9826928604557,3060.6829798659896,1742837
2023-01-16,3121.966064453125,3139.7105804667435,3088.2560790976813,3106.0005951113,1843607
2023-01-17,3163.494873046875,3166.678731169611,3109.7462636380624,3118.173760287488,1688475
2023-01-18,3174.35693359375,3192.1014494915976,3157.736038144992,3164.9930488338864,2421189
2023-01-19,3158.5322265625,3171.5479356217456,3147.2018339606398,3164.9932159437553,1585044
2023-01-20,3149.16845703125,3178.7113332057097,3142.1455428324743,3150.947503850745,1529349
2023-01-23,3197.67333984375,3201.5126245493275,3142.1456787322145,3172.4845779389066,1067916
2023-01-24,3217.712158203125,3232.366548195451,3199.9207749894535,3207.1309214118423,1387863
2023-01-25,3211.57861328125,3216.494653144134,3188.4029967847964,3207.4117299767117,874110
2023-01-27,3194.06787109375,3226.7946017298873,3167.1467031309717,3208.066832712302,1785879
2023-01-30,3215.23046875,3238.4529506239523,3170.190316444348,3202.4488564251296,1953798
2023-01-31,3145.048095703125,3229.604025300142,3137.837949776972,3229.604025300142,2820375
2023-02-01,3191.5400390625,3201.5124857796245,3141.58361795573,3149.074726433717,2205161
2023-02-02,3240.27880859375,3248.3318414725536,3202.542533364136,3209.003522838409,1813847
2023-02-03,3260.785888671875,3281.105474455395,3233.255928175393,3281.105474455395,1804469
2023-02-06,3239.857421875,3252.21770464675,3218.2269841770576,3252.21770464675,1138714
2023-02-07,3251.656005859375,3270.805105400791,3241.215136678997,3248.2380505898204,1455647
2023-02-08,3296.181640625,3314.721952232148,3256.8064538151316,3256.8064538151316,1986946
2023-02-09,3315.611328125,3321.93195053137,3282.3226710626896,3291.4055938356746,1655427
2023-02-10,3312.520751953125,3317.0154618891215,3284.9907964766744,3296.0870901989365,1187821
2023-02-13,3260.87939453125,3323.2429633950296,3252.4518975826572,3323.2429633950296,1087939
2023-02-14,3277.453369140625,3300.628983729633,3272.677696508401,3282.0415811908283,1579818
2023-02-15,3296.696044921875,3301.705814786116,3240.044541293242,3265.1866636866666,1429449
2023-02-16,3331.71728515625,3347.589025161844,3302.642375313517,3302.8296072991216,1618931
2023-02-17,3278.436767578125,3313.7854362807207,3267.996126412151,3301.846481950705,1061369
2023-02-20,3265.468017578125,3297.9606563464345,3253.9972572032684,3279.2328843058526,1296082
2023-02-21,3231.476806640625,3285.693610909123,3225.624378346941,3271.741513301172,1139541
2023-02-22,3185.172119140625,3227.730927686991,3179.038729184025,3197.719632695283,1218430
2023-02-23,3196.643310546875,3232.7877717818465,3191.2122111789918,3203.385262454029,1441570
2023-02-24,3184.141845703125,3215.510856676009,3167.1464879187106,3204.7892553640827,977592
2023-02-27,3119.90625,3174.357152183977,3105.0644001894007,3174.357152183977,1128022
2023-02-28,3102.114990234375,3176.2300546949855,3089.988575268062,3116.769380027199,4116217
2023-03-01,3170.33056640625,3173.420694244311,3104.12794376509,3111.619051925006,1669307
2023-03-02,3110.167724609375,3155.535704440141,3106.9372298122285,3147.2019377332426,1556538
2023-03-03,3129.55126953125,3144.393121240991,3119.204357723498,3140.6475665998464,1043190
2023-03-06,3157.362060546875,3188.3563867099915,3145.329375332794,3148.044810887243,1334132
2023-03-08,3174.7314453125,3179.975312301119,3118.969693616798,3150.0108806186586,1844590
2023-03-09,3124.58837890625,3169.6753983724298,3118.9700473286325,3169.6753983724298,1648500
2023-03-10,3119.1103515625,3124.962780171706,3080.7184198861078,3102.161626866042,1024404
2023-03-13,3073.18017578125,3155.441996520239,3063.8631559770697,3120.9828541783536,1901233
2023-03-14,3010.442626953125,3094.20254548266,3005.2456242539793,3071.3547540007603,2670334
2023-03-15,2995.4130859375,3052.9543422417737,2988.952096721483,3043.2626298072746,1780522
2023-03-16,2982.3974609375,3014.983827425883,2970.2244100765306,3003.9343970761383,1901060
2023-03-17,2977.059814453125,3016.4816306299053,2944.0052567830558,2950.091781645998,6739966
2023-03-20,2943.35009765625,2968.023798134624,2898.1693513050195,2968.023798134624,2289468
2023-03-21,2908.516845703125,2955.944838867664,2900.41694680206,2943.350457383693,1815297
2023-03-22,2931.645263671875,2943.537352314146,2908.5165126380753,2930.9429722724044,1123939
2023-03-23,2925.88623046875,2946.206043775099,2903.740733922847,2916.7564426081412,1372218
2023-03-24,2922.000732421875,2968.3519698052696,2908.423097228759,2948.594078183499,1329577
2023-03-27,2923.685791015625,2952.198774452865,2908.422613099865,2935.577878965897,1524217
2023-03-28,2917.692626953125,2949.2022348899854,2912.3083934633514,2928.0866300036528,1303530
2023-03-29,2939.229736328125,2949.6237399989764,2906.6435998031798,2929.9595817323166,1740616
2023-03-31,3001.9677734375,3008.6162231712983,2951.496525190144,2987.0324227202595,2382581
2023-04-03,2996.443115234375,3019.8059619263745,2971.862917804718,3019.8059619263745,1521830
2023-04-05,3033.711669921875,3056.7000545457886,2982.86572593629,2982.86572593629,2655065
2023-04-06,3015.82666015625,3050.145438850923,3010.489290961248,3019.853176780723,1703464
2023-04-10,3055.810302734375,3063.8633357088556,3010.4891883569594,3015.171131107126,2203187
2023-04-11,3009.36572265625,3064.7530167962987,2989.0927723386585,3056.3723845643995,2348779
2023-04-12,3035.443603515625,3053.515946775307,2995.506726567161,3022.615127151451,2417727
2023-04-13,2986.002685546875,3024.53498250205,2977.715555528334,3005.8072117125635,4174070
2023-04-17,2939.79150390625,2962.171096151622,2874.9466045128725,2934.735097780408,5505048
2023-04-18,2931.59814453125,2956.037974559565,2912.730008677725,2954.2586993354394,2617302
2023-04-19,2893.066162109375,2940.260053692603,2876.117437871602,2931.5984595853874,3298034
2023-04-20,2907.29931640625,2914.9776570599597,2882.2040566754113,2893.4407196643992,2419999
2023-04-21,2959.783935546875,2963.154797269729,2903.553755576594,2912.1684847934343,1929184
2023-04-24,2972.846435546875,2978.605133726411,2927.290995096919,2950.6540724750807,1640676
2023-04-25,2973.97021484375,2988.2032759433205,2947.283139553118,2980.524935090572,2024090
2023-04-26,2994.710693359375,3004.308675175186,2978.6517225458874,2978.6517225458874,2000029
2023-04-27,2985.15966796875,2995.6940385765142,2968.96010122316,2982.397367620364,2434446
2023-04-28,3014.46875,3021.9598581773703,2992.9318139900597,2996.817734912879,2931312
2023-05-02,3014.60888671875,3029.216637993755,3005.806926726415,3029.216637993755,2321159
2023-05-03,2977.622314453125,3011.426037726288,2971.301690773196,3011.426037726288,2468285
2023-05-04,3015.82666015625,3019.3381173385533,2975.84291342919,2977.85605743618,1953253
2023-05-05,3025.1904296875,3037.6444430707684,3005.854097657769,3015.1711179679023,1710027
2023-05-08,3043.824462890625,3047.80411390233,3025.7521196330254,3038.5805959957215,928235
2023-05-09,3074.397705078125,3088.209436182946,3039.517231610019,3045.697487480777,1107375
2023-05-10,3077.721923828125,3096.1687324928753,3058.2918614663445,3080.7183214582064,1559987
2023-05-11,3073.36767578125,3099.1652267931922,3063.863423171294,3098.509800511556,1719623
2023-05-12,3066.016845703125,3080.7180991166333,3052.6264447173935,3070.5581926647205,1027479
2023-05-15,3047.99169921875,3082.591211597664,3041.717941442154,3075.1001029425056,1150390
2023-05-16,3050.89404296875,3076.0361651693447,3043.6838973752265,3049.068131149876,986306
2023-05-17,3004.590087890625,3071.354641521407,2994.8048726359266,3048.834449723517,1588815
2023-05-18,2996.302978515625,3023.55174802114,2991.7614026261303,3020.7425823848716,1369364
2023-05-19,3017.83984375,3028.7486786022114,2999.2993052666357,3005.8071597814496,1152449
2023-05-22,3088.864990234375,3097.9947789695057,3012.4089534505297,3024.535139945861,1333243
2023-05-23,3087.319580078125,3116.253891694738,3080.8117260826593,3095.70021097073,1687418
2023-05-24,3093.21923828125,3106.1880826590545,3067.60891974456,3067.60891974456,1016555
2023-05-25,3083.995849609375,3095.7007070923314,3059.27528204957,3084.4640439086934,1374917
2023-05-26,3117.1435546875,3126.273342470186,3081.6545223405287,3083.995493566859,1791115
2023-05-29,3109.1376953125,3157.502070638318,3101.3187597728675,3147.0145649988626,1210372
2023-05-30,3105.25146484375,3115.31764111134,3091.346232933408,3104.127844377834,1344224
2023-05-31,3080.249755859375,3116.0197483418215,3057.4486060308855,3098.509330335514,5815424
2023-06-01,3112.554931640625,3127.537145511338,3087.7406399172564,3103.1910479714293,1177314
2023-06-02,3095.325927734375,3123.6983164939847,3087.6942242667337,3114.662258881967,2030661
2023-06-05,3079.68798828125,3115.3644809044154,3076.0830297903385,3104.127819115761,1861468
2023-06-06,3026.688232421875,3079.641041488293,3015.7325340037587,3071.353912809856,2022849
2023-06-07,3066.578369140625,3070.277286316849,3034.83489289913,3046.0715540268034,1567196
2023-06-08,3030.574462890625,3061.9903422464713,3027.3439683433767,3053.5628458916644,1759366
2023-06-09,3005.15185546875,3043.2628241911384,3001.453166373754,3038.5808813846907,1775689
2023-06-12,3040.35986328125,3047.3827773409503,3006.7436060930113,3010.489160258185,2324605
2023-06-13,3037.36328125,3057.308401690627,3032.9623010952346,3052.626459268436,1371928
2023-06-14,3044.245849609375,3048.7405600885963,3020.6489053565506,3037.363302755835,1658544
2023-06-15,3034.104736328125,3063.490075009995,3028.161569428794,3061.4619592295066,2273810
2023-06-16,2995.049560546875,3018.1616952567692,2977.2202916092183,3015.897741531898,4156189
2023-06-19,3028.5390625,3032.7841491545632,2995.1444729417135,3009.2947617902573,1468186
2023-06-20,3044.85888671875,3049.387024882799,3019.7186341521838,3031.935003240005,1528452
2023-06-21,3073.631103515625,3076.6497854869594,3041.321280032402,3065.895658991995,1645987
2023-06-22,3055.047607421875,3082.5462454987173,3047.1235371554394,3075.3296897314535,1529603
2023-06-23,3034.15234375,3065.3299641297376,3027.3600205203866,3053.9155354174472,1119505
2023-06-26,3008.964599609375,3031.84090070026,2993.257870572284,3023.4451544860294,1978803
2023-06-27,3016.228515625,3027.8315683098626,3002.0310129898603,3020.615013073112,863542
2023-06-28,3033.302978515625,3047.924943366876,3012.5020082618694,3026.2750479234514,1575872
2023-06-30,3115.185791015625,3122.4967728856745,3032.0293603212,3037.595047943164,2672406
2023-07-03,3086.9326171875,3130.798511071719,3083.5836695492567,3126.5534245667945,1687264
2023-07-04,3121.412109375,3127.213635307182,3091.649291007,3103.629822069571,1656681
2023-07-05,3131.88330078125,3140.420687553016,3117.7802260026187,3131.930514471617,1453008
2023-07-06,3134.666015625,3139.9016682049382,3114.9500399615063,3119.2423400157145,1848238
2023-07-07,3140.65625,3166.739853997233,3114.949894871217,3114.949894871217,1789326
2023-07-10,3086.602294921875,3136.4113550593956,3080.234665281556,3136.4113550593956,1407431
2023-07-11,3087.026611328125,3108.346469831204,3076.083860576728,3108.346469831204,1110172
2023-07-12,3075.235107421875,3102.8281714995233,3065.990436013649,3095.092726093741,1515240
2023-07-13,3151.316650390625,3176.6927438215494,3087.357296497897,3097.970013505185,4585146
2023-07-14,3315.553955078125,3325.1763353579863,3162.1177546049926,3174.3813377821602,6306101
2023-07-17,3293.904052734375,3348.8071250815974,3280.084030001309,3311.1674504613097,2743228
2023-07-18,3298.762451171875,3324.374380738022,3268.7165803794683,3279.093458412419,2600090
2023-07-19,3273.48046875,3317.62941289193,3250.4625290006256,3301.7338307538876,2405370
2023-07-20,3275.60888671875,3290.363316911589,3249.835681710628,3265.9617148792795,1715404
2023-07-21,3185.75732421875,3248.7478440814666,3177.008621662018,3219.5698773434174,3770223
2023-07-24,3210.773681640625,3228.460200845462,3189.351276356865,3197.7688541503653,1680132
2023-07-25,3214.93505859375,3222.1706100823844,3197.012088400793,3213.3745716953877,1272980
2023-07-26,3204.67333984375,3235.4593600269927,3201.552135007321,3216.070344142901,1066803
2023-07-27,3212.806884765625,3226.7575170811656,3201.5992271798964,3210.962610065145,1701769
2023-07-28,3173.555908203125,3209.7803076131813,3150.4783447244768,3201.5518453594577,2599831
2023-07-31,3236.02685546875,3240.9449989106993,3178.7582743396747,3182.068594278817,2743678
2023-08-01,3264.968505859375,3272.4876147460213,3229.926359640943,3229.926359640943,1956167
2023-08-02,3254.18603515625,3259.624417506457,3228.6021776972843,3248.794989269264,1914899
2023-08-03,3215.69189453125,3247.187269063804,3185.473449998366,3234.655344119481,2026351
2023-08-04,3256.92919921875,3282.8915189821096,3216.9215727277156,3216.9215727277156,2248493
2023-08-07,3295.233642578125,3298.9695280578644,3254.7531216826624,3266.7648051470655,1853889
2023-08-08,3282.51318359375,3300.8143843885464,3269.271904484311,3295.2342234134017,1634225
2023-08-09,3274.85205078125,3279.108176190208,3239.431675504175,3277.1218919688613,1794589
2023-08-10,3255.557861328125,3277.1220463550735,3244.16085656975,3263.0296339231263,1096701
2023-08-11,3261.89404296875,3278.776532537917,3228.9799655040233,3251.773970336689,1679974
2023-08-14,3262.88720703125,3267.7580130080946,3226.142570874272,3254.232948132693,1190425
2023-08-16,3270.974365234375,3278.1625809725333,3249.031719010477,3263.0296896581763,1328445
2023-08-17,3249.552001953125,3273.2444814171304,3228.224036788729,3267.758762060117,1843241
2023-08-18,3184.62255859375,3225.197531954498,3174.596925514743,3225.197531954498,2526749
2023-08-21,3217.299560546875,3224.9606783508807,3189.256516577218,3192.093933406913,1375579
2023-08-22,3198.8564453125,3226.1430303250795,3182.683307452924,3215.739168309959,1222012
2023-08-23,3214.083984375,3217.630755489958,3193.039809092915,3204.389476660781,1330046
2023-08-24,3204.15283203125,3228.0817592257495,3195.025900609642,3223.3053948970555,1152881
2023-08-25,3198.052734375,3202.3088598583554,3168.685422357932,3192.094112516386,1158046
2023-08-28,3192.614501953125,3210.0645710735944,3178.001849954995,3210.0645710735944,1037485
2023-08-29,3193.181640625,3205.855574832094,3182.636000031818,3197.8162268379574,944517
2023-08-30,3207.178955078125,3223.3996571448674,3199.7071843622844,3213.8469297045335,1188200
2023-08-31,3174.880615234375,3232.1963020236335,3162.44313175206,3216.6851809304703,3417652
2023-09-01,3196.06640625,3205.335347801777,3174.8804520541516,3183.5818178521045,1277950
2023-09-04,3233.236572265625,3246.8089755295628,3187.412335303978,3194.9314439412847,1828332
2023-09-05,3243.49853515625,3260.191911675821,3220.6098548490877,3234.6551604094307,1501842
2023-09-06,3244.018798828125,3257.2600783046946,3213.942363030444,3247.8966944672416,1314818
2023-09-07,3267.99462890625,3272.487205271869,3236.8303821940267,3244.8697293746077,1885092
2023-09-08,3255.368408203125,3277.2166113090193,3248.8897779790445,3267.9950061256823,1518917
2023-09-11,3292.0185546875,3296.794919708604,3258.3006734638248,3274.37937054623,1783604
2023-09-12,3386.740966796875,3395.3476597908902,3294.24112670406,3302.753377677456,4476016
2023-09-13,3374.492919921875,3394.3548393912247,3352.881167564008,3377.5667884111795,1754929
2023-09-14,3367.115478515625,3402.724969170952,3353.448632941184,3376.573535094419,2604721
2023-09-15,3403.29248046875,3411.8520676923513,3369.385255912165,3374.4927449137253,2952897
2023-09-18,3410.716796875,3423.1542791511733,3381.4914959863354,3386.0314090812585,1395753
2023-09-20,3410.62255859375,3428.545529732781,3385.9842748809256,3385.9842748809256,1649396
2023-09-21,3390.996826171875,3409.6291501028677,3336.8021197123207,3394.07069433771,2004073
2023-09-22,3408.352294921875,3436.821136153463,3371.844336912951,3389.767307044792,1989083
2023-09-25,3383.288330078125,3423.816191448461,3365.7909268897833,3407.2645938378673,1238778
2023-09-26,3391.375244140625,3400.123946328617,3344.3687499178695,3374.256300567167,1726062
2023-09-27,3394.780029296875,3418.141381042953,3363.000869306307,3395.442047023852,1541134
2023-09-28,3345.077880859375,3407.5483855217467,3336.187400782379,3404.9000837191634,1755753
2023-09-29,3337.369873046875,3375.0600892481143,3315.569006867015,3345.5036630036134,2243791
2023-10-03,3323.4189453125,3342.665949831353,3291.4980077975183,3342.665949831353,1948148
2023-10-04,3346.02392578125,3355.7184336575156,3288.8500206343624,3297.362271452547,1788138
2023-10-05,3394.827392578125,3427.5994639632845,3358.7447707127926,3361.39307255119,2990768
2023-10-06,3425.140380859375,3437.956093195864,3381.3024289058944,3396.3879823671864,2075691
2023-10-09,3441.171875,3479.618780028991,3434.220111520866,3447.508726297345,4233074
2023-10-10,3432.234130859375,3450.2991116642156,3406.177369170832,3442.780002709694,1848148
2023-10-11,3414.263916015625,3452.190817082202,3409.629560433243,3452.190817082202,2426417
2023-10-12,3350.563720703125,3394.1652209191284,3346.354931906954,3381.255066664783,4241281
2023-10-13,3377.329833984375,3383.14644574169,3333.964557237757,3338.69358497852,2890357
2023-10-16,3333.06640625,3380.9240330082193,3328.384714521745,3372.7429065997326,1671104
2023-10-17,3316.987548828125,3342.6187418350314,3313.488114318349,3338.693740990612,1672065
2023-10-18,3298.260498046875,3331.789259566091,3295.1866299219478,3320.723380498266,1408245
2023-10-19,3276.829833984375,3296.9329793982606,3273.2738858343305,3289.9632284213567,1514545
2023-10-20,3313.717041015625,3318.4108463185244,3265.830272123187,3271.851538812367,1481211
2023-10-23,3233.6845703125,3298.924416859817,3225.292670958359,3293.28235834345,1106272
2023-10-25,3214.671875,3247.7658047580812,3202.439275108519,3215.0510835130726,1518537
2023-10-26,3164.08251953125,3199.120414069487,3157.6818131532364,3193.7628783707028,1984471
2023-10-27,3177.548095703125,3188.0263368356,3164.3200136883993,3176.6473017249436,1108851
2023-10-30,3203.719970703125,3207.7975045879466,3161.238193300146,3176.6473033537277,910972
2023-10-31,3194.427001953125,3223.1116525829084,3176.694718774307,3223.1116525829084,999811
2023-11-01,3158.29833984375,3197.1294802109005,3139.665263486284,3181.3883899113507,1563475
2023-11-02,3186.224853515625,3201.254523980291,3170.199239637595,3170.199239637595,1245384
2023-11-03,3177.50048828125,3212.585844899684,3171.2421581670574,3206.9912455011868,1402598
2023-11-06,3205.33203125,3216.7585255882636,3185.181656081281,3200.35370326714,1099852
2023-11-07,3196.03857421875,3227.9946469849847,3191.818895598761,3203.197929094657,1191144
2023-11-08,3206.564697265625,3225.9089641664814,3195.18566226346,3196.9872502026456,992899
2023-11-09,3174.22900390625,3215.9995888748977,3169.1085310424833,3214.672127467861,2112352
2023-11-10,3160.953369140625,3174.228908841592,3150.427901567654,3165.2679658448474,1338557
2023-11-13,3159.15234375,3182.337083410859,3154.8377462776903,3182.337083410859,1030990
2023-11-15,3228.137451171875,3236.387205247155,3182.384247933324,3208.0345356358303,2059802
2023-11-16,3316.846435546875,3346.716401326636,3237.524943071945,3252.554843852836,3951984
2023-11-17,3321.208740234375,3342.1177656056184,3311.8211279487155,3316.846915251043,2021292
2023-11-20,3337.47119140625,3351.0310234505346,3310.5881275421775,3310.5881275421775,1475621
2023-11-21,3328.55712890625,3355.9143164052966,3319.833248932259,3337.4708446570817,1807236
2023-11-22,3347.47509765625,3349.8457300587393,3300.963475125066,3318.885363485057,1798051
2023-11-23,3326.708251953125,3360.608293286361,3318.8851654916093,3347.3327526243943,2729804
2023-11-24,3278.205322265625,3323.199877840785,3274.3173926197233,3313.4328262848157,1989733
2023-11-28,3290.579833984375,3301.1055341791257,3255.35233000702,3278.2053183724934,1689195
2023-11-29,3331.923828125,3335.953903192814,3295.9376747032284,3300.868543778904,1441634
2023-11-30,3307.126953125,3334.6735150515265,3300.8683912942124,3318.3636112436993,3266235
2023-12-01,3329.93212890625,3334.9579154648036,3309.4500056304237,3318.8850754721416,1172141
2023-12-04,3330.69091796875,3364.2117512474415,3316.98870959502,3361.224615649316,1625213
2023-12-05,3348.849853515625,3354.9185791452924,3321.5401251680364,3354.9185791452924,1377656
2023-12-06,3417.598388671875,3425.8956015934377,3342.733636591101,3349.7983059413914,1896572
2023-12-07,3427.839599609375,3442.6798976281516,3405.8401768080976,3418.451987724418,1967653
2023-12-08,3439.02880859375,3456.381883280356,3415.6544667870103,3445.002848273671,1641155
2023-12-11,3454.390380859375,3463.967827707981,3427.9342176743367,3435.4253229469305,1102503
2023-12-12,3482.07958984375,3507.018456073914,3443.1063027918103,3450.64486709552,2236866
2023-12-13,3407.594482421875,3461.1233158964483,3378.625308092889,3455.00713058484,3850968
2023-12-14,3477.480224609375,3487.673942630931,3439.8820921373363,3442.157806348635,3290396
2023-12-15,3661.20458984375,3694.3459836912725,3476.9589978788713,3476.9589978788713,8531230
2023-12-18,3659.49755859375,3725.6856575541797,3631.950765447862,3658.4546193042174,2521612
2023-12-19,3618.722412109375,3655.6095861879026,3593.8782342059817,3646.0321399794193,2004435
2023-12-20,3584.443115234375,3697.0481375054533,3571.6417021761895,3629.2006019956616,2586083
2023-12-21,3591.507568359375,3609.7139762658885,3549.6422988122054,3561.874667630337,1517562
2023-12-22,3626.118896484375,3646.9330002294705,3567.327219815434,3603.360828096398,2413058
2023-12-26,3599.14111328125,3635.6013886790356,3594.020409040858,3622.1837035954127,1285231
2023-12-27,3613.9814453125,3620.619215684377,3573.0169658903283,3602.4128061086403,1293976
2023-12-28,3603.265869140625,3639.3943948975834,3595.8696822044644,3626.118855155904,1682889
2023-12-29,3597.102294921875,3624.7914635502243,3570.5512149274923,3595.774833524974,1574996
2024-01-01,3613.88671875,3633.705111751459,3577.7581906676032,3593.8784899629513,825907
2024-01-02,3587.4306640625,3613.887061377392,3572.306075179335,3613.887061377392,1344068
2024-01-03,3500.712646484375,3576.667796440322,3496.255904152082,3572.0686772686777,1803075
2024-01-04,3477.0537109375,3526.552465032622,3462.071269113768,3510.1951028326184,3598144
2024-01-05,3544.474609375,3553.814993535783,3484.687446080239,3484.829591419919,1963127
2024-01-08,3487.958740234375,3546.2288355043906,3482.3639091369514,3544.4744750104824,1067805
2024-01-09,3498.958251953125,3558.1768302364985,3492.1783363813142,3517.9707687302525,1370944
2024-01-10,3520.91015625,3536.271805530707,3497.1563769651393,3499.0528825925608,1292227
2024-01-11,3542.245849609375,3577.757871232071,3515.173185437924,3531.2934832939923,1777909
2024-01-12,3681.87646484375,3703.1646964851307,3623.843432744319,3648.8772170987218,6813450
2024-01-15,3701.789794921875,3759.8228273170075,3683.962593726753,3755.0815627176166,2801505
2024-01-16,3661.489013671875,3697.2381021359224,3656.036559430459,3697.2381021359224,1432672
2024-01-17,3683.5830078125,3707.621077964697,3615.2613456327895,3621.377530038045,3458696
2024-01-18,3700.65185546875,3706.5309771399134,3662.1526951745536,3696.2897995314374,2239110
2024-01-19,3765.057373046875,3784.631985387999,3738.321317166315,3766.9193017431467,2941975
2024-01-23,3684.085205078125,3756.3202043628303,3669.28488869668,3723.9505733958886,2618854
2024-01-24,3668.37744140625,3708.3381516492786,3633.8115913955444,3704.8530094630705,2657709
2024-01-25,3638.29931640625,3686.7106213761026,3608.125678575165,3666.5630031058695,2205154
2024-01-29,3629.41943359375,3647.561756466226,3610.179116005899,3629.228508398019,1646747
2024-01-30,3628.98974609375,3674.1068379093945,3616.0513588538565,3635.5781805395054,1411621
2024-01-31,3643.69482421875,3660.9300789609506,3625.075070296022,3639.1592431350086,2459358
2024-02-01,3680.170166015625,3728.629266117496,3633.2867233259526,3647.561820475824,2363107
2024-02-02,3787.257568359375,3804.540377619733,3697.2143116152224,3700.1266783968517,2826510
2024-02-05,3793.94140625,3840.4429940895147,3783.2470318063965,3803.2034921577665,1691523
2024-02-06,3949.29736328125,3962.5698119456692,3809.8879302447262,3816.571944157436,4474396
2024-02-07,3899.07177734375,3967.439786038246,3890.0484049597753,3965.5300677296837,2124267
2024-02-08,3947.48291015625,3970.30394830911,3901.601885967036,3905.3735326080473,2345173
2024-02-09,3947.10107421875,3995.846442629643,3914.922137470945,3949.822049542002,2100596
2024-02-12,3934.688232421875,3971.8321596040623,3920.2217435041434,3943.568235900253,1013716
2024-02-13,3962.187255859375,3981.761864545992,3897.256846557426,3939.223084359503,1257415
2024-02-14,3915.017578125,3929.1493051863713,3866.7016182555567,3921.6060121436158,1391283
2024-02-15,3917.977783203125,3959.1318346649314,3898.6894441790746,3941.6581008011804,1091582
2024-02-16,3941.94482421875,3960.7081794213304,3915.0180760571698,3927.574380573637,1307556
2024-02-19,3918.55078125,3941.9448303532154,3871.9538413689106,3936.931819831098,772291
2024-02-20,3848.70263671875,3913.01248865656,3828.9848900714505,3897.830322614707,1193648
2024-02-21,3811.320068359375,3879.92678741508,3800.91219749732,3831.8495388516026,1885939
2024-02-22,3902.604736328125,3910.100240420899,3791.745501130713,3791.745501130713,2982052
2024-02-23,3869.184326171875,3943.567750543127,3863.7414432648116,3943.567750543127,2538072
2024-02-26,3820.438720703125,3867.1790230115985,3802.964754049245,3853.8109967592127,1379284
2024-02-27,3919.12353515625,3937.838866469874,3818.4814808469996,3818.4814808469996,2960475
2024-02-28,3933.01708984375,3967.3439948618516,3904.418873205376,3910.7210365348114,1939225
2024-02-29,3910.243408203125,3951.302347555784,3881.072417457666,3913.9672652685513,3772719
2024-03-01,3909.527099609375,3953.1163203771775,3902.3178674252918,3921.7971311947285,2043265
2024-03-04,3896.49365234375,3932.0143657858353,3891.9102818402757,3919.696776107662,1749271
2024-03-05,3830.989990234375,3880.547080419936,3800.3389222616497,3878.637362368548,2070859
2024-03-06,3880.833740234375,3888.1861084028096,3779.7618150673534,3813.754890991915,1744204
2024-03-07,3923.134033203125,3937.838769501806,3855.4343858729776,3881.502084875083,2688905
2024-03-11,3936.263671875,3965.5300112892123,3904.4190262849966,3904.4190262849966,2304068
2024-03-12,4003.0078125,4039.0061848224314,3935.021662321107,3936.2632588176057,4039801
2024-03-13,3961.71044921875,4049.5574873793007,3945.382265182253,4015.182559403433,2837260
2024-03-14,4017.66552734375,4034.2799836141003,3901.5545593011157,3965.9599966597148,2919608
2024-03-15,4028.789306640625,4047.6477740948294,3988.4465091753013,4003.342404564304,3373143
2024-03-18,3965.052001953125,4062.6863348127777,3931.966230813916,4024.969404270418,1526904
2024-03-19,3797.760986328125,3874.8180658535766,3787.544041009118,3868.3727671979555,8931209
2024-03-20,3791.650146484375,3836.6241061836213,3781.4332000928857,3806.068613053239,1817913
2024-03-21,3793.607421875,3827.457130409854,3769.783733909053,3809.9356057637506,3829582
2024-03-22,3734.358154296875,3760.234927722912,3680.981626808488,3721.0857067892807,5852485
2024-03-26,3702.466064453125,3768.5422658395028,3696.6891204236167,3700.0789167648895,3440925
2024-03-27,3667.518310546875,3719.176282324686,3656.5374306375725,3712.9696980281237,1968575
2024-03-28,3701.320068359375,3738.2730658344526,3667.1360687962233,3676.302808642389,4311783
2024-04-01,3739.9443359375,3755.747300480612,3712.5399267137973,3721.754223672464,1569676
2024-04-02,3708.4814453125,3733.3555689836544,3698.168921448236,3714.4015245116543,2142666
2024-04-03,3769.115234375,3801.2939382455907,3677.162259779897,3677.162259779897,3973090
2024-04-04,3822.58740234375,3846.7929401546,3757.6091953129244,3796.4241236746416,3394637
2024-04-05,3799.623046875,3821.34609124678,3781.71943887628,3798.4294730084184,1636819
2024-04-08,3793.22509765625,3850.6119826341205,3781.2415708015797,3803.2033273996694,2302538
2024-04-09,3768.3994140625,3834.571199588431,3747.8699423973926,3804.158842501693,1876992
2024-04-10,3804.77880859375,3810.0783226503027,3741.1375497009217,3777.80404193243,2101965
2024-04-12,3820.772705078125,3832.1834566112593,3767.3961802857816,3791.7450847585446,4354821
2024-04-15,3763.29052734375,3880.738193181066,3742.140492150271,3820.772996845027,4200329
2024-04-16,3697.978271484375,3751.354800517377,3688.477470314158,3725.8601098443683,3051420
2024-04-18,3687.666015625,3758.325592309684,3676.2077058923483,3701.7979775859185,3476284
2024-04-19,3653.481689453125,3678.6423189369357,3629.323708606485,3664.749072987277,2957749
2024-04-22,3690.1484375,3702.9434557287764,3639.9227574105453,3663.7942340462387,1728883
2024-04-23,3699.792724609375,3719.1764120974335,3686.329350383613,3702.036736873624,1807586
2024-04-24,3658.112548828125,3722.040311035299,3651.8103863003334,3714.4014391809424,1317312
2024-04-25,3678.30810546875,3698.789786133694,3638.967957952699,3639.1588831449344,2856271
2024-04-26,3648.85107421875,3701.7979669996466,3630.8996757316177,3681.1251267108287,2039178
2024-04-29,3695.49560546875,3702.7526278045857,3646.7977918527276,3664.7491893782994,1110693
2024-04-30,3648.182373046875,3706.5243580385472,3638.0132167519455,3697.2144816964656,2203078
2024-05-02,3688.906982421875,3696.354929571108,3607.5052491169877,3607.5052491169877,2491044
2024-05-03,3669.905517578125,3717.8396327995197,3626.173155555594,3714.545182277641,2962234
2024-05-06,3744.050048828125,3762.0967912598144,3679.071845167133,3679.071845167133,2053831
2024-05-07,3799.336669921875,3807.9781916296693,3736.841186796066,3753.360296287447,2062112
2024-05-08,3797.427001953125,3804.4453098648482,3760.8082938855846,3782.1970453271774,1247685
2024-05-09,3781.433349609375,3791.7458755726148,3733.5472540736705,3783.152142789902,1726486
2024-05-10,3718.125732421875,3794.2281887002428,3709.675369312951,3783.724738667533,1672489
2024-05-13,3769.593017578125,3776.4679568680367,3695.304928717902,3709.15038646116,931326
2024-05-14,3725.09619140625,3767.6829995665794,3717.1708144286235,3758.325333970824,1058317
2024-05-15,3705.23486328125,3749.6835974700216,3700.5561473118546,3728.2470590063567,1115021
2024-05-16,3751.930419921875,3760.15384977655,3696.6751046466734,3742.456838999375,2599399
2024-05-17,3687.63427734375,3770.2527318011416,3683.6908068363196,3769.290932634866,2765804
2024-05-21,3674.264892578125,3697.8771075598534,3664.5027255917357,3684.267744154909,1908117
2024-05-22,3685.614501953125,3694.511144474802,3671.7165505983294,3688.4998995277233,1311168
2024-05-23,3744.716796875,3755.825623852059,3679.362592585416,3694.222342264953,2095742
2024-05-24,3702.44580078125,3735.435558347241,3697.444492200765,3730.0975261410267,1309452
2024-05-27,3700.08984375,3759.048184611569,3694.6076349995965,3707.7361008082685,1841538
2024-05-28,3693.21240234375,3722.1626502155677,3683.6906848386625,3710.621060602496,1801993
2024-05-29,3658.347412109375,3701.868825659015,3654.8369389752725,3701.868825659015,1568095
2024-05-30,3593.3779296875,3649.450632771814,3573.51663617764,3632.7154213410568,2919230
2024-05-31,3530.716552734375,3606.5545098524694,3514.173654270348,3597.1288311929115,10956800
2024-06-03,3561.398193359375,3608.2377665384206,3554.8097750399984,3590.2040318841996,2156773
2024-06-04,3573.083984375,3601.9379600227116,3454.3017846252524,3558.656996551144,3395997
2024-06-05,3603.332763671875,3639.2560596894855,3558.6572353423903,3574.046023387114,2799670
2024-06-06,3684.075439453125,3693.2125315497983,3598.5715873373206,3636.5626544761217,4328036
2024-06-07,3745.19775390625,3765.443672980527,3690.7119259738774,3690.7119259738774,4552445
2024-06-10,3711.29443359375,3756.6913077396334,3695.1361604735534,3746.20779064658,1734661
2024-06-11,3704.94677734375,3731.7327440674576,3694.2707123409878,3698.117909125514,1419898
2024-06-12,3685.27734375,3744.7647106573677,3681.2378345847446,3726.394254339599,2177001
2024-06-13,3730.00146484375,3741.3988792628375,3704.8505097481875,3709.467192860258,1932323
2024-06-14,3685.66259765625,3740.437014038603,3681.7672640112555,3740.437014038603,1860730
2024-06-18,3669.3603515625,3695.2326570314176,3650.076229957929,3679.8920062119564,1774045
2024-06-19,3656.471923828125,3687.393908592031,3648.0561809382543,3681.4305657786617,1509050
2024-06-20,3642.573974609375,3664.4067692132635,3635.649067418899,3650.9897175040433,2846526
2024-06-21,3665.176025390625,3729.6647038570986,3652.961223433323,3680.805261213651,4642195
2024-06-24,3670.9951171875,3709.6593968393613,3646.4692383647352,3663.2525869100127,1702154
2024-06-25,3691.81787109375,3700.6663762407684,3648.0078731956337,3671.1873264526143,1338808
2024-06-26,3708.553466796875,3719.2292968197617,3694.2706550301955,3697.636952164433,1639845
2024-06-27,3783.862060546875,3791.4122778569417,3672.245456200075,3684.652571402827,4526556
2024-06-28,3755.008056640625,3808.72463308086,3748.9489098484837,3768.136755923504,2731571
2024-07-01,3826.2294921875,3848.8317731613156,3735.628055417014,3735.628055417014,2658723
2024-07-02,3863.93212890625,3869.7029242806193,3830.413566662013,3841.0414951059965,2307449
2024-07-03,3813.77392578125,3872.299495624929,3803.915484891203,3866.432427120768,1821198
2024-07-04,3867.346435546875,3892.7380752449785,3829.9806776191044,3847.0526133717367,2518001
2024-07-05,3858.5458984375,3872.924748847288,3835.6550315770746,3856.8146129950023,1668616
2024-07-08,3840.656494140625,3877.253000431581,3826.085330278659,3868.356357887955,1758882
2024-07-09,3833.250244140625,3853.8807875019083,3823.247627606133,3832.76934459927,1305801
2024-07-10,3759.817626953125,3850.3711716304315,3752.940855907096,3831.519811488476,2669716
2024-07-11,3773.8115234375,3827.960866068609,3746.785106452557,3780.8327046521863,4872189
2024-07-12,4024.119873046875,4039.5086599499514,3819.5931362246197,3827.960742140317,13509164
2024-07-15,4009.933349609375,4078.0285440501298,3998.2471138098213,4073.892995406388,4848030
2024-07-16,4018.829833984375,4034.314424549635,3986.561190822614,4012.6260416342875,2029521
2024-07-18,4150.69287109375,4159.782062526886,4001.085174592334,4001.085174592334,5613364
2024-07-19,4147.6552734375,4201.978624359701,4131.122202474886,4162.115767699707,3903354
2024-07-22,4133.14697265625,4164.574542569397,4111.60074098345,4145.293882588232,1896386
2024-07-23,4147.60791015625,4204.823368898603,4112.854234400738,4128.9537754903895,2365208
2024-07-24,4151.36669921875,4183.035274307572,4114.588938018566,4133.2910822410195,1809793
2024-07-25,4167.03271484375,4186.795391686849,4120.470108423073,4140.521806883495,2810342
2024-07-26,4230.0322265625,4263.387861980931,4181.059068502381,4193.543483943422,3552210
2024-07-29,4223.52490234375,4271.630052985274,4213.788075287437,4256.205525599184,1746803
2024-07-30,4208.341796875,4239.817382022423,4171.660056647635,4233.165648077155,1797906
2024-07-31,4227.62255859375,4255.242012172765,4188.723729698836,4193.543895095498,2330091
2024-08-01,4238.94970703125,4260.3509577479335,4208.052166158217,4241.166794700349,2202244
2024-08-02,4129.0009765625,4239.816748114331,4116.420535345201,4208.003662009789,2811282
2024-08-05,4005.605224609375,4086.5359851916824,3962.657741715124,4086.5359851916824,2787771
2024-08-06,4021.17431640625,4105.093194059479,4011.147997432435,4020.933308175518,2203067
2024-08-07,4049.372314453125,4092.271779894771,4029.9466743126113,4075.9312334220126,1237666
2024-08-08,4022.475341796875,4079.787286747392,4010.3769170295723,4030.62160819727,2441283
2024-08-09,4076.654541015625,4100.658868526236,4054.288787170363,4065.327153287116,1302536
2024-08-12,4044.744873046875,4086.535796818482,4035.7795546324164,4077.8595000099504,936912
2024-08-13,4045.998779296875,4081.7160162338864,4032.550329689737,4061.4713217745307,1495593
2024-08-14,4140.7626953125,4151.319044827985,4037.5146680639523,4057.6148500251006,3226545
2024-08-16,4257.2177734375,4267.774123154731,4169.5392538584465,4193.543581595454,3457058
2024-08-19,4328.5078125,4332.60495241161,4232.442026128111,4261.989540993875,2055210
2024-08-20,4360.6103515625,4400.810716604284,4338.148570584726,4342.968735663154,2212298
2024-08-21,4387.79638671875,4395.990667568384,4330.966450656232,4355.501279840781,1896990
2024-08-22,4340.076171875,4396.906100351935,4335.4490021828915,4395.990080797424,1829872
2024-08-23,4303.3466796875,4343.932561859369,4294.7668804002415,4338.148364040649,1809253
2024-08-26,4340.51025390625,4388.422408095066,4323.6876909903,4327.543822710248,1844164
2024-08-27,4335.40087890625,4347.78879700609,4325.42304328812,4342.968632042668,930697
2024-08-28,4343.98046875,4398.400316848334,4296.983862624771,4336.943216530728,1848058
2024-08-29,4349.5244140625,4392.134865975352,4299.587687061034,4299.587687061034,2133641
2024-08-30,4389.96533203125,4427.080603023993,4326.38716654949,4338.148557593329,3637222
2024-09-02,4358.44091796875,4422.983111335754,4349.716608183724,4411.414716101223,1216500
2024-09-03,4350.05419921875,4392.037646126918,4334.195668819197,4358.44100349684,1717263
2024-09-04,4318.14501953125,4325.616275634698,4277.125601728413,4315.92793181406,1265505
2024-09-05,4314.96337890625,4337.184149642632,4293.94717861249,4319.831556912344,1688793
2024-09-06,4296.4541015625,4356.417142852314,4280.306548704212,4313.035657561393,1649179
2024-09-09,4289.51318359375,4328.749518061541,4271.148541789801,4294.767352143904,1184938
2024-09-10,4345.71630859375,4376.661862432096,4280.740577709276,4282.668643733856,1385591
2024-09-11,4318.2412109375,4385.723519347326,4310.432449677661,4358.8270934249695,1325919
2024-09-12,4355.21240234375,4369.576400988136,4271.919568257996,4348.03016766192,2742216
2024-09-13,4359.93603515625,4383.4583478051045,4342.968959063557,4367.06978569543,1458786
2024-09-16,4350.921875,4382.541968659906,4332.798243146996,4364.17732856035,1155120
2024-09-17,4343.595703125,4372.661207349336,4305.371884323621,4350.922448930493,1699364
2024-09-18,4189.83203125,4335.30452036304,4165.586694851035,4335.30452036304,2961779
2024-09-19,4141.6298828125,4263.146513275474,4127.79591644136,4232.152478713516,2927551
2024-09-20,4130.78466796875,4174.937659239399,4075.449271122076,4161.633722179491,5447908
2024-09-23,4114.97509765625,4154.403955484786,4100.0325852950755,4145.342138906378,1702319
2024-09-24,4117.67431640625,4136.665956416498,4087.5002692160224,4098.731160481688,3012026
2024-09-25,4120.99951171875,4135.315493984469,4087.4993694806717,4099.405269570989,2713073
2024-09-26,4138.1123046875,4161.538121991833,4106.781227249563,4106.781227249563,3964251
2024-09-27,4153.7294921875,4220.536795895115,4145.390229526084,4179.083373733514,3012477
2024-09-30,4114.97509765625,4144.137097586929,4106.828830049065,4132.713211734694,2503416
2024-10-01,4133.67724609375,4141.244999726133,4090.34424266424,4102.490682592709,1823365
2024-10-03,4080.51025390625,4125.096775492255,4058.578505450431,4109.286730089921,3350119
2024-10-04,4099.30908203125,4143.413589175216,4072.123164749908,4073.039184333478,2965463
2024-10-07,4119.16845703125,4142.690767852346,4077.281035312133,4120.180503383442,1472619
2024-10-08,4100.2734375,4125.482806799547,4052.74679795751,4118.927570558943,1541867
2024-10-09,4099.98486328125,4140.522267860477,4093.959656255842,4106.781108518191,1082504
2024-10-10,4075.35302734375,4139.413208753188,4047.5890651136706,4100.27337464331,2378875
2024-10-11,3999.9658203125,4089.379879015455,3964.5376083735932,3993.9886275616464,5759183
2024-10-14,3987.866943359375,4015.58289160934,3973.936949192235,3991.096547994956,2137590
2024-10-15,3968.730712890625,4019.9694414378305,3947.7149825896795,3982.4681826102596,2759474
2024-10-16,3947.667236328125,3966.996146763994,3920.915318205962,3938.0751541994937,2359151
2024-10-17,3961.21142578125,3981.4081045459675,3945.738649728119,3964.87456273522,2522659
2024-10-18,3984.453125,4006.776710853755,3942.850443261172,3952.5142923868125,2361000
2024-10-21,3942.705322265625,4000.78514608908,3933.1863371253517,3993.682123072348,1595450
2024-10-22,3880.518310546875,3952.3207510778343,3871.6759836673737,3929.320744784857,1928049
2024-10-23,3929.5625,3975.272315864082,3860.85244097846,3865.153042421479,1966476
2024-10-24,3911.8291015625,3941.8837644761543,3869.4049014372445,3869.4049014372445,2676744
2024-10-25,3921.15478515625,3954.4466951167965,3897.140027934821,3920.671592744823,1759676
2024-10-28,3953.33544921875,3995.034859975357,3914.8249196323586,3932.1714800258023,1532534
2024-10-29,3938.260009765625,3965.560382816574,3923.6193731047465,3958.16763280639,1445885
2024-10-30,3947.34375,3968.9425455894743,3923.5708244501016,3938.0182306494053,1935002
2024-10-31,3835.050048828125,3941.207522795,3826.8841437384754,3933.186481064544,3740372
2024-11-01,3850.2705078125,3864.524684481904,3842.3945655856387,3855.730723825808,154895
2024-11-04,3830.89453125,3857.711711695001,3781.7056351856645,3832.972400304222,2269192
2024-11-05,3837.852783203125,3852.0102276744137,3808.6196398546176,3808.6196398546176,967590
2024-11-06,4000.494873046875,4010.303584712349,3841.6213011336513,3869.0184054781503,3792017
2024-11-07,4011.36669921875,4064.42113204854,3947.730399679977,4029.5350171557393,3724349
2024-11-08,4007.597900390625,4029.5831553300723,3979.2344111831385,4015.3289790506506,1648039
2024-11-11,4057.560546875,4091.9634724864604,3979.234766094126,3989.430410106948,1406487
2024-11-12,4056.303466796875,4076.21108805849,4024.364637890911,4074.278318457704,1587640
2024-11-13,4010.835693359375,4055.6758586730907,3992.184181532681,4037.6528745300852,1098813
2024-11-14,4006.534912109375,4020.161033061302,3978.075160993485,3996.0014114683854,1825432
2024-11-18,3884.3837890625,4071.3792519766916,3856.0686666127654,4071.3792519766916,3313944
2024-11-19,3903.760009765625,3993.247106272653,3879.1655622567805,3884.7704056996986,1776233
2024-11-21,3935.9404296875,3954.881430219902,3888.7324378023923,3908.929785762393,2384347
2024-11-22,4101.9169921875,4111.919169181845,3917.723956023629,3934.152497526441,3096553
2024-11-25,4170.046875,4182.609876587018,4109.261369387088,4136.12667634154,4052167
2024-11-26,4206.3837890625,4219.816444946144,4165.118964633349,4175.797329148291,2060669
2024-11-27,4186.91015625,4230.252607658773,4178.695885685904,4212.423091731362,1558993
2024-11-28,4102.20654296875,4194.061696846988,4090.706658783432,4173.8157475279095,2558544
2024-11-29,4127.28515625,4154.199070816993,4054.612821055958,4078.1443883814027,2017425
2024-12-02,4132.89013671875,4144.05216610549,4087.8565032973897,4126.463771120863,1670944
2024-12-03,4158.1123046875,4179.614367038159,4122.066339471409,4169.322463028103,2010905
2024-12-04,4208.0263671875,4239.482479199273,4144.873018803544,4168.549449151754,3302642
2024-12-05,4313.990234375,4338.101725875577,4213.438076368348,4252.866390721262,3746747
2024-12-06,4296.06396484375,4314.908469919546,4264.414860165169,4303.311851411364,1842087
2024-12-09,4302.490234375,4319.160373110423,4267.120454336757,4281.5199661588285,2066639
2024-12-10,4283.548828125,4342.739898114828,4263.78654175507,4277.36405967509,2087828
2024-12-11,4278.62060546875,4299.10768027082,4258.857847404851,4282.872604248985,1635256
2024-12-12,4305.19677734375,4334.23645604466,4277.219744582758,4281.13341484283,1914642
2024-12-13,4323.50927734375,4343.8033600917015,4246.68167836936,4285.868868891336,1967048
2024-12-16,4266.7822265625,4324.571847079237,4249.193834996068,4309.109690754485,1646224
2024-12-17,4182.99658203125,4283.935662540592,4172.849541691334,4261.756942764887,3225027
2024-12-18,4201.69677734375,4215.3710296160425,4145.404855639226,4166.762056788204,1575404
2024-12-19,4128.29931640625,4217.303454819382,4118.732200834144,4138.059897693995,3015763
2024-12-20,4030.114501953125,4234.698360944804,4012.913040580397,4183.4799645207795,4116989
2024-12-23,4018.517822265625,4075.2448001443836,3976.576815304956,4058.864388641254,2195338
2024-12-24,4039.005615234375,4076.211433199807,4018.5180669842844,4018.5180669842844,1181886
2024-12-26,4028.955322265625,4058.7683903698035,4003.877445728934,4039.0056307056766,1208464
2024-12-27,4024.848388671875,4040.4072804902585,4007.839919451797,4023.0604821695897,858100
2024-12-30,4019.001220703125,4058.1398080559024,3973.774597398072,4011.4636074414875,1527169
2024-12-31,3957.15283203125,4000.785250683389,3896.512181145006,3996.0014568066717,1555429
2025-01-01,3974.209228515625,3995.0346315221805,3948.1166038418583,3956.7657003300233,763161
2025-01-02,4035.381591796875,4042.3878820538416,3959.2306533371666,3981.5056356829614,1720835
2025-01-03,3962.081298828125,4039.440692055234,3954.7369152564975,4039.440692055234,1791953
2025-01-06,3957.345947265625,4010.1587847646483,3929.7072462762812,3967.4929881560497,2085593
2025-01-07,3892.88818359375,4001.171654478945,3876.7012371685046,3976.625573377766,2669054
2025-01-08,3970.29541015625,3987.3038778331784,3882.692718168748,3899.266123917583,2181277
2025-01-09,3903.083740234375,3998.6591122870946,3889.989177677788,3963.144467280376,2392472
2025-01-10,4122.25927734375,4152.555535561777,4029.824664485132,4058.816208833946,7894300
2025-01-13,4146.85400390625,4177.633454859343,4085.295102000063,4102.303569240159,4003771
2025-01-14,4090.755126953125,4168.887435043552,4077.225739296517,4157.3875499089545,3441709
2025-01-15,4106.7490234375,4113.368853824781,4066.0159976679342,4076.211168766914,1653474
2025-01-16,4064.904296875,4149.6564346958185,4050.9403192872737,4116.799350676336,2637705
2025-01-17,4058.999267578125,4094.7248136224653,4035.1332207580326,4094.0357045869464,1761466
2025-01-20,4013.23583984375,4080.158948884836,4003.689468952198,4080.158948884836,1287799
2025-01-21,3971.949951171875,4045.909995207746,3966.192478882806,4030.4586234318854,1971591
2025-01-22,4090.7880859375,4097.2341866812185,3980.1675861797344,3985.8758020500386,2409223
2025-01-23,4079.814697265625,4124.987859977081,4074.499811787622,4102.007467712743,1822998
2025-01-24,4086.60595703125,4111.849744585292,4039.0213862561122,4039.0213862561122,1910099
2025-01-27,4000.786376953125,4090.5425994164957,3977.0680964596336,4037.053026949849,1551782
2025-01-28,3976.329833984375,4037.052887627697,3964.519830412573,4006.3469263960387,2468272
2025-01-29,4034.88720703125,4042.8100387937484,3989.8125558722263,3989.8125558722263,1217089
2025-01-30,4035.13330078125,4064.5107788173946,3994.2413583605,4034.985771856494,1531251
2025-01-31,4047.2880859375,4063.084253880994,4020.568049243695,4044.9261813577104,1492943
2025-02-01,4008.659423828125,4070.4158985162953,3991.7810571349555,4047.878571991142,437172
2025-02-03,4004.23046875,4012.4483582845437,3935.38804374591,3967.078169136254,1265713
2025-02-04,4042.0224609375,4053.6359186488944,4001.6718584472637,4019.042308064253,2547132
2025-02-05,4026.325439453125,4084.2927757507155,4011.4644226409437,4084.2927757507155,1693912
2025-02-06,4018.107666015625,4073.9591411356755,3987.4017048416554,4040.3989516054667,2284536
2025-02-07,3965.602294921875,4025.242909445723,3944.5412178627034,4025.242909445723,1548940
2025-02-10,3973.03271484375,3987.8444754742677,3950.7906859718814,3976.0344720918165,1339511
2025-02-11,3900.794921875,3976.034436359499,3892.380246485599,3954.7763343520787,1810908
2025-02-12,3887.60693359375,3958.0733824566832,3877.765264214856,3908.225423162638,1678002
2025-02-13,3848.240234375,3921.3638855028084,3840.4654117195746,3905.174387520859,2277310
2025-02-14,3872.54931640625,3885.4910153447763,3838.251003000159,3862.855176096314,1681975
2025-02-17,3842.679931640625,3871.7128572350416,3795.144618968299,3795.439917114117,1799806
2025-02-18,3811.875244140625,3862.2645420941762,3803.313040041849,3836.6762023241963,2149879
2025-02-19,3724.186279296875,3813.5977032041283,3708.488624107545,3810.891244071504,4366672
2025-02-20,3719.560546875,3728.024478919244,3691.9055992086073,3701.9440542383145,2888572
2025-02-21,3726.055908203125,3756.5650823062147,3715.230072231061,3716.312751938317,1833931
2025-02-24,3617.40380859375,3703.6166814091953,3611.8923780648593,3683.8840878009846,2508516
2025-02-25,3572.0830078125,3600.0825079673364,3563.9143745152314,3567.6050003776913,4101954
2025-02-27,3555.35205078125,3580.399049402227,3543.6895773387646,3554.5154128372324,3823856
2025-02-28,3428.099365234375,3543.0008511716787,3402.2649840279146,3528.18909122495,7085018
2025-03-03,3437.744384765625,3467.466178358631,3421.1118192809513,3429.8217928275967,4990439
2025-03-04,3476.126953125,3494.7768689297923,3409.449641700051,3418.9960131405514,2797737
2025-03-05,3490.88916015625,3543.3453026207108,3465.1040361000673,3465.1040361000673,2501894
2025-03-06,3544.575927734375,3552.301494441748,3480.1129898813674,3500.681983864865,2786513
2025-03-07,3554.023681640625,3567.6052337579586,3517.8062894194477,3543.0010597320415,2051315
2025-03-10,3532.81494140625,3564.7513524687047,3525.876756343207,3549.3982513065516,1004626
2025-03-11,3518.692138671875,3531.929136072837,3481.6381088995104,3501.666002409517,1995450
2025-03-12,3450.68603515625,3512.7378080263093,3431.642549263105,3508.5550985819973,3174167
2025-03-13,3455.459228515625,3468.4994398886056,3428.9359787214553,3446.847768174978,1693004
2025-03-17,3442.32080078125,3474.5522694033125,3422.293146886519,3433.758596103089,2690906
2025-03-18,3442.32080078125,3442.32080078125,3442.32080078125,3442.32080078125,0
2025-03-19,3441.730224609375,3490.840057701268,3407.9239948703316,3490.840057701268,3051244
2025-03-20,3506.734130859375,3522.2840156560787,3456.394090935439,3456.394090935439,2845192
2025-03-21,3521.44775390625,3558.993625808531,3410.1383791017106,3419.9800483054673,4161925
2025-03-24,3571.492431640625,3591.963151261163,3510.129769454268,3543.000847877303,1834751
2025-03-25,3599.836669921875,3651.259393181643,3580.3993726131584,3587.288541279539,3135390
2025-03-26,3578.234130859375,3622.226344067718,3568.441718073897,3589.9948774821405,1734499
2025-03-27,3593.390380859375,3605.0035991217837,3553.334833368605,3557.616055783924,2528474
2025-03-28,3549.0537109375,3602.9861102885666,3535.0293312665412,3593.193696748786,2051919
2025-04-01,3494.580078125,3527.2543730344664,3469.188522585517,3516.13323836803,2618493
2025-04-02,3487.838134765625,3507.6692413832784,3474.1583113674365,3487.8873911642027,1764313
2025-04-03,3349.267578125,3446.5525748706787,3342.3784096429627,3435.72673868462,4537821
2025-04-04,3247.160400390625,3345.8231390019464,3243.3222453227836,3309.359945032038,5317367
2025-04-07,3222.211669921875,3239.2868213813013,3007.66328685901,3050.917373829733,6623955
2025-04-08,3240.8125,3295.9751054332087,3203.758710556288,3249.768515327564,5557558
2025-04-09,3195.196533203125,3218.225943847207,3161.193516842312,3208.9256141746023,2990265
2025-04-11,3180.335693359375,3246.7177101402076,3155.239434600079,3237.4666363546835,7108961
2025-04-15,3196.770751953125,3261.9225501392634,3187.3228942463625,3261.9225501392634,3512160
2025-04-16,3221.9658203125,3226.197786267431,3177.8750927421893,3196.7710501937127,2384391
2025-04-17,3246.668212890625,3251.293989715387,3167.0492037843464,3194.113794556276,2932346
2025-04-21,3269.0087890625,3300.895699711744,3232.102531239247,3238.0075324909676,2432946
2025-04-22,3261.9228515625,3281.1141071380534,3242.8301087922596,3269.9932127938664,2710498
2025-04-23,3358.961669921875,3366.736492414926,3284.460282754783,3311.7216581561997,3543923
2025-04-24,3347.742431640625,3358.469755408652,3334.062366713585,3347.2503481599792,2252175
2025-04-25,3393.40771484375,3422.7359386245157,3351.0885351052693,3365.8510396652046,2742991
2025-04-28,3388.97900390625,3403.0526398096476,3351.0885750837174,3380.6135845558206,1593296
2025-04-29,3417.51953125,3439.663286312095,3376.086009001543,3400.296610646148,1578332
2025-04-30,3399.017333984375,3454.32746830495,3312.7059408589703,3417.027637154589,2809332
2025-05-02,3376.676513671875,3436.2186090018513,3365.8506781573337,3417.0273551351647,1721761
2025-05-05,3399.608154296875,3449.013290196146,3391.8330907445547,3395.3761880943653,1284443
2025-05-06,3405.217529296875,3418.011699204638,3382.5816902292945,3405.217529296875,1324763
2025-05-07,3390.5537109375,3404.725619138935,3366.4416202686452,3366.4416202686452,1477128
2025-05-08,3394.293212890625,3421.9483996043236,3374.4130890526376,3393.4075587678194,2543591
2025-05-09,3385.82958984375,3391.636078710749,3344.297792808673,3345.1834469493565,2531757
2025-05-12,3563.077880859375,3573.018063028258,3446.7493970179844,3449.505112495261,2228678
2025-05-13,3459.346923828125,3565.6369573340817,3454.918172432044,3563.0780270840673,3062887
2025-05-14,3492.51318359375,3504.618485051228,3453.0482333329505,3465.251807319678,2119499
2025-05-15,3523.218994140625,3543.000844968414,3458.461004249911,3507.57083651873,3548330
2025-05-16,3504.913818359375,3536.997516867453,3489.954528726303,3536.997516867453,1666727
2025-05-19,3463.086669921875,3493.7926303362833,3448.225653046167,3493.7926303362833,2537377
2025-05-20,3442.9111328125,3501.6658490029718,3438.679167064751,3475.8807241395375,2038374
2025-05-21,3469.975830078125,3480.998451703358,3442.911239345345,3452.457610566972,1440153
2025-05-22,3421.9482421875,3442.4189613490807,3396.6552014233635,3439.6632460297133,2034383
2025-05-23,3458.953125,3479.0300338946035,3410.728946312352,3421.9483529990202,1274331
2025-05-26,3481.293701171875,3488.871738416089,3454.524408949068,3465.2517322885897,967470
2025-05-27,3443.304931640625,3483.951075577389,3427.952071065876,3476.0777398133723,2467680
2025-05-28,3442.32080078125,3473.1252753361427,3437.6952640263944,3464.2677725087055,1222933
2025-05-29,3442.71435546875,3476.5696009789913,3431.297923230928,3449.2097128936152,3188072
2025-05-30,3408.563720703125,3451.1781977204464,3398.4269933317396,3434.7426576999464,3404365
2025-06-02,3395.17919921875,3405.217654074579,3364.4732383699834,3395.375984554132,1877585
2025-06-03,3351.28515625,3418.503805107925,3346.6596197695403,3391.439214740725,2848125
2025-06-04,3356.94482421875,3370.746482399833,3346.1221522041255,3364.9875293233777,2544807
2025-06-05,3347.21435546875,3384.8457201630413,3339.8666423105756,3384.8457201630413,3584683
2025-06-06,3360.221435546875,3366.873914676264,3334.9021140402438,3347.2144001409188,2070390
2025-06-09,3397.654296875,3409.668660230926,3366.873944962607,3375.9095645850753,1718678
2025-06-10,3438.36376953125,3461.1016586442274,3398.94510956099,3415.626122829056,2419874
2025-06-11,3447.300048828125,3464.278985186734,3424.6617902310286,3445.4136080819626,2847013
2025-06-12,3409.8671875,3450.080227817185,3398.9451271669373,3447.3000185229757,4060134
2025-06-13,3421.28564453125,3426.0516828925206,3369.157630228437,3369.157630228437,2178493
2025-06-16,3471.527099609375,3484.1370655851665,3401.9236944953027,3415.625963412075,1934088
2025-06-17,3490.392578125,3495.0592280439255,3463.3853507540894,3485.13008250971,2111940
2025-06-18,3426.9453125,3512.9318127961833,3418.7043153471695,3494.1658240448833,2696327
2025-06-19,3399.739501953125,3426.548195455676,3388.817441637271,3425.5552808815073,2672768
2025-06-20,3411.3564453125,3421.8814364277036,3386.732116175425,3400.7323081895083,2351248
2025-06-23,3369.554931640625,3400.732351710977,3346.122051172553,3390.8032061585363,3123421
2025-06-24,3366.37744140625,3417.711318302596,3358.0370560315137,3410.264459071302,3403048
2025-06-25,3420.39208984375,3425.555197020872,3375.909469527816,3383.157794223958,1757699
2025-06-26,3417.413330078125,3426.945164265374,3391.10109463089,3420.392073713661,2879106
2025-06-27,3416.718505859375,3441.8390511551324,3406.689971497181,3430.5199217495656,1778433
2025-06-30,3437.469970703125,3440.3493257651157,3405.696706964679,3415.526463469455,1468351
2025-07-01,3405.39892578125,3460.3071479452915,3389.313758826758,3430.5197119515014,2375183
2025-07-02,3399.044189453125,3465.1721484055424,3395.7675231854428,3462.491327790443,3090585
2025-07-03,3376.703857421875,3410.959409470928,3373.5265793371623,3405.6969138623963,2531870
2025-07-04,3395.5693359375,3402.718272445599,3366.0798213348503,3383.852895387978,1109320
2025-07-07,3387.526611328125,3401.8247266726726,3384.249944744325,3394.0799444957242,1639174
2025-07-08,3382.0654296875,3400.732271367233,3369.3560751984837,3380.873980731512,2325242
2025-07-09,3359.824462890625,3389.8104352475048,3343.1434491735054,3385.838776858228,2034938
2025-07-10,3358.037109375,3374.91665723407,3332.2213302964224,3356.0512802151093,3035012
2025-07-11,3242.859130859375,3311.3702392578125,3237.993946212789,3276.5188393255935,7635550
2025-07-14,3199.86572265625,3248.8164592313483,3177.3266104952063,3242.8589718366698,3924009
2025-07-15,3229.256103515625,3236.3056515140206,3183.2841104563845,3183.2841104563845,2590889
2025-07-16,3221.08642578125,3232.842384321887,3208.632873739526,3215.0089950915135,2540733
2025-07-17,3197.275146484375,3229.9533162828457,3192.194243099011,3212.1199267281463,2947640
2025-07-18,3178.046875,3216.802476353157,3175.157748110912,3213.0165477432356,3432645
2025-07-21,3146.464599609375,3185.718341629892,3140.287686436296,3178.1464846864797,3844346
2025-07-22,3147.859619140625,3168.283445003984,3142.8781981983425,3147.859619140625,3198036
2025-07-23,3167.287109375,3170.1762361812234,3145.866999671073,3147.859568015624,1922875
2025-07-24,3136.302734375,3161.9071902624382,3128.332460590057,3153.339291883696,2934778
2025-07-25,3124.14794921875,3145.169399267611,3113.9858993305074,3128.3322940864455,2568917
2025-07-28,3067.85791015625,3106.4140591000596,3058.4926929668136,3098.443785696339,3374473
2025-07-29,3044.64453125,3062.5776469445354,3029.8994763655814,3048.629668071008,4785312
2025-07-30,3042.25341796875,3057.5960967882907,3035.877053384358,3048.6295393197033,2880121
2025-07-31,3025.515869140625,3048.430405452322,3003.796825207198,3030.3975643658264,2968371
2025-08-01,2991.84130859375,3025.515761579588,2988.8524561376125,3018.64125499041,2053847
2025-08-04,3062.97607421875,3067.957495262713,2980.483936317478,2997.9189099713494,2519252
2025-08-05,3052.51513671875,3066.064699458969,3030.696609505827,3062.9761210710876,1927996
2025-08-06,3021.032470703125,3055.40427380999,3014.75583192388,3051.618345400808,1487081
2025-08-07,3035.677978515625,3040.2609831608825,2999.7120213520734,3004.793168100796,2543076
2025-08-08,3025.1171875,3048.4303832570085,3013.759645138969,3036.7739069952254,2762140
2025-08-11,3029.5009765625,3038.567016640599,3010.073435095005,3025.117180240026,1884215
2025-08-12,3024.120849609375,3084.8941835228848,3015.652434227984,3029.700138212843,3358232
2025-08-13,3024.91796875,3033.087450352522,3017.3463549468943,3024.8184862723915,2148166
2025-08-14,3011.06982421875,3044.544827820162,3007.881763385299,3022.726300858826,3342174
2025-08-18,3000.010986328125,3037.67057838676,2992.2399207869066,3035.179867843642,2945609
2025-08-19,3004.992431640625,3013.7597814697733,2999.911528031773,3000.0110105142285,2650784
2025-08-20,3087.086181640625,3091.868151000454,2999.7118666132724,2999.7118666132724,4952358
2025-08-21,3091.071533203125,3118.3696236696637,3071.6439908192406,3118.3696236696637,3230726
2025-08-22,3042.65185546875,3084.1968567150047,3038.666718788372,3074.5329489117757,1593791
2025-08-25,3128.93017578125,3140.2877180773667,3065.666130699425,3075.8281806328096,3448370
2025-08-26,3145.468505859375,3150.2507187850565,3108.4067813438887,3117.373339366996,5522097
2025-08-28,3082.204345703125,3134.808199509225,3075.0311481917124,3133.313773226287,3116051
2025-08-29,3073.23779296875,3103.425252579535,3065.7656615419933,3081.507000394383,2271789
2025-09-01,3101.0341796875,3119.4654366830314,3078.518060334719,3078.518060334719,1246862
2025-09-02,3099.938232421875,3143.2765943406766,3091.569542586104,3109.5026578628494,2185229
2025-09-03,3085.990234375,3130.2251544847713,3076.5255347054076,3118.2697443758125,1799774
2025-09-04,3084.197021484375,3106.414208311097,3079.3153260834893,3104.421639864457,1481391
2025-09-05,3036.97314453125,3091.868257451282,3017.3463946381216,3085.5918616420554,2802055
2025-09-08,3007.781982421875,3053.5113296442846,3004.7931298391436,3038.666792443431,2626187
2025-09-09,3038.06884765625,3048.6295571410296,3019.538108052908,3020.833326119296,2489301
2025-09-10,3098.44384765625,3111.0966082909868,3042.0540649039185,3045.0429174900823,2079428
2025-09-11,3112.591064453125,3127.336119333051,3098.5436031034214,3127.336119333051,2263446
2025-09-12,3121.7568359375,3137.0000329464906,3109.4030090679694,3132.3175458217547,1447167
2025-09-15,3100.336669921875,3122.3546477883615,3084.4958486128803,3122.3546477883615,1732539
2025-09-16,3134.01123046875,3138.2953012727335,3097.5473738607,3116.377048374956,2573429
2025-09-17,3161.010498046875,3170.5746802441777,3130.7233130051436,3140.287738435889,2418271
2025-09-18,3164.89599609375,3191.0983194206656,3149.652799058944,3173.1652036699406,2633138
2025-09-19,3157.423828125,3168.681888196503,3132.3175150101574,3158.220904129198,4901694
2025-09-22,3062.37841796875,3095.355278998739,3053.6110683753386,3083.499594330073,3634901
2025-09-23,3051.0205078125,3069.252556548476,3040.6592498638747,3058.592364705798,3177741
2025-09-24,3024.120849609375,3045.640684813108,3021.7298649127106,3038.666695675492,1625714
2025-09-25,2946.41064453125,3018.3425546653493,2940.03452327195,3010.7706978406754,4974361
2025-09-26,2888.32763671875,2943.820618304199,2880.5565712711505,2930.07184762513,3934636
2025-09-29,2885.338623046875,2918.4152081680195,2883.2463290392707,2905.164580331207,3110035
2025-09-30,2877.667236328125,2904.467427717032,2874.379692997371,2900.183356935398,2253458
2025-10-01,2903.371337890625,2913.932047598146,2855.9483563860495,2880.257593329001,1952902
2025-10-03,2891.116943359375,2913.134920868619,2880.3572688813597,2913.134920868619,2899519
2025-10-06,2977.295654296875,2982.476526807699,2884.840673623438,2891.2167953135195,2112774
2025-10-07,2962.650146484375,2993.335747140356,2944.517823489207,2983.87104765697,3062943
2025-10-08,3015.951416015625,3031.692754680041,2956.9714413047523,2963.9454305531126,4121889
2025-10-09,3050.3232421875,3054.6073128319636,3008.7782402976286,3022.726218895035,3211304
2025-10-10,3017.04736328125,3058.5923640088854,2995.726736367315,3038.666680855733,8817365
2025-10-13,2996.02587890625,3024.220771178156,2987.059320862895,3015.7523552483212,2866865
2025-10-14,2949.300048828125,3015.9513618688843,2944.5178362112756,3009.774448720779,3611416
2025-10-15,2969.800048828125,2979.699951171875,2951.0,2971.0,4282226
2025-10-16,2970.699951171875,2975.0,2943.10009765625,2969.89990234375,3251495
2025-10-17,2962.199951171875,2988.800048828125,2955.39990234375,2970.0,4374683
2025-10-20,3015.199951171875,3023.0,2978.5,2985.5,3133039
2025-10-21,3006.699951171875,3031.800048828125,2996.0,3031.10009765625,310644
2025-10-23,3073.199951171875,3098.0,3036.10009765625,3055.0,5564758
2025-10-24,3063.199951171875,3090.0,3058.300048828125,3080.0,2684318
2025-10-27,3084.89990234375,3094.199951171875,3060.199951171875,3066.5,1946312
2025-10-28,3057.89990234375,3090.199951171875,3040.199951171875,3076.0,3470737
2025-10-29,3057.60009765625,3076.0,3046.10009765625,3057.89990234375,2895420
2025-10-30,3035.300048828125,3063.800048828125,3032.800048828125,3049.10009765625,2241536
2025-10-31,3058.0,3067.39990234375,3025.10009765625,3035.0,1868085
2025-11-03,3016.800048828125,3058.0,3010.0,3046.89990234375,2194877
2025-11-04,2990.199951171875,3029.300048828125,2976.0,3019.60009765625,2670720
2025-11-05,2990.199951171875,2990.199951171875,2990.199951171875,2990.199951171875,0
2025-11-06,3010.89990234375,3024.0,2990.0,2990.10009765625,2542721
2025-11-07,2991.800048828125,3004.0,2960.5,3001.0,1830520
2025-11-10,3025.199951171875,3047.89990234375,2992.0,2993.0,1556656
2025-11-11,3047.0,3055.699951171875,3018.0,3045.0,2806868
2025-11-12,3131.800048828125,3136.39990234375,3057.10009765625,3060.0,4460315
2025-11-13,3105.699951171875,3131.89990234375,3102.0,3131.800048828125,1740435
2025-11-14,3106.0,3113.10009765625,3077.300048828125,3090.0,2210794
2025-11-17,3102.199951171875,3123.5,3086.60009765625,3106.0,2232853
2025-11-18,3087.10009765625,3105.0,3078.0,3102.0,2548350
2025-11-19,3147.699951171875,3155.0,3083.5,3097.0,3151053
2025-11-20,3144.800048828125,3164.5,3138.10009765625,3148.0,2700767
2025-11-21,3150.60009765625,3170.0,3135.199951171875,3144.800048828125,4177037
2025-11-24,3141.199951171875,3178.89990234375,3131.0,3158.0,6703764
2025-11-25,3119.199951171875,3149.800048828125,3115.0,3145.300048828125,2737920
2025-11-26,3162.89990234375,3178.0,3117.0,3118.800048828125,2508527
2025-11-27,3136.60009765625,3180.0,3125.0,3180.0,2836233
2025-11-28,3137.5,3147.300048828125,3125.0,3140.0,1616690
2025-12-01,3133.39990234375,3154.0,3122.199951171875,3137.89990234375,1747647
2025-12-02,3135.699951171875,3144.0,3120.39990234375,3131.0,2512003
2025-12-03,3180.0,3211.89990234375,3139.0,3140.0,3952112
2025-12-04,3229.199951171875,3250.0,3187.39990234375,3194.0,5025905
2025-12-05,3238.199951171875,3271.60009765625,3222.39990234375,3230.0,5244013
2025-12-08,3236.5,3259.89990234375,3208.60009765625,3243.0,2544725
2025-12-09,3208.300048828125,3233.699951171875,3181.199951171875,3230.0,2734893
2025-12-10,3189.199951171875,3225.0,3178.10009765625,3225.0,1386849
2025-12-11,3191.89990234375,3208.39990234375,3153.10009765625,3205.0,1914362
2025-12-12,3210.39990234375,3211.60009765625,3185.699951171875,3197.699951171875,442879
